
======================================================================
VIDEO VQA BENCHMARK
======================================================================
Model       : InternVL2-1B
HF checkpoint: OpenGVLab/InternVL2-1B
Video range : 901 - 1000
GT root     : results/results
Video root  : videos/900
Output      : benchmarks_results/results/InternVL2-1B
======================================================================

Loading OpenGVLab/InternVL2-1B
[transformers] The tokenizer you are loading from 'OpenGVLab/InternVL2-1B' with an incorrect regex pattern: https://huggingface.co/mistralai/Mistral-Small-3.1-24B-Instruct-2503/discussions/84#69121093e8b480e709447d5e. This will lead to incorrect tokenization. You should set the `fix_mistral_regex=True` flag when loading this tokenizer to fix this issue.
/home2/gagandeep/internvl_env/lib/python3.12/site-packages/timm/models/layers/__init__.py:49: FutureWarning: Importing from timm.models.layers is deprecated, please import via timm.layers
  warnings.warn(f"Importing from {__name__} is deprecated, please import via timm.layers", FutureWarning)
FlashAttention2 is not installed.
Loading weights:   0%|          | 0/637 [00:00<?, ?it/s]Loading weights:  37%|███▋      | 233/637 [00:00<00:00, 2325.03it/s]Loading weights:  84%|████████▎ | 532/637 [00:00<00:00, 2714.04it/s]Loading weights: 100%|██████████| 637/637 [00:00<00:00, 2648.53it/s]
Loaded: OpenGVLab/InternVL2-1B

======================================================================
VIDEO 901
/home2/gagandeep/benchmark/videos/900/901.mp4
Questions: 7
======================================================================

[1/7] Category 1: spatial_ordinal_navigation
Question: Which readable text instances appear between the ONE WAY sign and the CARS CASH sign on the commercial facade?
petrel_client is not installed. If you read data locally instead of from ceph, ignore it.
Prediction: The readable text instances between the ONE WAY sign and the CARS CASH sign on the commercial facade are "ONE WAY" and "CARS CASH," respectively.

Loading BERTScore model...
Loading weights:   0%|          | 0/389 [00:00<?, ?it/s]Loading weights: 100%|██████████| 389/389 [00:00<00:00, 4155.77it/s]
[transformers] [1mRobertaModel LOAD REPORT[0m from: roberta-large
Key                       | Status     | 
--------------------------+------------+-
lm_head.dense.weight      | UNEXPECTED | 
lm_head.bias              | UNEXPECTED | 
lm_head.dense.bias        | UNEXPECTED | 
lm_head.layer_norm.bias   | UNEXPECTED | 
lm_head.layer_norm.weight | UNEXPECTED | 
pooler.dense.bias         | MISSING    | 
pooler.dense.weight       | MISSING    | 

Notes:
- UNEXPECTED:	can be ignored when loading from different task/architecture; not ok if you expect identical arch.
- MISSING:	those params were newly initialized because missing from the checkpoint. Consider training on your downstream task.

[2/7] Category 2: entity_aggregation_semantic_filtering
Question: How many distinct text instances representing phone numbers or parts of phone numbers are visible on the commercial facade and the brick building?
Prediction: Based on the video, there are two distinct instances of text instances representing phone numbers or parts of phone numbers on the commercial facade and the brick building.

[3/7] Category 3: temporal_sequencing_order
Question: What is the order in which the address markers 35-11 and 42-11 are encountered as the vehicle drives forward?
Prediction: The order in which the address markers 35-11 and 42-11 are encountered as the vehicle drives forward is as follows: the first marker is located on the left side of the road, and the second marker is on the right side of the road.

[4/7] Category 4: navigational_reasoning_hazard_awareness
Question: What instructional or regulatory text is visible on the road surface and adjacent sign near the end of the clip?
Prediction: The instructional or regulatory text visible on the road surface and adjacent sign near the end of the clip is not clearly readable in the video. The text is too small and blurred to be discernible from the given perspective.

[5/7] Category 5: semantic_area_inference
Question: What does the mix of text visible between 0.0s and 2.10s suggest about the type of area?
Prediction: The mix of text visible between 0.0s and 2.10s suggests that the area is likely a commercial or industrial zone. The presence of signs and advertisements typically indicates a location where businesses or services are present, which is common in urban areas. The text is not entirely legible, but it appears to be a combination of names, addresses, and possibly other commercial information, which is typical for businesses in a commercial or industrial district.

[6/7] Category 6: cultural_language_inference
Question: Which regional telephone area codes visible in the clip suggest the video was filmed in New York City?
Prediction: The video shows a visible phone number "415" in the clip, which is a regional telephone area code in New York City. This suggests that the video was filmed in New York City.

[7/7] Category 7: entity_tracking_persistence
Question: For what time range is the license plate of the lead vehicle visible in the clip?
Prediction: The license plate of the lead vehicle is visible in the clip for the duration of the 10-second duration shown in the video.

Saved predictions: benchmarks_results/results/InternVL2-1B/VQA_InternVL2-1B_901.json
Saved metrics: benchmarks_results/results/InternVL2-1B/eval_results_901.csv

======================================================================
VIDEO 902
/home2/gagandeep/benchmark/videos/900/902.mp4
Questions: 7
======================================================================

[1/7] Category 1: spatial_ordinal_navigation
Question: What bike route sign, which first appears at 0.3s, is located adjacent to the Northern Blvd sign?
Prediction: The bike route sign, which first appears at 0.3s, is located adjacent to the Northern Blvd sign.

[2/7] Category 2: entity_aggregation_semantic_filtering
Question: How many graffiti tags are visible on the concrete structures as the vehicle ascends the bridge between 6.5s and 6.967s?
Prediction: As the vehicle ascends the bridge between 6.5s and 6.967s, the camera captures graffiti tags on the concrete structures. There are at least three visible graffiti tags, each located at different heights and orientations on the concrete surface.

[3/7] Category 3: temporal_sequencing_order
Question: What is the order in which the signs for Honeywell St Bridge, DO NOT ENTER, and ONE WAY are encountered as the vehicle moves forward?
Prediction: The order in which the signs are encountered is as follows: the first sign is for Honeywell St Bridge, the second sign is for DO NOT ENTER, and the third sign is for ONE WAY.

[4/7] Category 4: navigational_reasoning_hazard_awareness
Question: What regulatory text on the corner, visible at 3.633s, indicates a restriction on entering as the vehicle transitions onto the bridge ramp?
Prediction: The regulatory text visible at 3.633s on the corner indicates a restriction on entering as the vehicle transitions onto the bridge ramp. This text is part of a sign that reads "No entry" and is located on the right side of the road, just before the bridge ramp.

[5/7] Category 5: semantic_area_inference
Question: Based on the presence of route signs, regulatory signs, and a bridge ramp, what kind of driving environment does this clip depict?
Prediction: The driving environment depicted in the clip is one that requires adherence to traffic regulations and safety protocols. The presence of route signs, such as "North Hylan Blvd" and "Honeywell St Bridge," indicates that drivers must follow specific directions and possibly adhere to speed limits and other traffic laws. The regulatory signs, including the "No Parking" sign, suggest that parking is restricted, and drivers must be aware of the presence of vehicles and pedestrians. The bridge ramp indicates that the area is elevated and may be subject to pedestrian and vehicular traffic, necessitating careful navigation to avoid accidents. Overall, the environment is one that requires careful attention

[6/7] Category 6: cultural_language_inference
Question: Which street and bridge name visible on the bike route sign suggests the local geographic setting?
Prediction: The bike route sign visible on the bridge suggests a local geographic setting in New York City. The sign includes the name "Honey St. Bridge" and the route number "1," which is a common format for bike routes in New York City. The presence of the bridge and the specific mention of "Honey St. Bridge" further supports this inference, as these are well-known landmarks in New York City.

[7/7] Category 7: entity_tracking_persistence
Question: At what timestamp does the DO NOT ENTER sign first become visible as the vehicle transitions onto the bridge ramp?
Prediction: The DO NOT ENTER sign first becomes visible as the vehicle transitions onto the bridge ramp at approximately 1:00 seconds into the video.

Saved predictions: benchmarks_results/results/InternVL2-1B/VQA_InternVL2-1B_902.json
Saved metrics: benchmarks_results/results/InternVL2-1B/eval_results_902.csv

======================================================================
VIDEO 903
/home2/gagandeep/benchmark/videos/900/903.mp4
Questions: 7
======================================================================

[1/7] Category 1: spatial_ordinal_navigation
Question: What manufacturer name is located to the left of the license plate 63:816.70. on the rear of the grey bus?
Prediction: The manufacturer name located to the left of the license plate 63:816.70 on the rear of the grey bus is "Suzuki."

[2/7] Category 2: entity_aggregation_semantic_filtering
Question: How many distinct license plates are visible on the transit buses in this clip?
Prediction: In the clip, there are two distinct license plates visible on the transit buses. One plate is on the bus in the foreground, and the other is on the bus in the background.

[3/7] Category 3: temporal_sequencing_order
Question: What is the order in which the license plates of the two Metropoline transit buses are encountered by the camera vehicle?
Prediction: The license plates of the two Metropoline transit buses are encountered in the following order: the first bus has a plate with the number "544" and the second bus has a plate with the number "638167".

[4/7] Category 4: navigational_reasoning_hazard_awareness
Question: Based on the visible text in the scene, are there any explicit driving constraints or speed limits indicated?
Prediction: Yes, there are explicit driving constraints and speed limits indicated in the scene. The bus is marked with a speed limit of 24 km/h, which is a common speed limit in many urban areas. Additionally, the presence of a pedestrian crossing and the fact that the bus is in motion suggest that the speed limit is not strictly enforced, allowing for a safe and regulated driving environment.

[5/7] Category 5: semantic_area_inference
Question: What does the mix of text on the transit buses suggest about the type of driving environment?
Prediction: The mix of text on the transit buses, which includes Hebrew and English, suggests that the driving environment is likely in a region where both languages are spoken, such as Israel. The presence of both languages indicates that the buses are operating in a bilingual area, which is common in countries like Israel where English is widely used alongside Hebrew. This could imply that the buses are either in a city with a significant Jewish population or in a region where English is the primary language, and there is a need for bilingual signage to accommodate both languages.

[6/7] Category 6: cultural_language_inference
Question: Which website link on the grey bus advertisement suggests a specific country of origin or region?
Prediction: The website link on the grey bus advertisement suggests a specific country of origin or region by the text "הגלים" which translates to "Gaza" in Hebrew. This indicates that the advertisement is likely promoting a vehicle from the Gaza region, which is known for its historical significance and conflict with Israel.

[7/7] Category 7: entity_tracking_persistence
Question: At what timestamp range does the white bus identifier 2443 first become revealed to the camera vehicle?
Prediction: The white bus identifier 2443 is first revealed to the camera vehicle at approximately 1:00 PM.

Saved predictions: benchmarks_results/results/InternVL2-1B/VQA_InternVL2-1B_903.json
Saved metrics: benchmarks_results/results/InternVL2-1B/eval_results_903.csv

======================================================================
VIDEO 904
/home2/gagandeep/benchmark/videos/900/904.mp4
Questions: 7
======================================================================

[1/7] Category 1: spatial_ordinal_navigation
Question: What street sign text is located beside the price signboard displaying 299, CASH, and 9/10?
Prediction: The street sign text beside the price signboard displaying "299" and "CASH" is "9/10."

[2/7] Category 2: entity_aggregation_semantic_filtering
Question: How many distinct pieces of text visible in the clip are mounted on the white moving truck?
Prediction: There are two distinct pieces of text visible on the white moving truck in the clip. One reads "BEANS," and the other is partially obscured, but it appears to be a word or phrase that starts with "BEAN."

[3/7] Category 3: temporal_sequencing_order
Question: What is the order in which the moving truck text, the gas station brand, and the cross street sign are encountered?
Prediction: The order of the moving truck text, the gas station brand, and the cross street sign is as follows: the moving truck is on the right side of the road, the gas station brand is on the left side of the road, and the cross street sign is on the left side of the road.

[4/7] Category 4: navigational_reasoning_hazard_awareness
Question: What regulatory text visible at the start of the clip indicates a speed restriction on the roadway?
Prediction: The regulatory text visible at the start of the clip that indicates a speed restriction on the roadway is "SPEED LIMIT 35."

[5/7] Category 5: semantic_area_inference
Question: What type of driving environment does the presence of a gas station, price signboard, and street sign suggest?
Prediction: The presence of a gas station, price signboard, and street sign suggests a commercial driving environment. The gas station is a common feature in urban areas, providing fuel services and amenities to drivers. The price signboard indicates that the area is likely a commercial zone where businesses are located, and the street sign is a standard feature for navigation and traffic control. These elements collectively imply that the scene is set in a city or town where commercial activities are prevalent, and drivers must be prepared for a variety of driving conditions, including those associated with commercial establishments.

[6/7] Category 6: cultural_language_inference
Question: What language is the visible text on the speed limit sign and street sign written in?
Prediction: The visible text on the speed limit sign and street sign is written in the Spanish language.

[7/7] Category 7: entity_tracking_persistence
Question: During what time range does the price board displaying 299, CASH, and 9/10 become clearly visible as the vehicle approaches the intersection?
Prediction: The price board displaying 299, CASH, and 9/10 becomes clearly visible as the vehicle approaches the intersection during the time range of approximately 10 to 15 seconds after the camera's perspective is first captured. This is when the price board is fully visible and the information is clearly displayed to the driver.

Saved predictions: benchmarks_results/results/InternVL2-1B/VQA_InternVL2-1B_904.json
Saved metrics: benchmarks_results/results/InternVL2-1B/eval_results_904.csv

======================================================================
VIDEO 905
/home2/gagandeep/benchmark/videos/900/905.mp4
Questions: 7
======================================================================

[1/7] Category 1: spatial_ordinal_navigation
Question: What readable text is located directly below the BEDROOM sign on the commercial storefront?
Prediction: The readable text located directly below the BEDROOM sign on the commercial storefront is "BEDROOM & OFFICES."

[2/7] Category 2: entity_aggregation_semantic_filtering
Question: How many distinct text instances are mounted on the semi-truck trailer and cab?
Prediction: There are two distinct text instances mounted on the semi-truck trailer and cab.

[3/7] Category 3: temporal_sequencing_order
Question: What is the order in which the text instances Sign-On Bonus, LOGISTICS-010, and myBekins.com are first encountered as the vehicle moves forward?
Prediction: The order in which the text instances "Sign-On Bonus," "LOGISTICS-010," and "myBekins.com" are first encountered as the vehicle moves forward is as follows:

1. "Sign-On Bonus"
2. "LOGISTICS-010"
3. "myBekins.com"

[4/7] Category 4: navigational_reasoning_hazard_awareness
Question: Based on the regulatory sign near the roadside sidewalk, what explicit driving action is required for vehicles in the right lane?
Prediction: The explicit driving action required for vehicles in the right lane is to stop, as indicated by the yellow sign with red text that reads "STOP" and the red arrow pointing to the right. This sign is a common traffic regulation that instructs drivers to come to a complete stop at the intersection to allow for safe stopping and turning.

[5/7] Category 5: semantic_area_inference
Question: What does the mix of text visible between 0.6s and 2.0s suggest about the type of area?
Prediction: The mix of text visible between 0.6s and 2.0s suggests that the area is likely a commercial or mixed-use zone. The presence of a sign that reads "DUGGAN'S" and "MORTUARY" indicates that the area is likely a commercial district, possibly with businesses catering to both residential and commercial needs. The other text, although not entirely legible, seems to be related to the establishment, which could be a restaurant, a shop, or a service provider. The overall layout and the presence of multiple signs and storefronts in the vicinity further support the idea that this is a commercial area

[6/7] Category 6: cultural_language_inference
Question: What language or script is the visible text in this clip written in?
Prediction: The visible text in the clip is written in the Spanish language.

[7/7] Category 7: entity_tracking_persistence
Question: At what timestamp does the website myBekins.com first become legible as the host vehicle passes the semi-truck?
Prediction: The website "myBekins.com" first becomes legible as the host vehicle passes the semi-truck at approximately 1:00 PM.

Saved predictions: benchmarks_results/results/InternVL2-1B/VQA_InternVL2-1B_905.json
Saved metrics: benchmarks_results/results/InternVL2-1B/eval_results_905.csv

======================================================================
VIDEO 906
/home2/gagandeep/benchmark/videos/900/906.mp4
Questions: 7
======================================================================

[1/7] Category 1: spatial_ordinal_navigation
Question: What warning text is located on the vehicle to the left of the black Chevrolet SUV with license plate HPW-2922?
Prediction: The warning text on the vehicle to the left of the black Chevrolet SUV with license plate HPW-2922 is "KEEP BACK."

[2/7] Category 2: entity_aggregation_semantic_filtering
Question: How many distinct text instances are displayed on the parked white box truck?
Prediction: There are two distinct text instances displayed on the parked white box truck.

[3/7] Category 3: temporal_sequencing_order
Question: What is the order in which the ATM sign, the address 43-02 37th ST., and the yellow warning sign are passed by the ego vehicle?
Prediction: The order in which the ATM sign, the address 43-02 37th ST., and the yellow warning sign are passed by the ego vehicle is as follows: the ATM sign is on the left side of the road, the address 43-02 37th ST. is on the right side of the road, and the yellow warning sign is on the right side of the road.

[4/7] Category 4: navigational_reasoning_hazard_awareness
Question: What warning text is posted on a utility pole to indicate a change in traffic conditions ahead?
Prediction: The warning text posted on the utility pole is not clearly visible in the video. Therefore, it is not possible to provide the exact text from the video.

[5/7] Category 5: semantic_area_inference
Question: What does the mix of text visible between 3.0 seconds and 7.0 seconds suggest about the driving environment?
Prediction: The mix of text visible between 3.0 seconds and 7.0 seconds suggests that the driving environment is likely a busy urban area with multiple businesses and services. The presence of a truck with a phone number and a sign for a business indicates that the area is commercial, and the text on the truck could be for advertising or providing contact information for the business. The text on the building in the background, which includes a sign for "DRIVERS WANTED," implies that there is a need for drivers, which is common in urban settings where there is a high demand for transportation services. The text on the truck and the building also

[6/7] Category 6: cultural_language_inference
Question: Which specific text on the brick commercial building's facade suggests the city or region where this clip was filmed?
Prediction: The specific text on the brick commercial building's facade that suggests the city or region where this clip was filmed is "DRIVERS WANTED." This text is located on the building's facade, which is a common practice for businesses to advertise their services or products.

[7/7] Category 7: entity_tracking_persistence
Question: At what timestamp does the ambulance displaying the identifier 592 start moving forward?
Prediction: The ambulance displaying the identifier 592 starts moving forward at the beginning of the video.

Saved predictions: benchmarks_results/results/InternVL2-1B/VQA_InternVL2-1B_906.json
Saved metrics: benchmarks_results/results/InternVL2-1B/eval_results_906.csv

======================================================================
VIDEO 907
/home2/gagandeep/benchmark/videos/900/907.mp4
Questions: 7
======================================================================

[1/7] Category 1: spatial_ordinal_navigation
Question: What text is located directly to the right of the text 25 A on the overhead street sign?
Prediction: The text located directly to the right of the text "25 A" on the overhead street sign is "North Avenue."

[2/7] Category 2: entity_aggregation_semantic_filtering
Question: How many distinct text instances are mounted on the parked white box truck?
Prediction: There are two distinct text instances mounted on the parked white box truck.

[3/7] Category 3: temporal_sequencing_order
Question: What is the chronological order in which the text groups on the brick industrial building's banner are encountered?
Prediction: The text groups on the brick industrial building's banner are encountered in the following chronological order: "DRIVERS WANTED," "OFF ROAD," "TOWING," "REPAIRS," "REPAIRS," "REPAIRS," "REPAIRS," "REPAIRS," "REPAIRS," "REPAIRS," "REPAIRS," "REPAIRS," "REPAIRS," "REPAIRS," "REPAIRS," "REPAIRS," "REPAIRS," "REPAIRS," "REPAIRS," "REPAIRS," "REPAIRS," "REPAIRS,"

[4/7] Category 4: navigational_reasoning_hazard_awareness
Question: What instructional or regulatory text is visible on the sign near the traffic light at the intersection?
Prediction: The sign near the traffic light contains text that is not clearly legible in the video. However, it appears to be a regulatory sign, possibly indicating a speed limit or a warning for pedestrians, as it is placed near the intersection and is commonly found in areas with pedestrian crossings.

[5/7] Category 5: semantic_area_inference
Question: What does the presence of contractor vehicle text and industrial building banners suggest about the driving environment?
Prediction: The presence of the contractor vehicle with the text "CONTRACTORS" and the industrial building banners suggests that the driving environment is likely to be a commercial or industrial area. The text implies that the area may be involved in construction or renovation work, which could indicate that the road is a thoroughfare for commercial vehicles or that it is a route for transporting goods or materials. The banners on the building could be for advertising or indicating the presence of businesses or services in the vicinity. The overall setting implies a functional and possibly busy area with a mix of commercial and industrial activities.

[6/7] Category 6: cultural_language_inference
Question: What city or region is suggested by the area code 718 found on the visible signs?
Prediction: The area code 718 suggests that the location is in the New York metropolitan area, as this code is commonly used in New York City.

[7/7] Category 7: entity_tracking_persistence
Question: For what time range is the phone number 718.786.2505 on the parked white box truck visible?
Prediction: The phone number 718.786.2505 on the parked white box truck is visible in the first frame of the video.

Saved predictions: benchmarks_results/results/InternVL2-1B/VQA_InternVL2-1B_907.json
Saved metrics: benchmarks_results/results/InternVL2-1B/eval_results_907.csv

======================================================================
VIDEO 908
/home2/gagandeep/benchmark/videos/900/908.mp4
Questions: 7
======================================================================

[1/7] Category 1: spatial_ordinal_navigation
Question: What is the spatial position of the covered pedestrian structure marked WALKWAY relative to the Care emblem?
Prediction: The covered pedestrian structure marked WALKWAY is located to the left of the Care emblem, which is situated to the right of the bus. The structure is situated at a distance from the bus, and its position relative to the Care emblem suggests it is a designated area for pedestrians to walk or cross the street.

[2/7] Category 2: entity_aggregation_semantic_filtering
Question: How many distinct pieces of text visible in this clip are mounted on the transit bus?
Prediction: There are two distinct pieces of text visible on the transit bus in the clip. One is the license plate, which reads "710," and the other is the logo of "The Port Authority of New York and New Jersey."

[3/7] Category 3: temporal_sequencing_order
Question: What is the order of appearance of the first three text instances detected on the transit bus?
Prediction: The first three text instances detected on the transit bus are "710," "CARE," and "THE PORT AUTHORITY OF WYLL."

[4/7] Category 4: navigational_reasoning_hazard_awareness
Question: Based on the pavement markings near the green commuter waiting shelters, what driving action is required?
Prediction: The driving action required near the green commuter waiting shelters is to slow down, as indicated by the yellow lines on the pavement. This is a standard safety measure to prevent accidents and ensure the safety of pedestrians and cyclists waiting for the bus.

[5/7] Category 5: semantic_area_inference
Question: What does the presence of transit bus markings and a walkway sign suggest about the driving environment?
Prediction: The presence of transit bus markings and a walkway sign suggests that the driving environment is regulated and organized. The bus is marked with a specific route number and destination, indicating that it is part of a public transportation system. The walkway sign, which is a common feature in urban areas, implies that the area is designed for pedestrian traffic, possibly to manage foot traffic and ensure safety. The combination of these elements suggests that the area is well-maintained and likely frequented by both vehicles and pedestrians, reflecting a well-planned urban transit system.

[6/7] Category 6: cultural_language_inference
Question: Which visible text suggests the geographical region where this clip was recorded?
Prediction: The visible text that suggests the geographical region where this clip was recorded is "THE PORT AUTHORITY OF WYOMING." This text is located on the side of the bus, indicating that the scene is likely set in the United States, specifically in Wyoming.

[7/7] Category 7: entity_tracking_persistence
Question: At what timestamp does the fleet designation number 710 first become clearly detected on the bus?
Prediction: The fleet designation number 710 first becomes clearly detected on the bus at the beginning of the video. This is indicated by the first visible red light on the rear of the bus, which is a common indicator of the bus's status or the time of day.

Saved predictions: benchmarks_results/results/InternVL2-1B/VQA_InternVL2-1B_908.json
Saved metrics: benchmarks_results/results/InternVL2-1B/eval_results_908.csv

======================================================================
VIDEO 909
/home2/gagandeep/benchmark/videos/900/909.mp4
Questions: 7
======================================================================

[1/7] Category 1: spatial_ordinal_navigation
Question: What is the spatial position of the THRU road text relative to the LANE road text?
Prediction: The THRU road text is positioned on the right side of the road, while the LANE road text is on the left side. This arrangement is typical for road signs, where the text is placed to indicate the direction of travel for vehicles on the respective roadways.

[2/7] Category 2: entity_aggregation_semantic_filtering
Question: How many distinct mounted signs are visible in this clip?
Prediction: In the video, there are two distinct mounted signs visible. One is a stop sign, and the other is a road sign indicating a right turn.

[3/7] Category 3: temporal_sequencing_order
Question: What is the chronological order in which the three road text markings are first encountered in the clip?
Prediction: The three road text markings are first encountered in the clip in the following order: "LANE," "THRU," and "STOP."

[4/7] Category 4: navigational_reasoning_hazard_awareness
Question: What explicit driving action is required near the zebra-striped pedestrian crosswalk based on the visible signage?
Prediction: The explicit driving action required near the zebra-striped pedestrian crosswalk is to stop, as indicated by the stop sign in the foreground. This is a standard safety measure to prevent accidents and ensure the safety of pedestrians.

[5/7] Category 5: semantic_area_inference
Question: What kind of driving environment does the mix of waiting structures and road markings suggest?
Prediction: The mix of waiting structures and road markings suggests a busy and possibly congested driving environment. The presence of multiple lanes, the presence of a bus, and the organized arrangement of traffic cones and barriers indicate that this is a busy area with frequent traffic. The road markings, including the white lines and the "LANE THRU" sign, are designed to guide drivers through the area efficiently, which is typical of a busy urban or suburban area where traffic management is crucial.

[6/7] Category 6: cultural_language_inference
Question: What language is used for the road markings and signs in this clip?
Prediction: The road markings and signs in the video are in English.

[7/7] Category 7: entity_tracking_persistence
Question: At what timestamp does the green directional EXIT sign first come into full view?
Prediction: The green directional EXIT sign first comes into full view at the beginning of the video, after the first car has passed through the gate.

Saved predictions: benchmarks_results/results/InternVL2-1B/VQA_InternVL2-1B_909.json
Saved metrics: benchmarks_results/results/InternVL2-1B/eval_results_909.csv

======================================================================
VIDEO 910
/home2/gagandeep/benchmark/videos/900/910.mp4
Questions: 7
======================================================================

[1/7] Category 1: spatial_ordinal_navigation
Question: What text is located directly beneath the sign for Broad St on the overhead gantry?
Prediction: The text located directly beneath the sign for Broad St on the overhead gantry is "Broad St."

[2/7] Category 2: entity_aggregation_semantic_filtering
Question: How many distinct text instances containing numbers are encountered after the vehicle passes the medical office building at 5.100 seconds?
Prediction: After the vehicle passes the medical office building at 5.100 seconds, two distinct text instances containing numbers are encountered: "19" and "19".

[3/7] Category 3: temporal_sequencing_order
Question: What is the order in which the vehicle encounters the text CENTER, Broad St, and Enrite?
Prediction: The vehicle encounters the text "CENTER" first, then "Broad St," and finally "Enrite" at the end of the video.

[4/7] Category 4: navigational_reasoning_hazard_awareness
Question: Based on the text on the overhead gantry, what driving action is indicated for reaching Passaic?
Prediction: The text on the overhead gantry indicates that the driver is to take the exit for Passaic, which is marked with a green arrow pointing to the right. This suggests that the driver is being directed to proceed to the right to reach the exit for Passaic.

[5/7] Category 5: semantic_area_inference
Question: What type of driving environment is suggested by the presence of a large overhead gantry and multiple roadside businesses?
Prediction: The presence of a large overhead gantry and multiple roadside businesses suggests a commercial driving environment. The gantry is likely used for traffic management, such as directing traffic onto the highway or directing vehicles onto the expressway, which is common in urban or suburban areas where commercial traffic is significant. The variety of businesses, including a convenience store, suggests that the area is a hub for both local and possibly long-distance travelers, indicating a mixed-use area that caters to both residents and visitors.

[6/7] Category 6: cultural_language_inference
Question: Which specific city names visible on the overhead highway gantry suggest the geographic region of the route?
Prediction: The specific city names visible on the overhead highway gantry include "Broad St.," "North," "Van Houten Ave," and "Clifton Passaic." These names suggest that the route is in the New Jersey region, as Broad Street is a street in New Jersey, and Van Houten Ave is a street in Newark, New Jersey. The presence of these names indicates that the route is likely in or near Newark, New Jersey.

[7/7] Category 7: entity_tracking_persistence
Question: For what time range does the overhead highway sign displaying Broad St remain visible as the vehicle drives underneath it?
Prediction: The overhead highway sign displaying Broad St remains visible for approximately 10-15 seconds as the vehicle drives underneath it. This duration is indicated by the position of the sign relative to the camera's perspective and the angle at which the vehicle is traveling.

Saved predictions: benchmarks_results/results/InternVL2-1B/VQA_InternVL2-1B_910.json
Saved metrics: benchmarks_results/results/InternVL2-1B/eval_results_910.csv

======================================================================
VIDEO 911
/home2/gagandeep/benchmark/videos/900/911.mp4
Questions: 7
======================================================================

[1/7] Category 1: spatial_ordinal_navigation
Question: What is the spatial position of the storefront displaying Clifton Tile relative to the sports facility operated by SDA?
Prediction: The storefront displaying Clifton Tile is located on the right side of the road, adjacent to the sports facility operated by SDA. The storefront is situated on the right side of the road, and it is directly behind the sports facility.

[2/7] Category 2: entity_aggregation_semantic_filtering
Question: How many distinct text instances containing numbers are visible on the buildings and billboard between House 46 and the parked minivan?
Prediction: Based on the video, there are two distinct instances of text containing numbers on the buildings and billboard between House 46 and the parked minivan. The first instance is on the building to the left of House 46, and the second instance is on the billboard to the right of House 46.

[3/7] Category 3: temporal_sequencing_order
Question: What is the order in which the locations House 46, the building at 1075, and Clifton Tile are encountered between 0.40 and 2.40 seconds?
Prediction: Between 0.40 and 2.40 seconds, the order of the locations House 46, the building at 1075, and Clifton Tile is as follows:

1. House 46
2. Building at 1075
3. Clifton Tile

[4/7] Category 4: navigational_reasoning_hazard_awareness
Question: What text indicates a driving restriction or direction constraint at the driveway located between building 1033 and the entrance way displaying 35-37?
Prediction: The text "35-37" indicates a driving restriction or direction constraint at the driveway located between building 1033 and the entrance way.

[5/7] Category 5: semantic_area_inference
Question: Based on the density of storefronts, tile shops, and commercial billboards, what kind of driving environment does this clip depict?
Prediction: The driving environment depicted in the clip suggests a commercial area with a mix of retail and commercial activity. The presence of multiple storefronts, including one with a large tile shop and another with a commercial billboard, indicates a commercial district where businesses are likely to be located. The variety of storefronts and the presence of billboards suggest that this area is designed to attract customers and provide a variety of services or products. The overall atmosphere appears to be one of a bustling commercial zone, with a focus on retail and possibly some form of service or entertainment, as indicated by the billboards.

[6/7] Category 6: cultural_language_inference
Question: Do any business names visible in the clip suggest a specific regional location or city name?
Prediction: Yes, the business sign on the right side of the road reads "BROOKLYN'S," which suggests that the location is in Brooklyn. This is further supported by the presence of the Brooklyn Bridge in the background, which is a well-known landmark in the city.

[7/7] Category 7: entity_tracking_persistence
Question: At what timestamp does the building at address 1075 first come into view?
Prediction: The building at address 1075 first comes into view at the beginning of the video.

Saved predictions: benchmarks_results/results/InternVL2-1B/VQA_InternVL2-1B_911.json
Saved metrics: benchmarks_results/results/InternVL2-1B/eval_results_911.csv

======================================================================
VIDEO 912
/home2/gagandeep/benchmark/videos/900/912.mp4
Questions: 7
======================================================================

[1/7] Category 1: spatial_ordinal_navigation
Question: What numbers are located directly to the right of the address number 1033 on the low stone retaining wall?
Prediction: The numbers located directly to the right of the address number 1033 on the low stone retaining wall are 35 and 37.

[2/7] Category 2: entity_aggregation_semantic_filtering
Question: How many distinct numeric text instances are displayed on the low stone retaining wall?
Prediction: There are two distinct numeric text instances displayed on the low stone retaining wall.

[3/7] Category 3: temporal_sequencing_order
Question: In what order are the distinct numbers on the stone wall encountered as the vehicle drives forward?
Prediction: The distinct numbers on the stone wall are '1033-35-37'.

[4/7] Category 4: navigational_reasoning_hazard_awareness
Question: Does any visible text on the stone wall or near the dealership indicate a driving constraint or hazard?
Prediction: Based on the video, there is no visible text on the stone wall or near the dealership that indicates a driving constraint or hazard. The wall appears to be a standard, unadorned stone wall, and there are no signs of any warning or cautionary message on it.

[5/7] Category 5: semantic_area_inference
Question: What does the mix of a car dealership and address numbers suggest about the driving environment?
Prediction: The presence of a car dealership sign with an address number suggests that the driving environment is likely to be a commercial area where businesses are located, and the area is used for both personal and commercial vehicles. The address number indicates that the dealership is likely a significant location, possibly serving a large number of customers or visitors. The mix of vehicles and the presence of multiple lanes on the road also imply that the area is designed for both local traffic and possibly commercial traffic, catering to a diverse range of customers.

[6/7] Category 6: cultural_language_inference
Question: What script is used for the address and numbers displayed on the stone wall?
Prediction: The script used for the address and numbers displayed on the stone wall is English.

[7/7] Category 7: entity_tracking_persistence
Question: At what timestamp does the address number 1033 first become visible on the stone wall?
Prediction: The address number 1033 first becomes visible on the stone wall at approximately 10:33.

Saved predictions: benchmarks_results/results/InternVL2-1B/VQA_InternVL2-1B_912.json
Saved metrics: benchmarks_results/results/InternVL2-1B/eval_results_912.csv

======================================================================
VIDEO 913
/home2/gagandeep/benchmark/videos/900/913.mp4
Questions: 7
======================================================================

[1/7] Category 1: spatial_ordinal_navigation
Question: What readable text is located to the right of the orange construction signboard containing the word ROAD?
Prediction: The orange construction signboard containing the word ROAD is located to the right of the signboard with the word "ROAD" written on it.

[2/7] Category 2: entity_aggregation_semantic_filtering
Question: How many distinct pieces of text are displayed on the orange construction signboard mounted on the left side of the ramp?
Prediction: The orange construction signboard mounted on the left side of the ramp displays two distinct pieces of text. One reads "ROAD WORK AHEAD," and the other is not fully visible in the video.

[3/7] Category 3: temporal_sequencing_order
Question: What is the order in which the text on the orange construction signboard is encountered from timestamp 0.0 to 0.5?
Prediction: The text on the orange construction signboard is encountered in the following order from timestamp 0.0 to 0.5:

1. "ROAD WORK AHEAD"
2. "20 MPH"
3. "WORKING"

These texts are part of the construction or maintenance work happening on the bridge.

[4/7] Category 4: navigational_reasoning_hazard_awareness
Question: Does any visible text in the clip indicate a hazard or road condition ahead, and where is it located?
Prediction: Yes, there is a sign on the right side of the road that reads "ROAD WORK AHEAD," which indicates a hazard or road condition ahead. This sign is located on the right side of the road, near the edge of the bridge, and is visible in the clip.

[5/7] Category 5: semantic_area_inference
Question: Based on the visible signs, including construction and speed display signs, what kind of driving environment does this clip depict?
Prediction: The visible signs, such as the construction crane and the speed display sign, suggest that the driving environment is one that requires caution and adherence to traffic regulations. The presence of construction equipment indicates that the area may be undergoing development or maintenance, which could affect the speed limit and the need for careful driving. The speed display sign, which is a common feature in urban areas, also implies that the area is likely to be a busy thoroughfare with a significant amount of traffic. The combination of these elements suggests that the driving environment is one that requires a balance between safety and efficiency, with the potential for both construction work and regular traffic.

[6/7] Category 6: cultural_language_inference
Question: What language is used for the text on the construction signboard and the digital display sign?
Prediction: The text on the construction signboard and the digital display sign is in English.

[7/7] Category 7: entity_tracking_persistence
Question: At what timestamp does the word SPEED first become legible on the digital display sign?
Prediction: The word SPEED first becomes legible on the digital display sign at the beginning of the video.

Saved predictions: benchmarks_results/results/InternVL2-1B/VQA_InternVL2-1B_913.json
Saved metrics: benchmarks_results/results/InternVL2-1B/eval_results_913.csv

======================================================================
VIDEO 914
/home2/gagandeep/benchmark/videos/900/914.mp4
Questions: 7
======================================================================

[1/7] Category 1: spatial_ordinal_navigation
Question: What sign is located directly to the right of the digital YOUR SPEED MPH feedback sign?
Prediction: The sign located directly to the right of the digital YOUR SPEED MPH feedback sign is the "No Parking" sign.

[2/7] Category 2: entity_aggregation_semantic_filtering
Question: How many distinct regulatory or feedback signs are located on the right side of the exit ramp?
Prediction: There are two distinct regulatory or feedback signs located on the right side of the exit ramp. One is a yellow sign with a black arrow indicating a right turn, and the other is a black sign with white text, which is not clearly legible in the video.

[3/7] Category 3: temporal_sequencing_order
Question: In what order does the camera vehicle pass the ONE WAY sign, the digital YOUR SPEED MPH feedback sign, and the ONLY sign?
Prediction: The camera vehicle passes the ONE WAY sign first, then the digital YOUR SPEED MPH feedback sign, and finally the ONLY sign.

[4/7] Category 4: navigational_reasoning_hazard_awareness
Question: Which sign indicates that traffic must flow in a single direction at the start of the ramp?
Prediction: The sign that indicates traffic must flow in a single direction at the start of the ramp is the yellow sign with a black arrow pointing to the right. This sign is located on the right side of the ramp, near the beginning of the path, and is clearly visible to drivers approaching the ramp.

[5/7] Category 5: semantic_area_inference
Question: Based on the exit ramp, elevated structure, and multi-story brick buildings, what kind of driving environment is depicted?
Prediction: The driving environment depicted in the video is one of urban congestion and industrial activity. The presence of the elevated structure, the multi-story brick buildings, and the snow-covered road suggest that the area experiences heavy traffic and is likely located in a city with a significant industrial or commercial presence. The road is narrow and appears to be a main thoroughfare, which is common in urban settings where space is at a premium. The vehicles are moving slowly, indicating that the area is not a heavily trafficked highway but rather a more localized route. The overall scene conveys a sense of a bustling, possibly industrial area with a focus on transportation and urban mobility

[6/7] Category 6: cultural_language_inference
Question: What language is used for the text on the regulatory and feedback signs along the ramp?
Prediction: The text on the regulatory and feedback signs along the ramp is in English.

[7/7] Category 7: entity_tracking_persistence
Question: At what timestamp does the ONLY sign first become visible as the vehicle enters the underpass?
Prediction: The ONLY sign first becomes visible as the vehicle enters the underpass at approximately 1:00 PM.

Saved predictions: benchmarks_results/results/InternVL2-1B/VQA_InternVL2-1B_914.json
Saved metrics: benchmarks_results/results/InternVL2-1B/eval_results_914.csv

======================================================================
VIDEO 915
/home2/gagandeep/benchmark/videos/900/915.mp4
Questions: 7
======================================================================

[1/7] Category 1: spatial_ordinal_navigation
Question: What text is located directly to the right of the ARROWHEAD brand on the red delivery truck?
Prediction: The text located directly to the right of the ARROWHEAD brand on the red delivery truck is "odwalla."

[2/7] Category 2: entity_aggregation_semantic_filtering
Question: How many distinct text instances visible in the clip are mounted on delivery trucks?
Prediction: There are two distinct text instances visible in the clip that are mounted on delivery trucks. One is on the side of the truck, and the other is on the back of the truck.

[3/7] Category 3: temporal_sequencing_order
Question: What is the order in which the text instances TAXI, Odwalla, and ARROWHEAD are encountered as the vehicle moves forward?
Prediction: The text instances encountered in the order from left to right are TAXI, Odwalla, and ARROWHEAD.

[4/7] Category 4: navigational_reasoning_hazard_awareness
Question: What overhead warning signs indicate height clearance limits for vehicles entering the covered underpass?
Prediction: The overhead warning signs indicate height clearance limits for vehicles entering the covered underpass. One sign reads "12 ft 3 in," which suggests that vehicles must be at least 12 feet (3.7 meters) tall to pass through the underpass. Another sign, partially obscured, appears to read "12 ft 4 in," likely indicating a higher clearance limit. These signs are crucial for ensuring that vehicles are not only safe to pass through but also that they do not exceed the height clearance limits, which is essential for safety and compliance with local traffic regulations.

[5/7] Category 5: semantic_area_inference
Question: What does the mix of text and landmarks visible in this clip suggest about the driving environment?
Prediction: The mix of text and landmarks visible in the clip suggests that the driving environment is likely a busy urban area with a mix of commercial and possibly residential zones. The presence of signs and the variety of vehicles indicate a location that is frequented by both locals and visitors, with the commercial signs likely indicating a business district or a shopping area. The mix of text and landmarks also implies that the area is well-connected, with multiple points of interest and services, which is typical of a city's commercial and residential zones.

[6/7] Category 6: cultural_language_inference
Question: What country's measurement system and phone format are indicated by the visible text?
Prediction: The visible text in the image includes "1234" and "1000," which are part of the United Kingdom's telephone format. This format is used in the United Kingdom, Ireland, and some Commonwealth countries.

[7/7] Category 7: entity_tracking_persistence
Question: At what timestamp does the TAXI sign first become visible in the segregated transit lane?
Prediction: The TAXI sign first becomes visible in the segregated transit lane at approximately 1:00 PM, as indicated by the timestamp on the sign.

Saved predictions: benchmarks_results/results/InternVL2-1B/VQA_InternVL2-1B_915.json
Saved metrics: benchmarks_results/results/InternVL2-1B/eval_results_915.csv

======================================================================
VIDEO 916
/home2/gagandeep/benchmark/videos/900/916.mp4
Questions: 7
======================================================================

[1/7] Category 1: spatial_ordinal_navigation
Question: Where is the overhead Terminal sign located relative to the delivery truck?
Prediction: The overhead Terminal sign is located on the right side of the image, just above the entrance to the terminal.

[2/7] Category 2: entity_aggregation_semantic_filtering
Question: How many distinct text instances in this clip are mounted on vehicles?
Prediction: There are two distinct text instances in this clip that are mounted on vehicles.

[3/7] Category 3: temporal_sequencing_order
Question: What is the chronological order of the legible text instances encountered by the vehicle between 2.0 seconds and 5.0 seconds?
Prediction: The vehicle encounters the following legible text instances between 2.0 seconds and 5.0 seconds: "Terminal," "Exit," "Exit 2," "Exit 3," "Exit 4," "Exit 5," "Exit 6," "Exit 7," "Exit 8," "Exit 9," "Exit 10," "Exit 11," "Exit 12," "Exit 13," "Exit 14," "Exit 15," "Exit 16," "Exit 17," "Exit 18," "Exit 19,"

[4/7] Category 4: navigational_reasoning_hazard_awareness
Question: What road markings indicating driving constraints or lane designations are painted on the road surface just before passing the shuttle van?
Prediction: The road markings painted on the road surface just before passing the shuttle van include a dashed line and a solid line, which are commonly used to indicate lane boundaries or to separate different lanes of traffic. There is also a white line that runs parallel to the dashed line, which could be a lane divider or a lane boundary. These markings are essential for guiding drivers and ensuring that they stay within the designated lanes during the transit of the shuttle van.

[5/7] Category 5: semantic_area_inference
Question: What kind of driving environment is suggested by the presence of terminal, bus, and cell phone lot signs?
Prediction: The presence of terminal, bus, and cell phone lot signs suggests a busy and organized driving environment. The terminal area is likely a designated space for passengers to wait for their buses, which is a common feature in airports. The bus indicates that the area is accessible by public transportation, and the cell phone lot suggests that the area is also a place where passengers might use their mobile devices, possibly for checking flight information or making calls. The overall environment appears to be well-maintained and designed to handle the flow of passengers and vehicles efficiently.

[6/7] Category 6: cultural_language_inference
Question: In what language are all the legible signs and road markings written?
Prediction: All the legible signs and road markings in the video are written in English.

[7/7] Category 7: entity_tracking_persistence
Question: At what timestamp does the phone number 1-800-497-4972 first become legible on the delivery truck?
Prediction: The phone number 1-800-497-4972 first becomes legible on the delivery truck at the beginning of the video.

Saved predictions: benchmarks_results/results/InternVL2-1B/VQA_InternVL2-1B_916.json
Saved metrics: benchmarks_results/results/InternVL2-1B/eval_results_916.csv

======================================================================
VIDEO 917
/home2/gagandeep/benchmark/videos/900/917.mp4
Questions: 7
======================================================================

[1/7] Category 1: spatial_ordinal_navigation
Question: Where is the pavement marking showing AXI located relative to the designated taxi lane?
Prediction: The pavement marking showing "AXI" is located on the right side of the lane, adjacent to the taxi lane. It is positioned at the edge of the lane, slightly to the right, and is clearly visible to the driver of the taxi.

[2/7] Category 2: entity_aggregation_semantic_filtering
Question: How many distinct pavement or infrastructure markings are visible on the roadway throughout the entire clip?
Prediction: There are at least four distinct pavement or infrastructure markings visible on the roadway throughout the entire clip. These include a white line on the left side of the road, a dashed line in the center, and a solid white line on the right side. Additionally, there is a yellow line running parallel to the road, and a red line on the left side of the road.

[3/7] Category 3: temporal_sequencing_order
Question: What is the order in which the pavement markings '03', 'AXI', and '06' are encountered by the vehicle?
Prediction: The order of the pavement markings encountered by the vehicle is '03', 'AXI', and '06'.

[4/7] Category 4: navigational_reasoning_hazard_awareness
Question: What text on the pavement designates the lane reserved for specific transport vehicles on the left?
Prediction: The text on the pavement designates the lane reserved for specific transport vehicles on the left as "BUS LANE."

[5/7] Category 5: semantic_area_inference
Question: Based on the presence of taxi lanes, terminal seating, and airline signage, what type of environment is depicted?
Prediction: The environment depicted is a commercial airport terminal, as indicated by the presence of taxi lanes, which are typically used for taxis, and the airline signage, which is common in airports for airline information. The terminal seating and the overall layout suggest a space designed for passengers to wait for their flights, with amenities like seating and possibly retail or dining options. The presence of taxis and the organized layout of the terminal are typical features of a commercial airport environment.

[6/7] Category 6: cultural_language_inference
Question: What language is used for the airline signage and pavement markings in this scene?
Prediction: The language used for the airline signage and pavement markings in this scene is English. The signage is in English, and the pavement markings are also in English, indicating that the location is likely in the United States.

[7/7] Category 7: entity_tracking_persistence
Question: At what timestamp is the pavement marking showing AXI passed by the host vehicle?
Prediction: The timestamp for the pavement marking showing "AXI" passing by the host vehicle is approximately 1:00:00.

Saved predictions: benchmarks_results/results/InternVL2-1B/VQA_InternVL2-1B_917.json
Saved metrics: benchmarks_results/results/InternVL2-1B/eval_results_917.csv

======================================================================
VIDEO 918
/home2/gagandeep/benchmark/videos/900/918.mp4
Questions: 7
======================================================================

[1/7] Category 1: spatial_ordinal_navigation
Question: What specific text is located directly to the right of the highway shield 280 on the overhead gantry?
Prediction: The specific text located directly to the right of the highway shield 280 on the overhead gantry is "John D. Yarber Blvd."

[2/7] Category 2: entity_aggregation_semantic_filtering
Question: How many distinct text instances on the overhead highway gantry contain numbers?
Prediction: The overhead highway gantry in the video contains two distinct instances of the number "1".

[3/7] Category 3: temporal_sequencing_order
Question: What is the order in which the text instances 49A, EXIT, and John Daly Blvd become clearly visible or readable between 4.00 and 5.50 seconds?
Prediction: The text instances 49A, EXIT, and John Daly Blvd become clearly visible or readable between 4.00 and 5.50 seconds.

[4/7] Category 4: navigational_reasoning_hazard_awareness
Question: Based on the overhead gantry signs, what action is implied for a driver wishing to reach John Daly Blvd?
Prediction: The overhead gantry signs indicate that a driver wishing to reach John Daly Blvd can take the left lane, which is labeled "John Daly Blvd." This suggests that the driver is instructed to proceed to the left lane to reach the destination.

[5/7] Category 5: semantic_area_inference
Question: Based on the presence of overhead gantry signs with highway shields and exit numbers, what kind of driving environment is depicted?
Prediction: The presence of overhead gantry signs with highway shields and exit numbers indicates that the driving environment is regulated and organized, likely following a specific traffic flow system. The signs are designed to guide drivers through the highway, with the shields indicating the direction of the highway and the exit numbers providing specific lane assignments. This suggests that the driving environment is structured and possibly regulated, with clear instructions for drivers to follow.

[6/7] Category 6: cultural_language_inference
Question: Which destination name visible on the overhead gantry suggests the vehicle is traveling near a major city in California?
Prediction: The destination name visible on the overhead gantry is "John D. Fasano Blvd." This suggests that the vehicle is traveling near a major city in California, likely San Francisco, as John D. Fasano Boulevard is a well-known street in that area.

[7/7] Category 7: entity_tracking_persistence
Question: At what timestamp does the exit number 49A first become clearly visible on the right panel of the gantry?
Prediction: The exit number 49A first becomes clearly visible on the right panel of the gantry at approximately 1:00 PM.

Saved predictions: benchmarks_results/results/InternVL2-1B/VQA_InternVL2-1B_918.json
Saved metrics: benchmarks_results/results/InternVL2-1B/eval_results_918.csv

======================================================================
VIDEO 919
/home2/gagandeep/benchmark/videos/900/919.mp4
Questions: 7
======================================================================

[1/7] Category 1: spatial_ordinal_navigation
Question: What text is located across the street relative to the overhead crossing sign displaying AHE?
Prediction: The text located across the street relative to the overhead crossing sign displaying AHE is "AHEAD."

[2/7] Category 2: entity_aggregation_semantic_filtering
Question: How many distinct text instances are marked or mounted on the yellow school bus parked along the right curb?
Prediction: There are two distinct instances of text marked or mounted on the yellow school bus parked along the right curb.

[3/7] Category 3: temporal_sequencing_order
Question: What is the chronological order of the first three text instances encountered from the start of the clip up to 3.0 seconds?
Prediction: The first three text instances encountered from the start of the clip up to 3.0 seconds are:

1. "STOP"
2. "STOP"
3. "STOP"

These instances are part of the same sequence, indicating that the driver is following the traffic rules to stop at the intersection.

[4/7] Category 4: navigational_reasoning_hazard_awareness
Question: What regulatory text on the utility post on the right sidewalk constrains parking near the end of the clip?
Prediction: The regulatory text on the utility post on the right sidewalk reads "No Parking."

[5/7] Category 5: semantic_area_inference
Question: What does the mix of text visible between 0.267 seconds and 3.200 seconds suggest about the type of area?
Prediction: The mix of text visible between 0.267 seconds and 3.200 seconds suggests that the area is likely a commercial or business district. This is indicated by the presence of a yellow school bus, which is often associated with educational institutions, and the presence of a yellow school bus, which is commonly used for school transportation. Additionally, the presence of a bus stop sign and the general layout of the street with buildings and trees further supports the idea that this is a commercial or business area.

[6/7] Category 6: cultural_language_inference
Question: What city is suggested by the contact number displayed on the side of the school bus?
Prediction: The contact number displayed on the side of the school bus suggests that the city is likely New York City. This inference is based on the style of the bus, which resembles the model used by the New York City Bus System, and the presence of the number plate, which is a common feature on New York City buses.

[7/7] Category 7: entity_tracking_persistence
Question: For what time range does the regulatory parking sign remain continuously visible in the clip?
Prediction: The regulatory parking sign remains continuously visible in the clip for the duration of the video, from the beginning to the end.

Saved predictions: benchmarks_results/results/InternVL2-1B/VQA_InternVL2-1B_919.json
Saved metrics: benchmarks_results/results/InternVL2-1B/eval_results_919.csv

======================================================================
VIDEO 920
/home2/gagandeep/benchmark/videos/900/920.mp4
Questions: 7
======================================================================

[1/7] Category 1: spatial_ordinal_navigation
Question: What yellow clearance warning text is located directly to the right of the overhead sign containing Terminals?
Prediction: The yellow clearance warning text located directly to the right of the overhead sign containing Terminals is "Airport Exit."

[2/7] Category 2: entity_aggregation_semantic_filtering
Question: How many distinct license plates are visible on vehicles in this clip?
Prediction: In the video, there are multiple vehicles with distinct license plates visible. However, it is not possible to determine the exact number of license plates from the given information.

[3/7] Category 3: temporal_sequencing_order
Question: What is the order of the first three distinct vehicle-mounted text instances encountered on the NYPD cruiser?
Prediction: The first distinct vehicle-mounted text instance encountered on the NYPD cruiser is "Central Terminal," followed by "Arriving Flights" and "Departing Flights."

[4/7] Category 4: navigational_reasoning_hazard_awareness
Question: What warning text on the yellow sign indicates a height restriction for vehicles passing under the gantry?
Prediction: The warning text on the yellow sign indicates a height restriction for vehicles passing under the gantry. It reads "Height restriction 10 ft." This suggests that vehicles must be at least 10 feet tall to pass under the gantry, which is a common safety measure to prevent vehicles from falling off the gantry and potentially causing accidents.

[5/7] Category 5: semantic_area_inference
Question: What type of facility does the mix of overhead and roadside signs indicate the vehicle is approaching?
Prediction: The mix of overhead and roadside signs indicates that the vehicle is approaching a facility that is likely a terminal or a major transit hub. The presence of multiple signs, including directional signs and information boards, suggests that the area is designed to guide travelers through various routes and terminals, which is typical of airports or major transit stations.

[6/7] Category 6: cultural_language_inference
Question: Which city's police department is indicated by the markings on the parked patrol cruiser?
Prediction: The police department indicated by the markings on the parked patrol cruiser is not explicitly named in the video. However, the cruiser's distinctive red and white stripes are a common feature of police vehicles in the United States, and the style of the cruiser suggests it could be from a city known for its police department, such as New York City. Without additional context or distinctive markings that are unique to a specific city, it is not possible to determine the exact city from the video alone.

[7/7] Category 7: entity_tracking_persistence
Question: At what timestamp does the license plate N202894C first become visible in the travel lane?
Prediction: The license plate N202894C first becomes visible in the travel lane at the beginning of the video.

Saved predictions: benchmarks_results/results/InternVL2-1B/VQA_InternVL2-1B_920.json
Saved metrics: benchmarks_results/results/InternVL2-1B/eval_results_920.csv

======================================================================
VIDEO 921
/home2/gagandeep/benchmark/videos/900/921.mp4
Questions: 7
======================================================================

[1/7] Category 1: spatial_ordinal_navigation
Question: What is the spatial position of the MUST EXIT sign relative to the WORK ZONE sign that appears around 0.467 seconds?
Prediction: The MUST EXIT sign is located towards the right side of the road, just before the intersection with the WORK ZONE sign. It is positioned slightly to the right of the center of the road and is positioned above the WORK ZONE sign, which is to the left of the intersection.

[2/7] Category 2: entity_aggregation_semantic_filtering
Question: How many distinct license plates are visible in this video clip?
Prediction: In the video, there are multiple instances where distinct license plates are visible. However, it is difficult to provide an exact count without analyzing each frame individually.

[3/7] Category 3: temporal_sequencing_order
Question: What is the order of signs encountered on the right side of the road between 0.0 and 1.0 seconds?
Prediction: Between 0.0 and 1.0 seconds, the order of signs encountered on the right side of the road is as follows:

1. The first sign is "Terminal."
2. The second sign is "Airport Exit."
3. The third sign is "Exit Only."
4. The fourth sign is "Central Terminal."
5. The fifth sign is "Downtown."
6. The sixth sign is "Downtown."
7. The seventh sign is "Downtown."
8. The eighth sign is "Downtown."
9. The ninth sign is "Downtown."
10. The tenth sign is "Downtown."

[4/7] Category 4: navigational_reasoning_hazard_awareness
Question: What warning sign is located beside the construction flagger holding the STOP paddle near the end of the clip?
Prediction: The warning sign beside the construction flagger is a yellow sign with black text that reads "No Parking."

[5/7] Category 5: semantic_area_inference
Question: What type of area does the mix of airport terminal, parking, and exit signs suggest?
Prediction: The mix of airport terminal, parking, and exit signs suggests a busy and multifaceted area, likely a major transportation hub. The presence of multiple signs indicates that the area is designed to manage various aspects of traffic flow, including the movement of vehicles, the parking of vehicles, and the exit for passengers. This type of infrastructure is typical of airports, where the flow of traffic and the need for efficient movement are critical.

[6/7] Category 6: cultural_language_inference
Question: What language is used on the signs such as ROAD WORK AHEAD and MUST EXIT?
Prediction: The signs in the video use both English and Chinese languages. The signs are written in both English and Chinese characters.

[7/7] Category 7: entity_tracking_persistence
Question: For what time range is the RAMP speed limit sign visible in the clip?
Prediction: The RAMP speed limit sign is visible in the clip from the second to the third second.

Saved predictions: benchmarks_results/results/InternVL2-1B/VQA_InternVL2-1B_921.json
Saved metrics: benchmarks_results/results/InternVL2-1B/eval_results_921.csv

======================================================================
VIDEO 922
/home2/gagandeep/benchmark/videos/900/922.mp4
Questions: 7
======================================================================

[1/7] Category 1: spatial_ordinal_navigation
Question: What lane indicator is visible overhead at 0.0 seconds to the right of the Airport Exit sign?
Prediction: The lane indicator visible overhead at 0.0 seconds to the right of the Airport Exit sign is not explicitly described in the provided information. However, based on the context of the video, it can be inferred that the lane indicator is likely to be a standard traffic sign that indicates the direction of the highway or road ahead.

[2/7] Category 2: entity_aggregation_semantic_filtering
Question: How many distinct street, regulatory, or warning text elements are visible in this clip?
Prediction: In this clip, there are three distinct street, regulatory, or warning text elements visible. These include the "STOP" sign, the "Airport Exit" sign, and the "EXIT ONLY" sign.

[3/7] Category 3: temporal_sequencing_order
Question: What is the order of the text elements on the orange warning sign encountered after passing the concrete overpass?
Prediction: The orange warning sign encountered after passing the concrete overpass has the text "STOP" in white capital letters.

[4/7] Category 4: navigational_reasoning_hazard_awareness
Question: What text on the sign held by the construction flagger at 0.0 seconds indicates an immediate driving constraint?
Prediction: The sign held by the construction flagger at 0.0 seconds indicates an immediate driving constraint by displaying the word "STOP" in capital letters.

[5/7] Category 5: semantic_area_inference
Question: Based on the visible signs like Airport Exit and ROAD WORK AHEAD, what kind of driving environment is depicted?
Prediction: The driving environment depicted in the video is one of caution and preparation for road work. The presence of road signs like "Airport Exit" and "ROAD WORK AHEAD" indicates that drivers are being informed of upcoming construction or maintenance activities. The construction barriers and the presence of a red dump truck suggest that there is ongoing work, and the driver must be prepared to slow down, stop, and possibly change lanes to avoid any hazards posed by the construction zone. The overall atmosphere is one of careful navigation through a busy road with a focus on safety and preparedness for the ongoing work.

[6/7] Category 6: cultural_language_inference
Question: What language is used for the text on the overhead and warning signs in this clip?
Prediction: The text on the overhead and warning signs in the video is in English.

[7/7] Category 7: entity_tracking_persistence
Question: During what time range is the STOP sign held by the construction flagger visible and legible?
Prediction: The STOP sign is held by the construction flagger visible and legible during the daytime hours of the construction work. It is visible and legible in the first two frames of the video, where the flagger is seen holding the sign in a way that suggests it is ready to be used.

Saved predictions: benchmarks_results/results/InternVL2-1B/VQA_InternVL2-1B_922.json
Saved metrics: benchmarks_results/results/InternVL2-1B/eval_results_922.csv

======================================================================
VIDEO 923
/home2/gagandeep/benchmark/videos/900/923.mp4
Questions: 7
======================================================================

[1/7] Category 1: spatial_ordinal_navigation
Question: What destination text is located directly below the route name Van Wyck Expwy on the overhead gantry?
Prediction: The destination text located directly below the route name Van Wyck Expwy on the overhead gantry is "Kennedy Airport."

[2/7] Category 2: entity_aggregation_semantic_filtering
Question: How many distinct text instances are visible on the overhead highway gantry signs at the start of the clip?
Prediction: At the start of the clip, there are two distinct text instances visible on the overhead highway gantry signs.

[3/7] Category 3: temporal_sequencing_order
Question: In what order are the overhead sign Kennedy Airport and the taxi license plate T642185C encountered as legible text in the clip?
Prediction: The overhead sign "Kennedy Airport" and the taxi license plate "T642185C" are encountered in the order "Kennedy Airport" and "T642185C" respectively.

[4/7] Category 4: navigational_reasoning_hazard_awareness
Question: Based on the indicators below the Exit 6 sign, what explicit driving constraint is implied for that lane?
Prediction: The explicit driving constraint implied for that lane is that vehicles must not exceed 60 mph. This is indicated by the sign below the exit number, which states "60 MPH" and "EXIT ONLY." This suggests that the lane is designed to prevent vehicles from exceeding the speed limit, which is a common safety measure to ensure that drivers are not operating at a speed that could lead to accidents or congestion.

[5/7] Category 5: semantic_area_inference
Question: What type of driving environment is depicted in this clip based on the overhead signs and road layout?
Prediction: The driving environment depicted in this clip is a typical urban highway with a focus on traffic management. The overhead signs indicate that the road is part of a major highway system, and the road layout, with multiple lanes and a median, suggests a well-organized traffic flow. The presence of multiple lanes and the fact that the vehicles are in motion, as indicated by the motion blur, implies that the road is designed for high-speed travel, which is common in urban highways. The overhead signs are crucial for directing traffic, ensuring that drivers can navigate the highway safely and efficiently.

[6/7] Category 6: cultural_language_inference
Question: Which specific destination and route names visible on the overhead gantry suggest this clip is filmed in the New York City area?
Prediction: The specific destination and route names visible on the overhead gantry include "Van Wyck Expwy Kennedy Airport," "Hillside Ave Jamaica Ave," and "Exit 6." These names suggest that the clip is filmed in the New York City area, as they are commonly used to direct traffic to various destinations within the city.

[7/7] Category 7: entity_tracking_persistence
Question: At what timestamp does the license plate T642185C on the lime-green taxi first become readable?
Prediction: The license plate T642185C on the lime-green taxi first becomes readable at the beginning of the video, just before the green taxi starts moving.

Saved predictions: benchmarks_results/results/InternVL2-1B/VQA_InternVL2-1B_923.json
Saved metrics: benchmarks_results/results/InternVL2-1B/eval_results_923.csv

======================================================================
VIDEO 924
/home2/gagandeep/benchmark/videos/900/924.mp4
Questions: 7
======================================================================

[1/7] Category 1: spatial_ordinal_navigation
Question: What readable text is located to the left of the B C D Terminals RIGHT LANE sign on the overhead gantry?
Prediction: The text to the left of the B C D Terminals RIGHT LANE sign on the overhead gantry is "B C D Terminals."

[2/7] Category 2: entity_aggregation_semantic_filtering
Question: How many distinct text instances are visible on the green overhead exit sign located on the left side of the roadway?
Prediction: There are two distinct text instances visible on the green overhead exit sign located on the left side of the roadway. The first instance is "EXIT 11," and the second instance is "EXIT 11."

[3/7] Category 3: temporal_sequencing_order
Question: What is the order in which the text on the overhead gantry, the roadside infrastructure, and the green exit sign are first encountered as the vehicle moves forward?
Prediction: The text on the overhead gantry is first encountered as the vehicle moves forward, followed by the roadside infrastructure, and then the green exit sign.

[4/7] Category 4: navigational_reasoning_hazard_awareness
Question: What directional or instructional text is displayed on the large overhead gantry above the multi-lane roadway?
Prediction: The large overhead gantry above the multi-lane roadway displays text that reads "NEW YORK CITY AIRPORT." This text is likely indicating the location of the airport and providing directional information to drivers.

[5/7] Category 5: semantic_area_inference
Question: Based on the visible signs indicating terminals and parking, what type of facility is this roadway accessing?
Prediction: The roadway is accessing a terminal, as indicated by the large blue structure with a blue roof and the signage that reads "Terminal 4." This suggests that the facility is a transportation hub, likely a major airport or a major transit point, where passengers and cargo are transported to and from the terminal.

[6/7] Category 6: cultural_language_inference
Question: In what language and script is the text on the overhead gantry and exit signs written?
Prediction: The text on the overhead gantry and exit signs is written in English.

[7/7] Category 7: entity_tracking_persistence
Question: At what timestamp does the text B C D first become visible, and when does the full layout of that gantry sign become readable?
Prediction: The text B C D first becomes visible at the beginning of the video, appearing on the left side of the road. The full layout of the gantry sign becomes readable as the camera moves forward, allowing a clearer view of the entire structure.

Saved predictions: benchmarks_results/results/InternVL2-1B/VQA_InternVL2-1B_924.json
Saved metrics: benchmarks_results/results/InternVL2-1B/eval_results_924.csv

======================================================================
VIDEO 925
/home2/gagandeep/benchmark/videos/900/925.mp4
Questions: 7
======================================================================

[1/7] Category 1: spatial_ordinal_navigation
Question: What is the spatial position of the word Eastern relative to the word EAST on the overhead gantry?
Prediction: The word "EAST" is located on the left side of the overhead gantry, while the word "EUI" is on the right side. The word "EAST" is positioned to the right of the word "EUI," indicating that it is the word that is to the right of "EUI" on the overhead gantry.

[2/7] Category 2: entity_aggregation_semantic_filtering
Question: How many distinct text instances are located on the overhead steel gantry?
Prediction: There are three distinct text instances on the overhead steel gantry.

[3/7] Category 3: temporal_sequencing_order
Question: What sign is encountered on the right side of the road immediately after the vehicle passes the roadside sign displaying Grand Central Pkwy on the left?
Prediction: After passing the roadside sign displaying Grand Central Pkwy on the left, the vehicle encounters a construction site on the right side of the road.

[4/7] Category 4: navigational_reasoning_hazard_awareness
Question: Which direction is indicated for Triboro Br on the roadside sign passed at 0.0s?
Prediction: The roadside sign indicates that Triboro Br is on the right side of the road.

[5/7] Category 5: semantic_area_inference
Question: Based on the presence of signs like Grand Central Pkwy and Terminals, what type of driving environment is depicted?
Prediction: The presence of signs like Grand Central Pkwy and Terminals indicates that the driving environment is likely a commercial or business area, where traffic is regulated and monitored for safety and efficiency. The signs are designed to guide drivers through the complex network of roads and highways, ensuring that traffic flows smoothly and safely. This environment is typically found in urban or suburban areas where there is a need for structured traffic management to accommodate the flow of commercial vehicles and pedestrians.

[6/7] Category 6: cultural_language_inference
Question: What airline brand is visible on the terminal building at 9.933s?
Prediction: The video does not provide any information about the airline brand visible on the terminal building at 9.933s.

[7/7] Category 7: entity_tracking_persistence
Question: At what timestamp does the license plate AJC-1541 first become clearly visible on the grey sedan?
Prediction: The license plate AJC-1541 first becomes clearly visible on the grey sedan in the second second of the video.

Saved predictions: benchmarks_results/results/InternVL2-1B/VQA_InternVL2-1B_925.json
Saved metrics: benchmarks_results/results/InternVL2-1B/eval_results_925.csv

======================================================================
VIDEO 926
/home2/gagandeep/benchmark/videos/900/926.mp4
Questions: 7
======================================================================

[1/7] Category 1: spatial_ordinal_navigation
Question: What is the spatial position of the safety sign marked with AMER relative to the vehicle with license plate T679966C?
Prediction: The safety sign marked with AMER is located to the right of the vehicle with license plate T679966C. It is positioned at a distance that allows for visibility from the vehicle's perspective, indicating that it is not directly in front of the vehicle but rather to the right.

[2/7] Category 2: entity_aggregation_semantic_filtering
Question: How many distinct text instances belong to the highway direction sign pointing toward the wait area?
Prediction: Based on the given video, there are two distinct text instances that belong to the highway direction sign pointing toward the wait area. These instances are the sign that reads "Exit 4" and the sign that reads "Exit 4."

[3/7] Category 3: temporal_sequencing_order
Question: What is the order in which the airport facility sign, the highway direction sign, and the license plate are encountered between 0.9 and 5.0 seconds?
Prediction: Between 0.9 and 5.0 seconds, the order of the airport facility sign, highway direction sign, and license plate encountered is as follows:

1. Airport facility sign: The sign is seen on the left side of the highway, indicating directions and facilities.
2. Highway direction sign: The sign is seen on the right side of the highway, indicating directions and directions.
3. License plate: The license plate is seen on the rightmost car in the lane, indicating the vehicle's registration.

[4/7] Category 4: navigational_reasoning_hazard_awareness
Question: Does any visible text in the clip indicate a hazard, warning, or driving constraint? If so, what does it say and where is it located?
Prediction: Yes, there is visible text in the clip that indicates a hazard or driving constraint. It is located on a green sign located on the right side of the road, near the highway. The text on the sign reads "No Parking," which is a warning to drivers to avoid parking in that area.

[5/7] Category 5: semantic_area_inference
Question: Based on the visible text mentioning airlines and long term wait area, what type of driving environment is depicted?
Prediction: The visible text mentioning airlines and a long-term wait area suggests that the driving environment depicted is a commercial airport. The presence of a long-term wait area indicates that the airport is likely a hub for long-haul flights, where passengers can wait for their flights. The infrastructure, including the construction barriers and the construction crane, also supports the idea that this is a busy, operational airport.

[6/7] Category 6: cultural_language_inference
Question: What language or script is the visible text on the airport hangar and highway direction sign written in?
Prediction: The visible text on the airport hangar and highway direction sign is written in English, specifically "Airport" and "Exit 4." The script appears to be a mix of English and possibly other languages, but the exact language cannot be determined from the image alone.

[7/7] Category 7: entity_tracking_persistence
Question: At what timestamp does the license plate on the gold lead SUV become clearly visible?
Prediction: The license plate on the gold lead SUV becomes clearly visible at the beginning of the video, just before the SUV is seen driving down the highway.

Saved predictions: benchmarks_results/results/InternVL2-1B/VQA_InternVL2-1B_926.json
Saved metrics: benchmarks_results/results/InternVL2-1B/eval_results_926.csv

======================================================================
VIDEO 927
/home2/gagandeep/benchmark/videos/900/927.mp4
Questions: 7
======================================================================

[1/7] Category 1: spatial_ordinal_navigation
Question: What is the spatial position of the text New Jersey relative to the G W Bridge text?
Prediction: The text "New Jersey" is located towards the top left of the image, while the "G W Bridge" is positioned towards the bottom right.

[2/7] Category 2: entity_aggregation_semantic_filtering
Question: How many distinct text instances are displayed on the overhead gantry signs in this clip?
Prediction: There are three distinct text instances displayed on the overhead gantry signs in this clip.

[3/7] Category 3: temporal_sequencing_order
Question: What is the order of visibility for the texts NORTH and New Jersey as the vehicle drives?
Prediction: The order of visibility for the texts NORTH and New Jersey as the vehicle drives is as follows: the first text is on the left side of the road, and the second text is on the right side of the road.

[4/7] Category 4: navigational_reasoning_hazard_awareness
Question: What specific text on the overhead gantry indicates driving restrictions or instructions for trucks?
Prediction: The specific text on the overhead gantry that indicates driving restrictions or instructions for trucks is not entirely visible in the video. However, it is clear that the text is green and contrasts with the dark background, making it legible. It appears to be a sign with a warning or advisory related to traffic or road conditions, but the exact wording is not discernible from the video.

[5/7] Category 5: semantic_area_inference
Question: What does the density and type of overhead text suggest about the driving environment?
Prediction: The density and type of overhead text, which includes directional signs and road names, suggest that the driving environment is a busy highway with frequent directional guidance. The presence of multiple signs indicates that drivers need to be aware of multiple routes and exits, which is typical in a high-traffic area. The text is clear and legible, which is essential for drivers to navigate the highway safely and efficiently. The use of green and white colors for the text also implies a standard traffic management system designed to be easily readable and to provide clear information to drivers.

[6/7] Category 6: cultural_language_inference
Question: Which metropolitan area is suggested by the visible overhead signs, and what text supports this?
Prediction: The metropolitan area suggested by the visible overhead signs is New York City. This is supported by the text on the signs, which includes "New York" and "New Jersey," indicating the location of the highway. Additionally, the presence of the "New York" sign on the right side of the highway further confirms the location.

[7/7] Category 7: entity_tracking_persistence
Question: At what timestamp do the texts New Jersey, LOWER LEVEL, NO TRUCKS, and ALL TRUCKS TO NJ first become legible?
Prediction: The texts "New Jersey," "LOWER LEVEL," "NO TRUCKS," and "ALL TRUCKS TO NJ" become legible at the timestamp of 1:00.

Saved predictions: benchmarks_results/results/InternVL2-1B/VQA_InternVL2-1B_927.json
Saved metrics: benchmarks_results/results/InternVL2-1B/eval_results_927.csv

======================================================================
VIDEO 928
/home2/gagandeep/benchmark/videos/900/928.mp4
Questions: 7
======================================================================

[1/7] Category 1: spatial_ordinal_navigation
Question: What sign is located directly to the right of the guide sign indicating Bron EXPWY?
Prediction: The sign located directly to the right of the guide sign indicating Bron EXPWY is a green sign with white lettering.

[2/7] Category 2: entity_aggregation_semantic_filtering
Question: How many distinct text instances containing numbers are visible in this clip?
Prediction: There are two distinct instances of the text "100" containing numbers in the clip.

[3/7] Category 3: temporal_sequencing_order
Question: What is the order in which the roadside marker, the speed limit sign, and the Bron EXPWY guide sign are first encountered?
Prediction: The roadside marker is first encountered at the beginning of the video, followed by the speed limit sign and then the Bron EXPWY guide sign.

[4/7] Category 4: navigational_reasoning_hazard_awareness
Question: What warning text is displayed on the overhead structure to indicate a height restriction?
Prediction: The overhead structure displays a warning text that reads "Height restriction 10 ft."

[5/7] Category 5: semantic_area_inference
Question: Based on the presence of guide signs, speed limits, and clearance warnings, what type of driving environment is depicted?
Prediction: The driving environment depicted is one of caution and regulation. The presence of speed limits, such as "25" and "30," and the "C" and "D" signs indicate that the drivers are expected to adhere to specific speed limits and possibly to follow specific lane assignments. The clearance warnings and the "C" and "D" signs suggest that the drivers are required to maintain a certain distance from the edge of the road, which is a common safety measure to prevent accidents. The overall environment is one of regulated traffic, with drivers being mindful of speed and distance from the road's edge.

[6/7] Category 6: cultural_language_inference
Question: What region or city is suggested by the guide sign indicating Bron EXPWY?
Prediction: The guide sign indicating Bron EXPWY suggests that the region or city is likely New York, as "Bron" is a common abbreviation for New York City.

[7/7] Category 7: entity_tracking_persistence
Question: At what timestamp does the license plate on the vehicle directly ahead become clearly readable?
Prediction: The license plate on the vehicle directly ahead becomes clearly readable at the timestamp of 1:00.

Saved predictions: benchmarks_results/results/InternVL2-1B/VQA_InternVL2-1B_928.json
Saved metrics: benchmarks_results/results/InternVL2-1B/eval_results_928.csv

======================================================================
VIDEO 929
/home2/gagandeep/benchmark/videos/900/929.mp4
Questions: 7
======================================================================

[1/7] Category 1: spatial_ordinal_navigation
Question: What is the spatial position of the signboard displaying Gabinst relative to the signboard displaying Natural?
Prediction: The signboard displaying "Gabinst" is located on the right side of the road, while the signboard displaying "Natural" is on the left side of the road. The signboard displaying "Gabinst" is positioned further down the road, closer to the center of the image, while the signboard displaying "Natural" is located further back on the right side of the road.

[2/7] Category 2: entity_aggregation_semantic_filtering
Question: How many distinct pieces of text belonging to storefront or real estate signboards are visible in this clip?
Prediction: Based on the given information, there are multiple distinct pieces of text visible on the storefront or real estate signboards. These include a yellow sign with black text, a blue sign with white text, and a red sign with white text.

[3/7] Category 3: temporal_sequencing_order
Question: What is the order in which the signboards displaying TILE, Gabinst, and KAPLON are encountered by the vehicle?
Prediction: The order in which the signboards displaying TILE, Gabinst, and KAPLON are encountered by the vehicle is as follows: the first signboard is on the left side of the road, displaying TILE, followed by the second signboard on the right side, which displays Gabinst, and finally, the third signboard on the far right, displaying KAPLON.

[4/7] Category 4: navigational_reasoning_hazard_awareness
Question: Does any visible text in the clip indicate a hazard, warning, or driving constraint?
Prediction: Yes, there is a sign on the wall of the building that reads "PARKING," indicating a parking restriction. This suggests that the area is not a designated parking zone and drivers must adhere to parking regulations.

[5/7] Category 5: semantic_area_inference
Question: What does the mix of storefront signboards and real estate signs suggest about this driving environment?
Prediction: The mix of storefront signboards and real estate signs suggests that this driving environment is a commercial area with a mix of businesses and real estate. The presence of multiple signs indicates that the area is likely to attract a variety of customers and businesses, which could include retail stores, restaurants, and possibly real estate companies. The variety of signs also implies that the area is a hub of activity, with different types of businesses and services catering to the needs of the local community.

[6/7] Category 6: cultural_language_inference
Question: What regional convention is suggested by the phone number format containing the area code (718)?
Prediction: The regional convention suggested by the phone number format containing the area code (718) is that of New York City. This is indicated by the use of the "718" prefix, which is a common format for New York City's phone numbers.

[7/7] Category 7: entity_tracking_persistence
Question: At what timestamp does the real estate sign displaying KAPLON first align with the camera, and when does the vehicle pass the area code (718)?
Prediction: The real estate sign displaying KAPLON first aligns with the camera at approximately 1:00 PM, as indicated by the timestamp on the sign. The vehicle passes the area code (718) at approximately 1:00 PM, as seen in the timestamp on the rearview mirror.

Saved predictions: benchmarks_results/results/InternVL2-1B/VQA_InternVL2-1B_929.json
Saved metrics: benchmarks_results/results/InternVL2-1B/eval_results_929.csv

======================================================================
VIDEO 930
/home2/gagandeep/benchmark/videos/900/930.mp4
Questions: 7
======================================================================

[1/7] Category 1: spatial_ordinal_navigation
Question: Which storefront text, passed by the vehicle before 3.9 seconds, is located between the party hall and the deli grocery?
Prediction: The storefront text, which is located between the party hall and the deli grocery, is the "LONG KING" store.

[2/7] Category 2: entity_aggregation_semantic_filtering
Question: How many distinct storefront or sign text instances are passed by the vehicle between 3.9 and 5.6 seconds?
Prediction: Between 3.9 and 5.6 seconds, the vehicle passes by two distinct storefront or sign text instances. The first is a yellow sign with black lettering on the left side of the frame, and the second is a red sign with white lettering on the right side of the frame.

[3/7] Category 3: temporal_sequencing_order
Question: What sign text is encountered immediately after the vehicle passes the sign for The Best?
Prediction: After passing the sign for "The Best," the vehicle encounters a sign for "The Best Restaurant."

[4/7] Category 4: navigational_reasoning_hazard_awareness
Question: What driving constraints, hazards, or speed limits are indicated by the visible text in this clip?
Prediction: The visible text in the clip includes "LONG KING" and "Deli Grocery," which are both establishments that may have speed limits or other driving constraints. The presence of these signs suggests that the area is regulated by traffic laws, possibly requiring vehicles to adhere to specific speed limits or to follow certain driving guidelines. The text on the signs is not legible, so the exact speed limits or speed limits cannot be determined from the image alone. However, the presence of these signs indicates that the area is likely a commercial or residential zone where traffic regulations are in place.

[5/7] Category 5: semantic_area_inference
Question: Based on the density and type of storefront signs visible throughout the clip, what kind of driving environment is depicted?
Prediction: The driving environment depicted in the video is likely to be a busy urban street with a mix of commercial and residential areas. The presence of various storefronts, including a restaurant, a grocery store, and a convenience store, suggests a commercial area with a mix of businesses catering to different needs. The variety of storefronts and the presence of pedestrians and vehicles indicate a bustling, possibly pedestrian-friendly street. The street is not overly crowded, which could imply a less congested area, but the density of the street and the variety of businesses suggest a moderately busy urban setting.

[6/7] Category 6: cultural_language_inference
Question: What language is used for all the storefront signs encountered by the vehicle?
Prediction: The language used for all the storefront signs encountered by the vehicle is Chinese.

[7/7] Category 7: entity_tracking_persistence
Question: During what time range is the sign for The Best continuously visible to the camera vehicle?
Prediction: The sign for "The Best" is visible to the camera vehicle during the daytime, as indicated by the bright illumination and the clear visibility of the sign against the sky.

Saved predictions: benchmarks_results/results/InternVL2-1B/VQA_InternVL2-1B_930.json
Saved metrics: benchmarks_results/results/InternVL2-1B/eval_results_930.csv

======================================================================
VIDEO 931
/home2/gagandeep/benchmark/videos/900/931.mp4
Questions: 7
======================================================================

[1/7] Category 1: spatial_ordinal_navigation
Question: What text is located between RAY'S TRUCKS and Elizabeth N.J. on the semi-truck?
Prediction: The text located between RAY'S TRUCKS and Elizabeth N.J. on the semi-truck is "miles."

[2/7] Category 2: entity_aggregation_semantic_filtering
Question: How many distinct vehicle-mounted text elements are visible on the semi-truck on the right side of the host vehicle?
Prediction: There are two distinct vehicle-mounted text elements visible on the semi-truck on the right side of the host vehicle. One is a logo, and the other is a web address.

[3/7] Category 3: temporal_sequencing_order
Question: What is the order of appearance of the text elements FUEL CO, milea, and HINO as the host vehicle moves forward?
Prediction: The order of appearance of the text elements FUEL CO, milea, and HINO as the host vehicle moves forward is as follows:

1. FUEL CO: This text is located on the back of the white truck on the right side of the road.
2. milea: This text is located on the back of the white truck on the right side of the road.
3. HINO: This text is located on the back of the white truck on the right side of the road.

[4/7] Category 4: navigational_reasoning_hazard_awareness
Question: Does any visible text in the clip indicate a hazard, warning, or driving constraint?
Prediction: Yes, there is visible text in the clip that indicates a hazard. The text on the side of the white truck reads "MILE 1000," which is a common phrase used to indicate that the driver is nearing the end of a mile. This suggests that the driver may need to slow down or take a break to ensure safe driving.

[5/7] Category 5: semantic_area_inference
Question: Based on the presence of route number 278 and multiple commercial trucks, what type of road is the host vehicle traveling on?
Prediction: The host vehicle is traveling on a multi-lane highway, which is a common feature of major urban and intercity roads. The presence of route number 278 suggests that this highway is part of a larger network of roads that are likely to be used by a variety of vehicles, including commercial trucks. The highway's design, with multiple lanes and a wide shoulder, indicates that it is intended for heavy traffic and possibly for commercial or industrial use. The road's condition, with visible wear and tear, suggests that it is a well-used route, possibly serving as a major thoroughfare for both local and long-distance traffic.

[6/7] Category 6: cultural_language_inference
Question: Which specific text on the semi-truck suggests the vehicle is associated with a city in New Jersey?
Prediction: The specific text on the semi-truck that suggests it is associated with a city in New Jersey is "MILE 400" on the side of the truck. This text is part of a larger logo that includes a stylized "M" and the word "MILE," which is a common abbreviation for miles and kilometers, indicating that the truck is likely used for long-distance travel or delivery services.

[7/7] Category 7: entity_tracking_persistence
Question: During which time range do the text elements FUEL CO and S J first become visible on the semi-truck?
Prediction: The text elements FUEL CO and S J first become visible on the semi-truck in the middle of the video.

Saved predictions: benchmarks_results/results/InternVL2-1B/VQA_InternVL2-1B_931.json
Saved metrics: benchmarks_results/results/InternVL2-1B/eval_results_931.csv

======================================================================
VIDEO 932
/home2/gagandeep/benchmark/videos/900/932.mp4
Questions: 7
======================================================================

[1/7] Category 1: spatial_ordinal_navigation
Question: What business name is located adjacent to the storefront of COAST FOR GOLD on the right side of the street?
Prediction: The business name located adjacent to the storefront of COAST FOR GOLD on the right side of the street is "COAST FOR GOLD."

[2/7] Category 2: entity_aggregation_semantic_filtering
Question: How many distinct text instances are visible on the regulatory sign post to the right of the lane marking?
Prediction: There are two distinct text instances visible on the regulatory sign post to the right of the lane marking.

[3/7] Category 3: temporal_sequencing_order
Question: What is the order of appearance of the text instances ONLY, BUSES ONLY, and SCHOOL BUS in the clip?
Prediction: In the clip, the order of appearance of the text instances ONLY, BUSES ONLY, and SCHOOL BUS is as follows:

1. SCHOOL BUS
2. ONLY
3. BUSES ONLY

[4/7] Category 4: navigational_reasoning_hazard_awareness
Question: What text on the regulatory sign post indicates a direction restriction for vehicle movement?
Prediction: The text on the regulatory sign post indicates a direction restriction for vehicle movement by stating "ONLY BUS" in capital letters. This sign is typically used to indicate that vehicles are not allowed to pass through or enter the designated bus lane.

[5/7] Category 5: semantic_area_inference
Question: Based on storefronts like COAST FOR GOLD and CLEANERS, what type of driving environment is depicted?
Prediction: The presence of storefronts like COAST FOR GOLD and CLEANERS, which are typically found in urban areas, suggests that the driving environment depicted is likely a city or town. These businesses are common in such settings and are often found in areas with a mix of residential and commercial activity. The variety of storefronts indicates a diverse and possibly busy urban environment where businesses are accessible to the public.

[6/7] Category 6: cultural_language_inference
Question: What specific phone number on the first school bus suggests a New York City location?
Prediction: The specific phone number on the first school bus is "2846," which is visible on the side of the bus. This number is a common format for New York City bus routes, where the first number is the route number and the last number is the route number.

[7/7] Category 7: entity_tracking_persistence
Question: At what timestamp does the text BUSES ONLY first become visible in the clip?
Prediction: The text "BUSES ONLY" first becomes visible in the clip at the beginning of the video.

Saved predictions: benchmarks_results/results/InternVL2-1B/VQA_InternVL2-1B_932.json
Saved metrics: benchmarks_results/results/InternVL2-1B/eval_results_932.csv

======================================================================
VIDEO 933
/home2/gagandeep/benchmark/videos/900/933.mp4
Questions: 7
======================================================================

[1/7] Category 1: spatial_ordinal_navigation
Question: What sign is located directly beneath the sign TRAFFIC on the wooden utility pole?
Prediction: The sign directly beneath the sign TRAFFIC on the wooden utility pole is not clearly visible in the video.

[2/7] Category 2: entity_aggregation_semantic_filtering
Question: How many distinct street or regulatory signs are visible on the wooden utility pole and the adjacent signpost combined?
Prediction: Based on the video, there are two distinct street or regulatory signs visible on the wooden utility pole and the adjacent signpost. The first sign is a red and white sign indicating a no-parking zone, and the second sign is a black and white sign with a red arrow pointing to the right.

[3/7] Category 3: temporal_sequencing_order
Question: What is the order in which the signs on the adjacent signpost are encountered after the vehicle completes its turn?
Prediction: After the vehicle completes its turn, the order of the signs encountered is as follows: the first sign is a red and white sign indicating "All Hail the King," the second sign is a black and white sign with a red arrow pointing to the right, and the third sign is a red and white sign with a black arrow pointing to the left.

[4/7] Category 4: navigational_reasoning_hazard_awareness
Question: What detour instruction is displayed on the wooden utility pole at the T-junction?
Prediction: The detour instruction displayed on the wooden utility pole at the T-junction is "ALL TRUCKS & BUSES MUST TURN LEFT."

[5/7] Category 5: semantic_area_inference
Question: Based on the presence of a detour sign, concrete barriers, orange barrels, and a light tower, what type of zone is this?
Prediction: The presence of a detour sign, concrete barriers, orange barrels, and a light tower suggests that this is a construction zone. The detour sign indicates that the road is being rerouted, and the barriers are likely there to control traffic and ensure safety. The concrete barriers and orange barrels are typically used to contain construction materials and debris, while the light tower is a common feature in construction zones to provide illumination and safety. The overall setup implies that this is a temporary or ongoing construction project, likely involving the demolition or reconfiguration of the area.

[6/7] Category 6: cultural_language_inference
Question: What language is used for the text on the signs visible along the road?
Prediction: The text on the signs visible along the road appears to be in English, with some signs having a red and white color scheme. However, the specific language of the text is not discernible from the given video.

[7/7] Category 7: entity_tracking_persistence
Question: At what timestamp does the sign 56"Road first become visible to the camera?
Prediction: The sign 56"Road first becomes visible to the camera at the beginning of the video.

Saved predictions: benchmarks_results/results/InternVL2-1B/VQA_InternVL2-1B_933.json
Saved metrics: benchmarks_results/results/InternVL2-1B/eval_results_933.csv

======================================================================
VIDEO 934
/home2/gagandeep/benchmark/videos/900/934.mp4
Questions: 7
======================================================================

[1/7] Category 1: spatial_ordinal_navigation
Question: What is located to the left of the pavement marking 'ONLY' as the vehicle moves forward?
Prediction: The pavement marking 'ONLY' is located to the left of the vehicle as it moves forward.

[2/7] Category 2: entity_aggregation_semantic_filtering
Question: How many pavement markings with legible text are visible in the lane after the vehicle completes its left turn?
Prediction: After the vehicle completes its left turn, there are two visible pavement markings with legible text. One reads "ONLY," and the other is partially obscured by the snow.

[3/7] Category 3: temporal_sequencing_order
Question: What is the chronological order of the legible text instances encountered on the road surface during the clip?
Prediction: The legible text instances encountered on the road surface during the clip include "ONLY," "STOP," and "MILE." These words are visible in the middle of the frame, indicating the presence of these words on the road surface.

[4/7] Category 4: navigational_reasoning_hazard_awareness
Question: What instructional text is painted on the lane surface to guide the driver's lane choice after turning?
Prediction: The instructional text painted on the lane surface reads "ONLY."

[5/7] Category 5: semantic_area_inference
Question: What does the presence of snow-covered sidewalks, parked vehicles, and a chain-link fence bordering an open space suggest about the driving environment?
Prediction: The presence of snow-covered sidewalks, parked vehicles, and a chain-link fence suggests that the driving environment is one that experiences cold weather conditions, likely winter or early spring. The snow indicates recent snowfall, and the vehicles parked along the curb imply that the area is not heavily trafficked, possibly due to the cold weather or the need for snow clearance. The chain-link fence, while providing a barrier, also suggests that the area is not heavily used, as it is not covered with snow or ice, which would be necessary for pedestrian safety. The overall scene conveys a sense of a cold, possibly urban environment where driving is managed with

[6/7] Category 6: cultural_language_inference
Question: What language is the pavement marking 'ONLY' written in?
Prediction: The pavement marking 'ONLY' is written in English.

[7/7] Category 7: entity_tracking_persistence
Question: At what timestamp does the pavement marking 'ONLY' first become visible in the clip?
Prediction: The pavement marking 'ONLY' first becomes visible in the clip at the beginning of the video.

Saved predictions: benchmarks_results/results/InternVL2-1B/VQA_InternVL2-1B_934.json
Saved metrics: benchmarks_results/results/InternVL2-1B/eval_results_934.csv

======================================================================
VIDEO 935
/home2/gagandeep/benchmark/videos/900/935.mp4
Questions: 7
======================================================================

[1/7] Category 1: spatial_ordinal_navigation
Question: Where is the painted road marking SCHOOL, passed at 0.967 seconds, located relative to the MPH marking?
Prediction: The painted road marking SCHOOL, passed at 0.967 seconds, is located approximately 100 meters ahead of the car's current position. This is determined by observing the relative positions of the SCHOOL marking and the car's current position on the road. The SCHOOL marking is positioned on the right side of the road, and the car is moving to the left, indicating that the SCHOOL marking is ahead of the car's current position.

[2/7] Category 2: entity_aggregation_semantic_filtering
Question: How many distinct text instances painted directly on the road pavement does the vehicle pass over in the first second of the clip?
Prediction: In the first second of the clip, the vehicle passes over two distinct text instances painted directly on the road pavement. The first instance is "SCHOOL," and the second instance is "MPH."

[3/7] Category 3: temporal_sequencing_order
Question: What is the order in which the vehicle encounters the road marking SCHOOL, the storefront JACKSON HO, and the sign RECTAURA?
Prediction: The vehicle encounters the SCHOOL road marking first, then the storefront JACKSON HO, and finally the sign RECTAURA.

[4/7] Category 4: navigational_reasoning_hazard_awareness
Question: What speed limit and warning text markings are passed by the vehicle on the road pavement before 1.0 second?
Prediction: The vehicle passes a speed limit of 20 mph and a warning text marking that reads "MILL 20."

[5/7] Category 5: semantic_area_inference
Question: What type of driving environment is suggested by the storefronts JACKSON HO and RECTAURA appearing on the right side of the street at 2.533 seconds?
Prediction: The storefronts JACKSON HO and RECTAURA appearing on the right side of the street at 2.533 seconds suggest a commercial area with a mix of residential and commercial properties. The presence of these businesses indicates that the area is likely a mixed-use neighborhood with a mix of commercial and residential uses. The storefronts are illuminated, which could imply that they are open for business, and the presence of cars and pedestrians suggests that the area is active and frequented by the local community.

[6/7] Category 6: cultural_language_inference
Question: Based on the road markings and storefronts encountered between 0.867 and 2.533 seconds, what language is used in this area?
Prediction: The road markings and storefronts in the video are in English, as indicated by the presence of English signage and the use of English words on the storefronts. There are no visible signs or text in the video that would suggest a different language, such as Arabic, Chinese, or any other language that might be used in this area.

[7/7] Category 7: entity_tracking_persistence
Question: At what timestamp does the vehicle drive past the painted SCHOOL zone marker on the road?
Prediction: The vehicle drives past the painted SCHOOL zone marker on the road at approximately 10:00 PM, as indicated by the timestamp in the bottom right corner of the image.

Saved predictions: benchmarks_results/results/InternVL2-1B/VQA_InternVL2-1B_935.json
Saved metrics: benchmarks_results/results/InternVL2-1B/eval_results_935.csv

======================================================================
VIDEO 936
/home2/gagandeep/benchmark/videos/900/936.mp4
Questions: 7
======================================================================

[1/7] Category 1: spatial_ordinal_navigation
Question: What sign is located directly to the right of the green overhead exit sign for Industrial Boulevard and Hesperian Boulevard?
Prediction: The green overhead exit sign for Industrial Boulevard and Hesperian Boulevard is located directly to the right of the green sign.

[2/7] Category 2: entity_aggregation_semantic_filtering
Question: How many distinct signs containing text or numbers appear on the right shoulder between 0:02 and 0:05?
Prediction: Between 0:02 and 0:05, there are two distinct signs containing text or numbers on the right shoulder.

[3/7] Category 3: temporal_sequencing_order
Question: What is the chronological order in which the orange road work sign, the green overhead exit sign, and the dark overpass bridge are encountered?
Prediction: The orange road work sign is first, followed by the green overhead exit sign, and then the dark overpass bridge.

[4/7] Category 4: navigational_reasoning_hazard_awareness
Question: What warning and speed advisory information is displayed on the right shoulder between 0:02 and 0:05?
Prediction: The right shoulder between 0:02 and 0:05 displays a warning sign that reads "Speed Limit 35," indicating a speed limit of 35 miles per hour.

[5/7] Category 5: semantic_area_inference
Question: What type of driving environment is suggested by the green overhead exit sign and multi-lane setup?
Prediction: The green overhead sign with a green arrow and the multi-lane setup suggest a highway or expressway environment. The green color is commonly associated with highways, and the arrow indicates the direction of travel. The presence of multiple lanes and the absence of any visible traffic congestion or signs of distress further imply that this is a well-maintained and possibly a major highway or expressway designed for high-speed travel.

[6/7] Category 6: cultural_language_inference
Question: What language is used for the street names on the green overhead exit sign?
Prediction: The street names on the green overhead exit sign are written in English.

[7/7] Category 7: entity_tracking_persistence
Question: During what time range is the green overhead guide sign for Industrial Boulevard and Hesperian Boulevard visible before the vehicle passes underneath it?
Prediction: The green overhead guide sign for Industrial Boulevard and Hesperian Boulevard is visible before the vehicle passes underneath it during the time range of 10:00 PM to 11:00 PM.

Saved predictions: benchmarks_results/results/InternVL2-1B/VQA_InternVL2-1B_936.json
Saved metrics: benchmarks_results/results/InternVL2-1B/eval_results_936.csv

======================================================================
VIDEO 937
/home2/gagandeep/benchmark/videos/900/937.mp4
Questions: 7
======================================================================

[1/7] Category 1: spatial_ordinal_navigation
Question: What is the spatial position of the ONE WAY sign relative to the word RIGHT near the intersection?
Prediction: The ONE WAY sign is located on the right side of the intersection, adjacent to the white line marking the right side of the road. It is positioned to the right of the intersection, slightly to the right of the center of the image, and is positioned at a distance that allows for a clear view of the road and the vehicles.

[2/7] Category 2: entity_aggregation_semantic_filtering
Question: How many distinct text instances are displayed on the large promotional billboard structure on the left side of the road?
Prediction: Based on the given video, there are two distinct instances of text displayed on the large promotional billboard structure on the left side of the road.

[3/7] Category 3: temporal_sequencing_order
Question: What is the order of the words on the street-side pole sign passed at the 6.533s mark?
Prediction: The words on the street-side pole sign at the 6.533s mark are "LIFE," "MARCH," and "MAY."

[4/7] Category 4: navigational_reasoning_hazard_awareness
Question: What directional or regulatory text must the driver follow near the Vernon Blvd intersection at the start of the clip?
Prediction: The driver must follow the directional arrow on the traffic light to the left, which indicates a right turn. This is a standard traffic regulation for drivers to ensure they turn left at the intersection.

[5/7] Category 5: semantic_area_inference
Question: What does the presence of a large movie billboard and multiple street signs suggest about the driving environment?
Prediction: The presence of a large movie billboard and multiple street signs suggests that the driving environment is a commercial area with a mix of residential and commercial properties. The billboard indicates that the area is likely a commercial district where businesses and advertisements are prominent. The street signs, including the "ONE WAY" sign, are standard for urban areas, indicating that the road is designed for traffic flow and pedestrian safety. The combination of these elements suggests that the area is a busy urban setting where commercial activities and traffic management are important considerations.

[6/7] Category 6: cultural_language_inference
Question: Which specific borough or region is suggested by the street-side pole sign passed at 6.533s?
Prediction: The specific borough or region suggested by the street-side pole sign is not explicitly mentioned in the video. However, the presence of a sign indicates that the area is likely a commercial or business district, which is common in many urban settings. The sign's style and the context of the video do not provide enough information to determine the exact location.

[7/7] Category 7: entity_tracking_persistence
Question: At what time range do the movie tagline and release date on the billboard come into full view?
Prediction: The movie tagline and release date on the billboard come into full view at the beginning of the video.

Saved predictions: benchmarks_results/results/InternVL2-1B/VQA_InternVL2-1B_937.json
Saved metrics: benchmarks_results/results/InternVL2-1B/eval_results_937.csv

======================================================================
VIDEO 938
/home2/gagandeep/benchmark/videos/900/938.mp4
Questions: 7
======================================================================

[1/7] Category 1: spatial_ordinal_navigation
Question: What readable sign is located directly to the left of the Parking sign on the overhead gantry, which becomes visible at 0.767s?
Prediction: The readable sign located directly to the left of the Parking sign on the overhead gantry is the "Airport Parking Exit" sign.

[2/7] Category 2: entity_aggregation_semantic_filtering
Question: How many street, regulatory, or airport signs are identified in the scene description, including those passed between 0.0s and 2.933s?
Prediction: Based on the given scene description, there are no explicit mentions of street, regulatory, or airport signs. The descriptions only mention traffic lights, road signs, and the presence of a pedestrian crossing. Therefore, it is not possible to determine the exact number of signs in the scene.

[3/7] Category 3: temporal_sequencing_order
Question: What is the chronological order in which the Airport sign, the Blue Parking sign, and the ONE WAY sign are first encountered by the camera vehicle?
Prediction: The camera vehicle encounters the Airport sign first, followed by the Blue Parking sign, and then the ONE WAY sign.

[4/7] Category 4: navigational_reasoning_hazard_awareness
Question: What regulatory sign on a roadside post, passed at 2.933s, indicates a directional constraint for drivers?
Prediction: The regulatory sign on the roadside post indicates a directional constraint for drivers. It reads "No U-turns," which means that drivers are not allowed to make a U-turn at this location. This sign is placed to guide drivers to avoid entering the right lane, which is designated for vehicles to turn right.

[5/7] Category 5: semantic_area_inference
Question: What type of driving environment is depicted, given the presence of the Terminal and Parking signs on the gantry and the Blue Parking Garage?
Prediction: The driving environment depicted is a multi-level urban setting, likely a city with a significant amount of traffic, as indicated by the presence of multiple vehicles and the busy road with heavy traffic. The Terminal sign suggests that the area is near an airport, which implies that the traffic is likely to be a mix of private vehicles and public transportation, including buses and taxis, given the presence of a bus stop in the vicinity. The parking garage sign indicates that there is a designated parking area for vehicles, which is common in urban areas where parking is a concern for commuters. The combination of these signs suggests a busy, possibly congested environment with a mix

[6/7] Category 6: cultural_language_inference
Question: What language is used for the text on the overhead gantry signs and the ONE WAY sign?
Prediction: The text on the overhead gantry signs and the ONE WAY sign is in English.

[7/7] Category 7: entity_tracking_persistence
Question: At what timestamp does the Blue Parking Garage structure first become fully visible on the left side of the roadway?
Prediction: The Blue Parking Garage structure first becomes fully visible on the left side of the roadway at approximately 1:00 PM, as indicated by the timestamp in the video.

Saved predictions: benchmarks_results/results/InternVL2-1B/VQA_InternVL2-1B_938.json
Saved metrics: benchmarks_results/results/InternVL2-1B/eval_results_938.csv

======================================================================
VIDEO 939
/home2/gagandeep/benchmark/videos/900/939.mp4
Questions: 7
======================================================================

[1/7] Category 1: spatial_ordinal_navigation
Question: What promotional signs are located directly overhead of the Big K mart storefront?
Prediction: The promotional signs directly overhead of the Big K mart storefront include the words "NOW OPEN" and "BIG K" in large, bold letters.

[2/7] Category 2: entity_aggregation_semantic_filtering
Question: How many distinct promotional text instances are associated with the Danice storefront?
Prediction: Based on the video, there are two distinct promotional text instances associated with the Danice storefront. One is a red and white sign that reads "NAILS" and another is a blue and white sign that says "NAILS."

[3/7] Category 3: temporal_sequencing_order
Question: What is the order of the first three storefronts passed by the vehicle starting from 4.8 seconds?
Prediction: The first three storefronts passed by the vehicle in the order: Payless Kids, Payless Shoesource, and Nail's Essence.

[4/7] Category 4: navigational_reasoning_hazard_awareness
Question: Based on the visible text, are there any explicit driving actions or constraints implied near the storefronts? If none is present, state that.
Prediction: Yes, there are explicit driving actions and constraints implied near the storefronts. The presence of a red line on the road indicates a no-parking zone, which is a common restriction near retail establishments. Additionally, the absence of visible vehicles or people suggests that the area is not currently in use for driving purposes.

[5/7] Category 5: semantic_area_inference
Question: Based on the density and type of legible storefront text, what kind of driving environment does this clip depict?
Prediction: The driving environment depicted in the clip appears to be a typical urban commercial area, likely a shopping district. The presence of multiple stores, including a shoe store and a nail salon, suggests a commercial area with a mix of retail and service-oriented businesses. The variety of storefronts, including one with a large red and blue sign, indicates a diverse commercial district where different types of businesses coexist. The overall setting is busy and active, with cars parked and pedestrians visible, which is typical of a commercial area where foot traffic is high.

[6/7] Category 6: cultural_language_inference
Question: What language or script is the visible text written in?
Prediction: The visible text in the video is written in English.

[7/7] Category 7: entity_tracking_persistence
Question: During what time range is the vehicle passing and parallel to the storefront of NAILS Essence SPA?
Prediction: The vehicle is passing parallel to the storefront of NAILS Essence SPA during the daytime, as indicated by the clear sky and the presence of sunlight.

Saved predictions: benchmarks_results/results/InternVL2-1B/VQA_InternVL2-1B_939.json
Saved metrics: benchmarks_results/results/InternVL2-1B/eval_results_939.csv

======================================================================
VIDEO 940
/home2/gagandeep/benchmark/videos/900/940.mp4
Questions: 7
======================================================================

[1/7] Category 1: spatial_ordinal_navigation
Question: What signs are located directly adjacent to the parking area on the right side of the driving lane?
Prediction: Adjacent to the parking area on the right side of the driving lane, there are two signs. One is a red sign with white lettering that reads "Dance," and the other is a blue sign with white lettering that reads "Dance."

[2/7] Category 2: entity_aggregation_semantic_filtering
Question: How many distinct pieces of text belong to storefront signs or banners on the left side of the driving lane?
Prediction: Based on the given information, there are three distinct pieces of text that appear to be storefront signs or banners on the left side of the driving lane. These include the word "SUPPLY" on the leftmost sign, the word "PALLAS" on the second sign, and the word "DANICE" on the third sign.

[3/7] Category 3: temporal_sequencing_order
Question: What is the order in which the storefront of FALLAS and the signs for Danice are first encountered by the camera vehicle?
Prediction: The order in which the storefront of FALLAS and the signs for Danice are first encountered by the camera vehicle is as follows: the camera starts with the view of the parking lot, where the storefront of FALLAS is visible. Then, the camera moves forward to the area where the Danice store is located, which is also visible. Finally, the camera moves back to the parking lot, where the Danice store is also visible.

[4/7] Category 4: navigational_reasoning_hazard_awareness
Question: What explicit driving action is implied by the painted road marking adjacent to the concrete sidewalk on the left?
Prediction: The painted road marking adjacent to the concrete sidewalk on the left implies a deliberate intention to guide drivers through the parking lot. It is likely a directional sign, possibly indicating a specific lane or path that is intended to direct traffic or pedestrians to a particular area within the parking lot. This marking is a common feature in parking lots to help manage traffic flow and ensure that vehicles are directed to the correct parking spots.

[5/7] Category 5: semantic_area_inference
Question: Based on the storefront signs and parking area visible throughout the clip, what type of driving environment is depicted?
Prediction: The driving environment depicted in the video is a typical suburban shopping area, likely in a region where parking is a common mode of transportation. The presence of multiple parking spaces, the variety of stores, and the clear, sunny weather suggest a well-maintained and organized shopping area. The cars are parked in a manner that indicates a level of order and organization, which is typical of suburban shopping centers. The absence of any visible traffic congestion or signs of a busy urban environment further supports the idea that this is a suburban setting.

[6/7] Category 6: cultural_language_inference
Question: What language is used for the storefront signs and promotional banners visible in this clip?
Prediction: The storefront signs and promotional banners in the clip are in English.

[7/7] Category 7: entity_tracking_persistence
Question: For what time range does the camera vehicle approach the storefront windows of FALLAS showing promotional text?
Prediction: The camera vehicle approaches the storefront windows of FALLAS showing promotional text during the daytime, as indicated by the clear sky and the presence of sunlight. The promotional text is visible on the windows, suggesting that the store is currently offering discounts or promotions.

Saved predictions: benchmarks_results/results/InternVL2-1B/VQA_InternVL2-1B_940.json
Saved metrics: benchmarks_results/results/InternVL2-1B/eval_results_940.csv

======================================================================
VIDEO 941
/home2/gagandeep/benchmark/videos/900/941.mp4
Questions: 7
======================================================================

[1/7] Category 1: spatial_ordinal_navigation
Question: What regulatory sign is located directly below the overhead sign that says "To Belt Pkwy"?
Prediction: The regulatory sign located directly below the overhead sign that says "To Belt Pkwy" is a yellow and black caution sign.

[2/7] Category 2: entity_aggregation_semantic_filtering
Question: How many distinct text instances are painted on the road surface or function as regulatory signs in this clip?
Prediction: There are three distinct text instances painted on the road surface in this clip.

[3/7] Category 3: temporal_sequencing_order
Question: What is the order of encounter for the first overhead sign structure, the road marking, and the second overhead gantry?
Prediction: The first overhead sign structure is on the left side of the road, and the road marking is on the right side of the road. The second overhead gantry is on the right side of the road, and the road marking is on the left side of the road.

[4/7] Category 4: navigational_reasoning_hazard_awareness
Question: What regulatory instruction is displayed on the lane surface below the sign that says "KEEP RIGHT"?
Prediction: The regulatory instruction displayed on the lane surface below the sign that says "KEEP RIGHT" is "KEEP RIGHT."

[5/7] Category 5: semantic_area_inference
Question: What type of transportation hub is the vehicle navigating, based on the visible signs?
Prediction: The vehicle is navigating a transportation hub that is likely a major airport or a large transit center. This is indicated by the presence of multiple directional signs, which are typically used to guide travelers to specific areas within the airport or transit system. The signs are large, clear, and prominently displayed, suggesting that they are meant to be easily visible to drivers and passengers. Additionally, the presence of a large building with a red structure in the background, which could be a terminal or a large facility, further supports the idea that this is a significant transportation hub.

[6/7] Category 6: cultural_language_inference
Question: Which specific New York airport expressway is indicated by the signs on the first overhead structure?
Prediction: The specific New York airport expressway indicated by the signs on the first overhead structure is the JFK Expressway. This can be deduced from the text on the sign, which reads "JFK Expressway" and "To Belt Pkwy," which are the two main signs on the signpost.

[7/7] Category 7: entity_tracking_persistence
Question: At what timestamp does the vehicle pass over the road marking that says "ONLY"?
Prediction: The vehicle passes over the road marking that says "ONLY" at approximately 1:00 PM in the video.

Saved predictions: benchmarks_results/results/InternVL2-1B/VQA_InternVL2-1B_941.json
Saved metrics: benchmarks_results/results/InternVL2-1B/eval_results_941.csv

======================================================================
VIDEO 942
/home2/gagandeep/benchmark/videos/900/942.mp4
Questions: 7
======================================================================

[1/7] Category 1: spatial_ordinal_navigation
Question: What is the spatial position of the text Without relative to the Studio Prices text on the first billboard?
Prediction: The spatial position of the text "Without Relative to the Studio Prices" on the first billboard is not directly visible in the video. However, it can be inferred that it is located towards the top of the billboard, possibly in the middle or towards the right side, as it is positioned above the other text and is not obstructed by any other elements in the frame.

[2/7] Category 2: entity_aggregation_semantic_filtering
Question: How many distinct pieces of text belong to street, highway, or regulatory signs in this clip?
Prediction: In the video, there are three distinct pieces of text that belong to street, highway, or regulatory signs. These include the sign on the right side of the road, the billboard on the right side of the road, and the green sign on the right side of the road.

[3/7] Category 3: temporal_sequencing_order
Question: What is the order in which the billboard displaying Studio Closses and the billboard displaying eatenlightened.com are encountered?
Prediction: The order in which the billboard displaying Studio Closses and the billboard displaying eatenlightened.com are encountered is as follows:

[4/7] Category 4: navigational_reasoning_hazard_awareness
Question: Does any visible text in the clip indicate a height restriction constraint? If so, what does it say and where is it located?
Prediction: Yes, there is visible text in the clip that indicates a height restriction constraint. The text reads "Height restriction 1.50m" and is located on a sign located on the right side of the road.

[5/7] Category 5: semantic_area_inference
Question: Based on the visible highway signs and large billboards, what kind of driving environment is depicted?
Prediction: The driving environment depicted in the video is one of a busy urban highway, likely in a city with a significant amount of traffic. The presence of multiple lanes, the presence of a large billboard, and the variety of vehicles suggest a high volume of traffic. The weather conditions, with overcast skies and wet road, indicate that the driving environment is likely to be wet and potentially slippery, which is common in urban areas. The highway signs, including the "24 Hour" sign, suggest that the area is well-connected and has a significant amount of traffic, possibly indicating a busy metropolitan area.

[6/7] Category 6: cultural_language_inference
Question: Do any street or highway names visible on the overhead signs suggest a specific city? If so, what text supports this?
Prediction: Yes, the overhead signs in the video suggest a specific city. The text on the signs reads "Lexington Avenue," which is a street name in Lexington, Massachusetts. This is supported by the presence of the Lexington Avenue sign, which is a well-known street in the city.

[7/7] Category 7: entity_tracking_persistence
Question: At what time range does the overhead highway sign for 2 Avenue remain visible to the camera vehicle?
Prediction: The overhead highway sign for 2 Avenue remains visible to the camera vehicle throughout the duration of the video. It is always visible, indicating that the camera is positioned at a height that allows for the overhead sign to be seen from the perspective of the camera.

Saved predictions: benchmarks_results/results/InternVL2-1B/VQA_InternVL2-1B_942.json
Saved metrics: benchmarks_results/results/InternVL2-1B/eval_results_942.csv

======================================================================
VIDEO 943
/home2/gagandeep/benchmark/videos/900/943.mp4
Questions: 7
======================================================================

[1/7] Category 1: spatial_ordinal_navigation
Question: What is the spatial position of the Lexington Avenue sign relative to the 2 Avenue sign when they become visible between timestamps 4.433 and 4.500?
Prediction: The spatial position of the Lexington Avenue sign relative to the 2 Avenue sign when they become visible between timestamps 4.433 and 4.500 is that the Lexington Avenue sign is positioned slightly to the right and slightly behind the 2 Avenue sign. The Lexington Avenue sign is closer to the right side of the frame, while the 2 Avenue sign is slightly behind and to the left of the Lexington Avenue sign.

[2/7] Category 2: entity_aggregation_semantic_filtering
Question: How many height clearance signs are visible on the right side of the road after the bridge ends between timestamps 8.600 and 8.800?
Prediction: After the bridge ends between timestamps 8.600 and 8.800, there are two height clearance signs visible on the right side of the road.

[3/7] Category 3: temporal_sequencing_order
Question: What is the order in which the 12-0 clearance sign and the 15 M P H speed sign are encountered after the bridge ends?
Prediction: After the bridge ends, the 12-0 clearance sign is encountered first, followed by the 15 M P H speed sign.

[4/7] Category 4: navigational_reasoning_hazard_awareness
Question: What warning text indicates a lane closure ahead near the end of the clip at timestamp 9.733, and where is it located?
Prediction: The warning text indicating a lane closure ahead near the end of the clip at timestamp 9.733 is located on a traffic sign that is mounted on a pole on the right side of the road. The sign reads "Lane 10 CLOSED" in bold, white letters on a red background. This sign is situated on the right side of the road, adjacent to the road's edge, and is part of the road's infrastructure designed to manage traffic flow and ensure safety.

[5/7] Category 5: semantic_area_inference
Question: What does the mix of overhead lane guidance, exit signs, and clearance signs visible throughout the clip suggest about the type of road?
Prediction: The mix of overhead lane guidance, exit signs, and clearance signs suggests that the road is a multi-lane highway with multiple lanes, possibly a major thoroughfare or a significant urban route. The presence of multiple lanes indicates that the road is designed to handle a high volume of traffic, which is typical for major highways. The clear and visible signs for lane changes and exits imply that the road is well-maintained and designed for efficient traffic flow. The clearance signs, which are often used to indicate safe passage for vehicles, suggest that the road is also designed to accommodate vehicles that need to pass through the area without obstruction. Overall, the

[6/7] Category 6: cultural_language_inference
Question: Which street and highway names visible in the clip suggest this is located in New York City?
Prediction: The street and highway names visible in the clip that suggest this location is in New York City are "15th Street" and "15th Avenue." These are the names of the streets and highways that are visible in the video, indicating that the scene is taking place in New York City.

[7/7] Category 7: entity_tracking_persistence
Question: At what timestamp do the overhead exit signs for FDR Drive SOUTH and EXIT ONLY first become legible?
Prediction: The overhead exit signs for FDR Drive SOUTH and EXIT ONLY become legible at approximately 1:00 seconds into the video.

Saved predictions: benchmarks_results/results/InternVL2-1B/VQA_InternVL2-1B_943.json
Saved metrics: benchmarks_results/results/InternVL2-1B/eval_results_943.csv

======================================================================
VIDEO 944
/home2/gagandeep/benchmark/videos/900/944.mp4
Questions: 7
======================================================================

[1/7] Category 1: spatial_ordinal_navigation
Question: Where is the PASSENGER CARS ONLY sign located relative to the Drive SOUTH sign?
Prediction: The PASSENGER CARS ONLY sign is located on the right side of the road, adjacent to the Drive SOUTH sign.

[2/7] Category 2: entity_aggregation_semantic_filtering
Question: How many distinct text entities make up the construction warning sign visible at the start of the clip?
Prediction: The construction warning sign visible at the start of the clip consists of three distinct text entities: "No Parking," "No Left Turn," and "No U-turn."

[3/7] Category 3: temporal_sequencing_order
Question: In what order does the vehicle encounter the low clearance warning sign, the construction warning signs, and the PASSENGER CARS ONLY sign?
Prediction: The vehicle encounters the low clearance warning sign first, followed by the construction warning signs, and then the PASSENGER CARS ONLY sign.

[4/7] Category 4: navigational_reasoning_hazard_awareness
Question: What low clearance limit is indicated by the warning sign to the right of the concrete barrier?
Prediction: The warning sign to the right of the concrete barrier indicates a low clearance limit of 100 feet. This is a standard safety measure to prevent vehicles from veering off the road and to ensure the safety of pedestrians and cyclists.

[5/7] Category 5: semantic_area_inference
Question: What type of driving environment does the transition from a curved ramp with construction signs to a highway depict?
Prediction: The transition from a curved ramp with construction signs to a highway depicts a driving environment that is characterized by a mix of urban infrastructure and natural elements. The presence of construction barriers and road signs indicates that the area is undergoing some form of development or maintenance. The highway, with its smooth asphalt and clear lanes, suggests a more modern and possibly more trafficked road. The combination of these elements suggests a dynamic environment where urban development meets the demands of a busy highway.

[6/7] Category 6: cultural_language_inference
Question: What language is used for the text on the construction warning signs and overhead directional signs?
Prediction: The text on the construction warning signs and overhead directional signs is in English.

[7/7] Category 7: entity_tracking_persistence
Question: At what timestamp does the Drive SOUTH sign first come into view, and when does the vehicle pass it?
Prediction: The Drive SOUTH sign first appears in the middle of the video, after the yellow traffic lights and the green sign indicating a right turn. The vehicle then passes the sign, indicating the direction it is heading.

Saved predictions: benchmarks_results/results/InternVL2-1B/VQA_InternVL2-1B_944.json
Saved metrics: benchmarks_results/results/InternVL2-1B/eval_results_944.csv

======================================================================
VIDEO 945
/home2/gagandeep/benchmark/videos/900/945.mp4
Questions: 7
======================================================================

[1/7] Category 1: spatial_ordinal_navigation
Question: What sign is located to the left of the regulatory notice warning about doubled speeding fines?
Prediction: To the left of the regulatory notice warning about doubled speeding fines, there is a sign that reads "30 MPH LIMIT."

[2/7] Category 2: entity_aggregation_semantic_filtering
Question: How many distinct, legible text instances are encountered by the vehicle between 0.2 seconds and 2.0 seconds?
Prediction: Between 0.2 seconds and 2.0 seconds, the vehicle encounters the following text instances: "ROAD CLOSED," "ROAD CLOSED," "ROAD CLOSED," "ROAD CLOSED," "ROAD CLOSED," "ROAD CLOSED," "ROAD CLOSED," "ROAD CLOSED," "ROAD CLOSED," "ROAD CLOSED," "ROAD CLOSED," "ROAD CLOSED," "ROAD CLOSED," "ROAD CLOSED," "ROAD CLOSED," "ROAD CLOSED," "ROAD CLOSED," "ROAD CLOSED," "ROAD CLOSED," "ROAD CLOSED," "ROAD CLOSED," "ROAD CLOSED," "ROAD CLOSED," "ROAD CLOSED," "ROAD CLOSED," "ROAD CLOSED," "ROAD CLOSED

[3/7] Category 3: temporal_sequencing_order
Question: What is the sequence in which the speed limit sign, the sidewalk closed placard, and the road work warning sign are encountered?
Prediction: The sequence of encountering the speed limit sign, the sidewalk closed placard, and the road work warning sign is as follows: the first sign appears to be a speed limit sign, followed by a sidewalk closed placard, and then a road work warning sign.

[4/7] Category 4: navigational_reasoning_hazard_awareness
Question: What driving constraint is indicated by the speed limit sign located to the left of the sidewalk closed placard?
Prediction: The speed limit sign located to the left of the sidewalk closed placard indicates a speed limit of 30 mph. This sign is typically used to inform drivers of the speed limit they are expected to maintain while driving on the road.

[5/7] Category 5: semantic_area_inference
Question: Based on the signs for exits, street names, and work zones, what kind of driving environment is depicted?
Prediction: The driving environment depicted is one of caution and preparation for potential roadwork. The presence of work zones, the construction barriers, and the temporary road closure indicate that the area is undergoing maintenance or repair. The signs for exits and street names suggest that the road is part of a larger network of roads, and the driver is likely navigating through a busy urban area where such infrastructure is common. The driver must be aware of the road conditions and the potential hazards associated with the work zone, which is a common scenario in urban driving environments.

[6/7] Category 6: cultural_language_inference
Question: Do any street names visible on the overhead gantry suggest a specific city? What text supports this?
Prediction: The overhead gantry in the video displays the text "New York City" in large, bold letters. This text supports the idea that the city being referred to is New York City.

[7/7] Category 7: entity_tracking_persistence
Question: At what timestamp does the regulatory sign warning about doubled speeding fines first become legible, and when does it become illegible?
Prediction: The regulatory sign warning about doubled speeding fines first becomes legible after the timestamp of 1:00:00, and it becomes illegible after the timestamp of 1:00:00 again.

Saved predictions: benchmarks_results/results/InternVL2-1B/VQA_InternVL2-1B_945.json
Saved metrics: benchmarks_results/results/InternVL2-1B/eval_results_945.csv

======================================================================
VIDEO 946
/home2/gagandeep/benchmark/videos/900/946.mp4
Questions: 7
======================================================================

[1/7] Category 1: spatial_ordinal_navigation
Question: What is the spatial position of G Washington Br relative to the route sign 19-N-S-W?
Prediction: The spatial position of G Washington Br relative to the route sign 19-N-S-W can be determined by following the road signs in the image. The road sign indicates that G Washington Br is located at the intersection of Route 19 and Route 17, which is 19 miles north of Route 17. The sign also shows the direction of the route sign, which is 19 North. Therefore, G Washington Br is situated at the intersection of Route 19 and Route 17, 19 miles north of Route 17.

[2/7] Category 2: entity_aggregation_semantic_filtering
Question: How many distinct highway or regulatory signs are visible on the overhead gantry in this clip?
Prediction: There are at least three distinct highway or regulatory signs visible on the overhead gantry in this clip. These signs include a green sign with white lettering, a white sign with black lettering, and a red sign with white lettering.

[3/7] Category 3: temporal_sequencing_order
Question: What is the chronological order in which the signs NORTH, PASSENGER CARS ONLY, and Hutechinson Pkwy become visible?
Prediction: The signs become visible in the following chronological order: 

1. NORTH
2. PASSENGER CARS ONLY
3. Hutechinson Pkwy

[4/7] Category 4: navigational_reasoning_hazard_awareness
Question: Which overhead sign indicates a vehicle type restriction on the highway lanes?
Prediction: The overhead sign that indicates a vehicle type restriction on the highway lanes is located on the right side of the highway, just before the exit ramp. It reads "PASSENGER CARS ONLY" in white letters on a green background.

[5/7] Category 5: semantic_area_inference
Question: Based on the overhead signs visible between 8.2 and 8.9 seconds, what type of road is the vehicle traveling on?
Prediction: The vehicle is traveling on a multi-lane highway, as indicated by the presence of multiple lanes and the overhead signs that provide directions to various destinations. The signs are green and white, which is a common color scheme for highway signs, and they are placed at intervals along the highway, suggesting a well-maintained and organized road network.

[6/7] Category 6: cultural_language_inference
Question: Which destination name on the overhead gantry suggests the vehicle is in the New York metropolitan area?
Prediction: The destination name on the overhead gantry that suggests the vehicle is in the New York metropolitan area is "New Haven CT." This is indicated by the green sign with white text that reads "New Haven CT" and the arrow pointing to the right, which is a common way to indicate a destination in New York.

[7/7] Category 7: entity_tracking_persistence
Question: At what timestamp does the route marker 278 first become fully displayed?
Prediction: The route marker 278 first becomes fully displayed at the beginning of the video.

Saved predictions: benchmarks_results/results/InternVL2-1B/VQA_InternVL2-1B_946.json
Saved metrics: benchmarks_results/results/InternVL2-1B/eval_results_946.csv

======================================================================
VIDEO 947
/home2/gagandeep/benchmark/videos/900/947.mp4
Questions: 7
======================================================================

[1/7] Category 1: spatial_ordinal_navigation
Question: What is the spatial position of the sign containing the text STATE relative to the speed warning sign?
Prediction: The sign containing the text "STATE" is located on the right side of the road, directly behind the speed warning sign. The speed warning sign is positioned on the left side of the road, slightly ahead of the speed limit sign.

[2/7] Category 2: entity_aggregation_semantic_filtering
Question: How many distinct text instances are mounted on the silver minivan?
Prediction: There are two distinct text instances mounted on the silver minivan in the video.

[3/7] Category 3: temporal_sequencing_order
Question: What is the order in which the green exit sign, the white regulatory sign, and the minivan's license plate are first encountered?
Prediction: The green exit sign is first encountered at the beginning of the video, indicating the direction to the exit. The white regulatory sign is then seen towards the end of the video, indicating the direction to the exit. The minivan's license plate is seen at the beginning of the video, indicating the vehicle's registration.

[4/7] Category 4: navigational_reasoning_hazard_awareness
Question: What text on the regulatory sign indicates a financial penalty for driving too fast?
Prediction: The text on the regulatory sign indicates a financial penalty for driving too fast by stating "3/4 MILE" and "3/4 MILE" twice, suggesting a penalty of $3 for each 1/4 mile of speed violation.

[5/7] Category 5: semantic_area_inference
Question: What type of road environment is suggested by the presence of exit signs, speed warning signs, and regulatory signs?
Prediction: The presence of exit signs, speed warning signs, and regulatory signs suggests a road environment that is regulated and possibly congested. The signs indicate that the road is part of a larger highway system, and the regulatory signs imply that the area is subject to traffic laws and safety regulations. The speed warning signs, particularly the one indicating a speed limit of 35 miles per hour, suggest that the road is designed to accommodate high-speed travel, which is common in urban or suburban areas where speed limits are enforced to ensure safety. The combination of these elements indicates a well-maintained but busy road environment, likely in a city or a region

[6/7] Category 6: cultural_language_inference
Question: Which specific state or region is indicated by the text on the silver minivan's license plate?
Prediction: The text on the silver minivan's license plate indicates that it is from the state of New York. The license plate reads "HEC-1344," which is a unique identifier for vehicles registered in New York.

[7/7] Category 7: entity_tracking_persistence
Question: For what time range is the license plate HEG-1344 clearly legible on the silver minivan?
Prediction: The license plate HEG-1344 on the silver minivan is clearly legible during the time range from 10:00 to 11:00 PM. This is when the photo was taken, as the license plate is illuminated and visible in the dark.

Saved predictions: benchmarks_results/results/InternVL2-1B/VQA_InternVL2-1B_947.json
Saved metrics: benchmarks_results/results/InternVL2-1B/eval_results_947.csv

======================================================================
VIDEO 948
/home2/gagandeep/benchmark/videos/900/948.mp4
Questions: 7
======================================================================

[1/7] Category 1: spatial_ordinal_navigation
Question: Which sign, located directly below the FDR DR SOUTH sign on the overhead gantry, comes into view between 2.4 and 2.567 seconds?
Prediction: The sign that comes into view directly below the FDR DR SOUTH sign on the overhead gantry is the "West Side Expressway" sign.

[2/7] Category 2: entity_aggregation_semantic_filtering
Question: How many distinct signs containing lane designations or lane restrictions are visible on the overhead gantry before the vehicle enters the steel truss structure?
Prediction: There are at least three distinct signs visible on the overhead gantry before the vehicle enters the steel truss structure. These signs include a green sign with white lettering that reads "PARKING," a yellow sign with black lettering that reads "PARKING," and a red sign with white lettering that reads "PARKING."

[3/7] Category 3: temporal_sequencing_order
Question: What is the order in which the signs 2 Ave-12S st, FDR DR SOUTH, and FINE + POINTS are encountered by the vehicle?
Prediction: The order in which the signs 2 Ave-12S st, FDR DR SOUTH, and FINE + POINTS are encountered by the vehicle is as follows:

1. The first sign is "2 Ave-12S st," which is located on the left side of the road.
2. The second sign is "FDR DR SOUTH," which is located on the right side of the road.
3. The third sign is "FINE + POINTS," which is located on the right side of the road.

The vehicle is following the traffic flow and moving from the left side of the road to the right side

[4/7] Category 4: navigational_reasoning_hazard_awareness
Question: What warning text, located to the left of the STRICTLY ENFORCED sign, becomes visible at 2.733 seconds to indicate traffic penalties?
Prediction: The warning text located to the left of the STRICTLY ENFORCED sign becomes visible at 2.733 seconds, indicating traffic penalties.

[5/7] Category 5: semantic_area_inference
Question: What does the mix of highway signs and lane restrictions visible between 2.233 and 2.567 seconds suggest about the driving environment?
Prediction: The mix of highway signs and lane restrictions visible between 2.233 and 2.567 seconds suggests that the driving environment is complex and possibly congested. The presence of multiple lanes with different signs indicates that drivers must navigate through various traffic conditions, such as merging lanes, merging onto multi-lane roads, and possibly merging onto the bridge itself. The signs likely provide information on lane changes, speed limits, and other traffic regulations, which are essential for safe driving. The fact that the car is in the middle of a bridge suggests that the driving environment is challenging, requiring careful attention to the road signs and the need

[6/7] Category 6: cultural_language_inference
Question: Which specific city is suggested by the highway names FDR DR SOUTH and Harlem RIv Dr visible on the overhead gantry?
Prediction: The highway names FDR DR SOUTH and Harlem RIv Dr visible on the overhead gantry suggest that the city is New York City. The FDR Dr is a well-known route in New York City, and Harlem is a neighborhood in Manhattan, both of which are well-known landmarks in New York City.

[7/7] Category 7: entity_tracking_persistence
Question: For what time range is the lead blue vehicle with license plate FOD-3149 tracked at the beginning of the clip?
Prediction: The lead blue vehicle with license plate FOD-3149 is tracked from the beginning of the clip until the end.

Saved predictions: benchmarks_results/results/InternVL2-1B/VQA_InternVL2-1B_948.json
Saved metrics: benchmarks_results/results/InternVL2-1B/eval_results_948.csv

======================================================================
VIDEO 949
/home2/gagandeep/benchmark/videos/900/949.mp4
Questions: 7
======================================================================

[1/7] Category 1: spatial_ordinal_navigation
Question: What business name is located directly to the right of the building section displaying FAITH at 301-303?
Prediction: The business name located directly to the right of the building section displaying FAITH at 301-303 is "Dollar General."

[2/7] Category 2: entity_aggregation_semantic_filtering
Question: How many distinct license plates are mentioned in the text for parked vehicles?
Prediction: The text mentions three distinct license plates for parked vehicles: "12345," "67890," and "78901."

[3/7] Category 3: temporal_sequencing_order
Question: What is the order in which the vehicle passes the FAITH storefront, the BBF PRINTING storefront, and the DOLLAR TREE plaza?
Prediction: The vehicle passes the FAITH storefront first, then the BBF PRINTING storefront, and finally the DOLLAR TREE plaza.

[4/7] Category 4: navigational_reasoning_hazard_awareness
Question: What instructional text is displayed on the traffic post located on the sidewalk corner near the pedestrian?
Prediction: The instructional text displayed on the traffic post near the pedestrian reads "STOP HERE ON RED SIGNAL."

[5/7] Category 5: semantic_area_inference
Question: What type of driving environment is suggested by the storefronts, promotional signs, and retail plaza visible in this clip?
Prediction: The storefronts, promotional signs, and retail plaza suggest a commercial driving environment. The presence of a variety of businesses, including a Dollar General store, indicates a neighborhood with a mix of retail and service-oriented businesses. The promotional signs, which are common in urban areas, imply that the area is frequented by pedestrians and possibly by drivers who are looking for deals or services. The overall setting suggests a busy, commercial area with a focus on retail and possibly dining, typical of a city's commercial district.

[6/7] Category 6: cultural_language_inference
Question: What language is used for all the visible storefront signs and promotional text in this clip?
Prediction: The visible storefront signs and promotional text in the video are in English.

[7/7] Category 7: entity_tracking_persistence
Question: During what time range does the DOLLAR TREE retail plaza and its entrance signs remain visible in the clip?
Prediction: The DOLLAR TREE retail plaza and its entrance signs remain visible throughout the entire clip. They are clearly visible in the background, indicating that the video was taken during the day when these signs are typically operational.

Saved predictions: benchmarks_results/results/InternVL2-1B/VQA_InternVL2-1B_949.json
Saved metrics: benchmarks_results/results/InternVL2-1B/eval_results_949.csv

======================================================================
VIDEO 950
/home2/gagandeep/benchmark/videos/900/950.mp4
Questions: 7
======================================================================

[1/7] Category 1: spatial_ordinal_navigation
Question: What is the spatial position of CHECKSCASH relative to SHED as the vehicle moves forward?
Prediction: The spatial position of CHECKSCASH relative to SHED as the vehicle moves forward is not explicitly described in the provided information. The video does not provide a clear view of the road or the surrounding environment, making it impossible to determine the exact location of CHECKSCASH within the scene.

[2/7] Category 2: entity_aggregation_semantic_filtering
Question: How many distinct, legible text instances are encountered by the vehicle between 4.0 and 7.0 seconds?
Prediction: Between 4.0 and 7.0 seconds, the vehicle encounters the following text instances: "HOT," "HOT," "HOT," "HOT," "HOT," "HOT," "HOT," "HOT," "HOT," "HOT," "HOT," "HOT," "HOT," "HOT," "HOT," "HOT," "HOT," "HOT," "HOT," "HOT," "HOT," "HOT," "HOT," "HOT," "HOT," "HOT," "HOT,"

[3/7] Category 3: temporal_sequencing_order
Question: What is the order in which the storefronts SHED, boost, and CHECKSCASH are encountered as the vehicle moves forward?
Prediction: The order in which the storefronts are encountered as the vehicle moves forward is as follows: SHED, boost, and CHECKSCASH. The first store is on the left side of the road, the second store is on the right side of the road, and the third store is on the right side of the road as well.

[4/7] Category 4: navigational_reasoning_hazard_awareness
Question: What explicit driving action is implied by the traffic regulator sign located to the right of the signboard displaying 4CAR?
Prediction: The explicit driving action implied by the traffic regulator sign is the requirement for drivers to stop at the intersection to allow for the passage of a 4-car vehicle. This is indicated by the sign's placement and the fact that it is a traffic regulation sign, which is typically used to alert drivers to a specific lane or intersection where vehicles must stop.

[5/7] Category 5: semantic_area_inference
Question: Based on the density of storefronts like SHED, boost, and MARKET, what kind of driving environment is depicted?
Prediction: The density of storefronts like SHED, boost, and MARKET suggests a driving environment that is likely to be busy and bustling. The presence of multiple businesses indicates a commercial area where people are likely to be shopping, dining, or engaging in other activities. The variety of storefronts also implies a diverse range of services and products available, which could attract a wide range of customers. The overall impression is that of a vibrant, active urban setting where the road is a focal point for both local commerce and daily life.

[6/7] Category 6: cultural_language_inference
Question: Which street name and phone area code suggest this clip is filmed in New York City?
Prediction: The street name and phone area code that suggest this clip is filmed in New York City are "Broadway" and "74600," respectively. This information is deduced from the visible street name and the phone area code provided in the dense caption.

[7/7] Category 7: entity_tracking_persistence
Question: At what timestamp does the vehicle pass the storefront of SHED, which is located to the right of CHECKSCASH?
Prediction: The vehicle passes the storefront of SHED, which is located to the right of CHECKSCASH, at approximately 1:00 PM.

Saved predictions: benchmarks_results/results/InternVL2-1B/VQA_InternVL2-1B_950.json
Saved metrics: benchmarks_results/results/InternVL2-1B/eval_results_950.csv

======================================================================
VIDEO 951
/home2/gagandeep/benchmark/videos/900/951.mp4
Questions: 7
======================================================================

[1/7] Category 1: spatial_ordinal_navigation
Question: What text is displayed on the storefront extension directly to the right of the 4CARS decals?
Prediction: The storefront extension directly to the right of the 4CARS decals displays the text "EAT" in large, bold letters.

[2/7] Category 2: entity_aggregation_semantic_filtering
Question: How many distinct, legible text instances are encountered by the vehicle between 2.2s and 2.9s?
Prediction: Between 2.2s and 2.9s, the vehicle encounters the following text instances: "FREE," "STOP," "ON," "ROAD," "STOP," "STOP," "STOP," "STOP," "STOP," "STOP," "STOP," "STOP," "STOP," "STOP," "STOP," "STOP," "STOP," "STOP," "STOP," "STOP," "STOP," "STOP," "STOP," "STOP," "STOP," "STOP," "STOP," "STOP," "STOP," "STOP," "STOP," "STOP," "STOP," "STOP," "STOP," "STOP

[3/7] Category 3: temporal_sequencing_order
Question: What is the order of the first three text signs encountered on the right side of the street at the start of the clip?
Prediction: The first text sign on the right side of the street reads "Burger King," the second sign reads "Pizza Hut," and the third sign reads "Pizza Hut."

[4/7] Category 4: navigational_reasoning_hazard_awareness
Question: What directional instruction is displayed on a sign near the entrance of the gas station driveway?
Prediction: The sign near the entrance of the gas station driveway displays a directional instruction that reads "EXIT ONLY."

[5/7] Category 5: semantic_area_inference
Question: Based on the density of storefront signs, markets, and a gas station, what kind of driving environment is depicted?
Prediction: The driving environment depicted in the video is one of a bustling urban setting, likely a commercial area. The presence of multiple storefronts, markets, and a gas station suggests a vibrant commercial district where businesses are closely packed together. The density of signs and the variety of storefronts indicate a place where people might frequent for shopping, dining, or other commercial activities. The overall atmosphere is one of activity and commerce, with a focus on accessibility and convenience for the drivers.

[6/7] Category 6: cultural_language_inference
Question: Which visible phone number area code suggests the driving location is in New York City?
Prediction: The visible phone number area code "718" suggests that the driving location is in New York City. This area code is commonly used in New York City and is associated with the city's phone network.

[7/7] Category 7: entity_tracking_persistence
Question: On how many distinct storefronts does the text VILLAGE appear in the clip?
Prediction: The text VILLAGE appears in the clip in two distinct storefronts.

Saved predictions: benchmarks_results/results/InternVL2-1B/VQA_InternVL2-1B_951.json
Saved metrics: benchmarks_results/results/InternVL2-1B/eval_results_951.csv

======================================================================
VIDEO 952
/home2/gagandeep/benchmark/videos/900/952.mp4
Questions: 7
======================================================================

[1/7] Category 1: spatial_ordinal_navigation
Question: What text is located directly beneath the motto "Common Sense Solutions To Your Environmental Concerns" on the service vehicle?
Prediction: The text located directly beneath the motto "Common Sense Solutions To Your Environmental Concerns" on the service vehicle is "Cascadia Water Services."

[2/7] Category 2: entity_aggregation_semantic_filtering
Question: How many distinct text instances are printed on or designate the yellow school vehicle?
Prediction: There are two distinct instances of text printed on or designated for the yellow school vehicle.

[3/7] Category 3: temporal_sequencing_order
Question: What is the chronological order in which the decals MOBILINK, 2626, and 379 CR become visible on the service vehicle?
Prediction: The decals MOBILINK, 2626, and 379 CR become visible on the service vehicle in the following chronological order:

1. The first visible decal is on the white van with the text "MOBILINK" and the number "2626" on the rear side.
2. The second visible decal is on the rear side of the same white van.
3. The third visible decal is on the rear side of the same white van.

[4/7] Category 4: navigational_reasoning_hazard_awareness
Question: What text on the yellow school vehicle indicates an emergency designation?
Prediction: The text on the yellow school vehicle indicates an emergency designation by displaying the words "EMERGENCY" in bold, black letters.

[5/7] Category 5: semantic_area_inference
Question: What type of driving environment is suggested by the presence of a school bus, pedestrians on a sidewalk, and a temporary garage sale sign?
Prediction: The presence of a school bus, pedestrians on a sidewalk, and a temporary garage sale sign suggests a mixed-use environment where residential and commercial activities coexist. The school bus indicates a neighborhood with access to public transportation, while the pedestrians and the garage sale sign imply a community that includes both residents and visitors. This setting is typical of a neighborhood where businesses and services are accessible to the local population, and there is a mix of daily life and commercial activity.

[6/7] Category 6: cultural_language_inference
Question: Which telephone area codes visible on the vehicles suggest this clip was filmed in the New York metropolitan area?
Prediction: The visible telephone area codes on the vehicles suggest that this clip was filmed in the New York metropolitan area. The numbers on the vehicles are 516, 519, 519, 519, 519, 519, 519, 519, 519, 519, 519, 519, 519, 519, 519, 519, 519, 519, 519, 519,

[7/7] Category 7: entity_tracking_persistence
Question: At what timestamp does the vehicle identification number 2626 first become clearly visible on the service vehicle?
Prediction: The vehicle identification number 2626 first becomes clearly visible on the service vehicle at the beginning of the video.

Saved predictions: benchmarks_results/results/InternVL2-1B/VQA_InternVL2-1B_952.json
Saved metrics: benchmarks_results/results/InternVL2-1B/eval_results_952.csv

======================================================================
VIDEO 953
/home2/gagandeep/benchmark/videos/900/953.mp4
Questions: 7
======================================================================

[1/7] Category 1: spatial_ordinal_navigation
Question: What sign is located directly below the REWARDS sign on the main promotion board?
Prediction: The sign located directly below the REWARDS sign on the main promotion board is the "CASH CASH" sign.

[2/7] Category 2: entity_aggregation_semantic_filtering
Question: How many distinct fuel price text instances are displayed on the gas station signs during the clip?
Prediction: There are two distinct fuel price text instances displayed on the gas station signs during the clip.

[3/7] Category 3: temporal_sequencing_order
Question: What is the chronological order in which the price signs showing 3591 and 359 are encountered?
Prediction: The price signs showing 3591 and 359 are encountered in the following chronological order:

[4/7] Category 4: navigational_reasoning_hazard_awareness
Question: Is there any directional or instructional text that a driver must act on near the Shell Gas Station?
Prediction: Yes, there is a sign on the side of the road near the Shell Gas Station that reads "STOP HERE ON RED SIGNAL." This indicates that the driver must stop at the red signal before proceeding.

[5/7] Category 5: semantic_area_inference
Question: What type of driving environment is suggested by the presence of a gas station, tire shop, and sheet metal business?
Prediction: The presence of a gas station, tire shop, and sheet metal business suggests a commercial driving environment. These establishments are typically found in urban areas where there is a demand for fuel, tire services, and sheet metal fabrication, indicating that the area is likely a commercial district with a mix of residential and commercial activities. The presence of these businesses implies that the area is not solely residential but also serves as a hub for commercial and possibly industrial activities.

[6/7] Category 6: cultural_language_inference
Question: In what language is the text on the Action Sheetmetal building written?
Prediction: The text on the Action Sheetmetal building is written in English.

[7/7] Category 7: entity_tracking_persistence
Question: At what timestamp range do the flat fix related signs first become visible in the clip?
Prediction: The flat fix related signs first become visible in the clip at approximately 1.00 seconds into the video.

Saved predictions: benchmarks_results/results/InternVL2-1B/VQA_InternVL2-1B_953.json
Saved metrics: benchmarks_results/results/InternVL2-1B/eval_results_953.csv

======================================================================
VIDEO 954
/home2/gagandeep/benchmark/videos/900/954.mp4
Questions: 7
======================================================================

[1/7] Category 1: spatial_ordinal_navigation
Question: What is the spatial position of the text EXIT relative to the word Ave on the overhead sign?
Prediction: The text "EXIT" is located on the right side of the overhead sign, while the word "AVE" is on the left side. The text "EXIT" is positioned above the word "AVE," indicating that the EXIT is to the right of the word "AVE."

[2/7] Category 2: entity_aggregation_semantic_filtering
Question: How many distinct pieces of text are visible on the overhead green exit sign?
Prediction: The green exit sign in the video has multiple distinct pieces of text. It includes the words "EXIT ONLY" and "BRADLEY AV."

[3/7] Category 3: temporal_sequencing_order
Question: What is the order of events between passing the overhead exit sign and coming to a slow crawl behind the red sedan?
Prediction: The order of events between passing the overhead exit sign and coming to a slow crawl behind the red sedan is as follows: the red sedan is seen approaching the exit sign, which is marked with an arrow pointing to the right. The red sedan then passes the exit sign, indicating a change in direction. Following the exit sign, the red sedan continues to move forward, passing other vehicles on the road. Finally, the red sedan comes to a stop at the intersection, where it is seen waiting for the light to change, indicating a slow crawl behind the red sedan.

[4/7] Category 4: navigational_reasoning_hazard_awareness
Question: Based on the text on the overhead sign, what driving action is indicated for the lane below it?
Prediction: The text on the overhead sign indicates that the lane below it is designated for EXIT ONLY, which means that vehicles are not permitted to enter this lane. This suggests that the lane is likely a restricted area, possibly a bypass or a less-traveled route, and drivers must adhere to this restriction to avoid any potential hazards or to maintain the flow of traffic.

[5/7] Category 5: semantic_area_inference
Question: What type of driving environment is suggested by the overhead exit sign and the multi-lane road layout?
Prediction: The overhead exit sign indicates that the road is part of a multi-lane highway, which is a common feature in urban and suburban areas where traffic is managed to accommodate multiple lanes. The presence of multiple lanes suggests that the road is designed to handle a significant volume of traffic, which is typical of highways or major arterial roads. The road layout, with its clear lane markings and the absence of any visible congestion, implies that the highway is designed to manage high traffic volumes efficiently. The environment suggests a well-maintained and possibly well-regulated traffic flow, which is characteristic of urban or suburban highways.

[6/7] Category 6: cultural_language_inference
Question: What language is used for the text on the overhead exit sign?
Prediction: The text on the overhead exit sign is in English.

[7/7] Category 7: entity_tracking_persistence
Question: At what timestamp does the text Bradley first become clearly displayed on the overhead sign?
Prediction: The text "Bradley Ave" first becomes clearly displayed on the overhead sign at the beginning of the video.

Saved predictions: benchmarks_results/results/InternVL2-1B/VQA_InternVL2-1B_954.json
Saved metrics: benchmarks_results/results/InternVL2-1B/eval_results_954.csv

======================================================================
VIDEO 955
/home2/gagandeep/benchmark/videos/900/955.mp4
Questions: 7
======================================================================

[1/7] Category 1: spatial_ordinal_navigation
Question: What text is located directly below the word OVER on the weight limit sign to the left of Waterside Plaza?
Prediction: The text located directly below the word "OVER" on the weight limit sign to the left of Waterside Plaza is "E 42 St."

[2/7] Category 2: entity_aggregation_semantic_filtering
Question: How many distinct, legible text instances are encountered by the vehicle between 1.500 and 3.000 seconds?
Prediction: Between 1.500 and 3.000 seconds, the vehicle encounters the following distinct, legible text instances: "E 42 St," "E 34 St," "E 31 St," "E 36 St," "E 37 St," "E 38 St," "E 39 St," "E 40 St," "E 41 St," "E 42 St," "E 43 St," "E 44 St," "E 45 St," "E 46 St," "E

[3/7] Category 3: temporal_sequencing_order
Question: What is the order of the signs encountered by the vehicle between 3.500 and 4.500 seconds?
Prediction: Between 3.500 and 4.500 seconds, the vehicle encounters the green sign indicating "E 34 St." The sign is located on the right side of the road, and the vehicle is moving in the same direction as the sign.

[4/7] Category 4: navigational_reasoning_hazard_awareness
Question: What warning text is displayed on the orange construction sign passed at 4.367 seconds?
Prediction: The warning text displayed on the orange construction sign at 4.367 seconds is "No Trucks."

[5/7] Category 5: semantic_area_inference
Question: Based on the presence of multiple exit signs, route markers, and overpasses, what driving environment is depicted?
Prediction: The driving environment depicted is one of a busy urban highway, likely in a metropolitan area. The presence of multiple exit signs, route markers, and overpasses indicates that the road is designed to handle a high volume of traffic and to provide clear directions to various destinations. The overpasses suggest that the highway is a major thoroughfare, possibly serving as a major arterial route within the city. The overpass in the background with a green sign indicates that the highway is part of a larger network of roads, which is typical in densely populated urban areas where multiple routes intersect and connect.

[6/7] Category 6: cultural_language_inference
Question: Which specific street names and route markers suggest this clip is filmed in New York City?
Prediction: The specific street names and route markers that suggest this clip is filmed in New York City include "E 42 St" and "E 34 St," which are part of the New York City Subway system. Additionally, the green road signs with white lettering are indicative of the New York City's traffic signage system. The presence of these markers and the style of the vehicles, including the white van, are consistent with the New York City environment.

[7/7] Category 7: entity_tracking_persistence
Question: At what timestamp does the weight-limit sign containing the text 8000 Lbs first appear in view?
Prediction: The weight-limit sign containing the text 8000 Lbs first appears in view at approximately 1:00:00.

Saved predictions: benchmarks_results/results/InternVL2-1B/VQA_InternVL2-1B_955.json
Saved metrics: benchmarks_results/results/InternVL2-1B/eval_results_955.csv

======================================================================
VIDEO 956
/home2/gagandeep/benchmark/videos/900/956.mp4
Questions: 7
======================================================================

[1/7] Category 1: spatial_ordinal_navigation
Question: What instruction is located directly to the left of the SERVICE signboard?
Prediction: The instruction located directly to the left of the SERVICE signboard is "No Parking."

[2/7] Category 2: entity_aggregation_semantic_filtering
Question: How many distinct vehicle-mounted text instances are visible on the white transport van between 1.133s and 1.767s?
Prediction: Between 1.133s and 1.767s, there are two distinct vehicle-mounted text instances on the white transport van.

[3/7] Category 3: temporal_sequencing_order
Question: What is the order in which the overhead sign texts are encountered at the very beginning of the clip?
Prediction: The order in which the overhead sign texts are encountered at the beginning of the clip is "LIMIT 1000 LBS" on the left and "PASSENGER CARS ONLY" on the right.

[4/7] Category 4: navigational_reasoning_hazard_awareness
Question: What weight limit restriction is displayed on the gantry to restrict vehicle weight?
Prediction: The weight limit restriction displayed on the gantry is "1000 lbs."

[5/7] Category 5: semantic_area_inference
Question: Based on the presence of overhead exit signs, lane-use restrictions, and weight limits, what type of driving environment is depicted?
Prediction: The driving environment depicted is one that requires adherence to specific traffic regulations and safety measures. The presence of weight limits, lane markings, and the use of a speed limit sign indicates that the road is designed for regulated traffic, likely in a commercial or industrial area where heavy vehicles are permitted. The restrictions on the number of vehicles and the presence of a police van suggest that this is a busy urban area with a need for traffic control and regulation.

[6/7] Category 6: cultural_language_inference
Question: What specific city is indicated by the markings on the white transport van?
Prediction: The specific city indicated by the markings on the white transport van is New York City, as the van has a blue and white stripe with the letters "NYC" visible on its side.

[7/7] Category 7: entity_tracking_persistence
Question: For what time range are the vehicle-mounted markings NYC, CHILDREN'S, SERVICES, DIV, and OF SOUTH AND FAMILY JUSTICE continuously visible on the white transport van?
Prediction: The vehicle-mounted markings NYC, CHILDREN'S, SERVICES, DIV, and OF SOUTH AND FAMILY JUSTICE are continuously visible on the white transport van during the time range from 10:00 AM to 10:00 PM.

Saved predictions: benchmarks_results/results/InternVL2-1B/VQA_InternVL2-1B_956.json
Saved metrics: benchmarks_results/results/InternVL2-1B/eval_results_956.csv

======================================================================
VIDEO 957
/home2/gagandeep/benchmark/videos/900/957.mp4
Questions: 7
======================================================================

[1/7] Category 1: spatial_ordinal_navigation
Question: What green information board is located directly to the left of the yellow speed advisory sign displaying 15 M P H?
Prediction: The green information board directly to the left of the yellow speed advisory sign displaying 15 M P H is labeled "Museum of Modern Art."

[2/7] Category 2: entity_aggregation_semantic_filtering
Question: How many vehicle-mounted text instances (such as license plates or vehicle tags) are visible between 1.2 and 1.767 seconds?
Prediction: Between 1.2 and 1.767 seconds, there are two instances of vehicle-mounted text visible. One is a license plate on a red car, and the other is a license plate on a white van.

[3/7] Category 3: temporal_sequencing_order
Question: What is the order in which the orange construction warning sign, the yellow speed advisory sign, and the green overhead signs are encountered?
Prediction: The orange construction warning sign is first encountered, followed by the yellow speed advisory sign, and then the green overhead signs.

[4/7] Category 4: navigational_reasoning_hazard_awareness
Question: What warning text on the right side of the road indicates a hazard or construction ahead?
Prediction: The warning text on the right side of the road indicates a hazard or construction ahead, which is a common sight on busy highways. The text is in a large, bold font and is placed on a green sign that is mounted on a pole. The text is not fully legible due to the distance and angle of the image, but it is clearly meant to alert drivers of potential construction or roadwork ahead.

[5/7] Category 5: semantic_area_inference
Question: Based on the presence of overhead exit signs, multiple highway lanes, and construction warning signs, what type of road is the vehicle traveling on?
Prediction: The vehicle is traveling on a multi-lane highway, as indicated by the presence of multiple lanes and the overhead exit signs that suggest a well-developed road network. The construction warning signs imply that there is ongoing work or maintenance on the road, which is common in urban areas where there is a need for regular maintenance to ensure safety and efficiency.

[6/7] Category 6: cultural_language_inference
Question: Which specific city or region is suggested by the green information board displaying SUNY State College Optometry?
Prediction: The green information board displaying SUNY State College Optometry suggests that the city or region is likely New York City. This inference is based on the recognizable green color of the board, which is commonly associated with New York State. Additionally, the presence of the helicopter flying over the city skyline is a common sight in New York City, further supporting this identification.

[7/7] Category 7: entity_tracking_persistence
Question: During what specific time range are the overhead highway exit signs displaying EXIT 9, E 42 St, and RIGHT LANE visible in the clip?
Prediction: The overhead highway exit signs displaying EXIT 9, E 42 St, and RIGHT LANE are visible during the time range from the beginning of the video to the end of the clip.

Saved predictions: benchmarks_results/results/InternVL2-1B/VQA_InternVL2-1B_957.json
Saved metrics: benchmarks_results/results/InternVL2-1B/eval_results_957.csv

======================================================================
VIDEO 958
/home2/gagandeep/benchmark/videos/900/958.mp4
Questions: 7
======================================================================

[1/7] Category 1: spatial_ordinal_navigation
Question: What parking sign text is located to the left of the license registration AT * 665J?
Prediction: The parking sign text located to the left of the license registration "AT 665J" is "No Parking."

[2/7] Category 2: entity_aggregation_semantic_filtering
Question: How many distinct text instances are located on the automotive service building on the left side of the street?
Prediction: There are two distinct text instances on the automotive service building on the left side of the street. One instance is a yellow sign with black lettering, and the other is a red sign with white lettering.

[3/7] Category 3: temporal_sequencing_order
Question: What is the chronological order of the first three text instances encountered on the right side of the street?
Prediction: The first three text instances encountered on the right side of the street are "CASH," "CASH," and "CASH."

[4/7] Category 4: navigational_reasoning_hazard_awareness
Question: What text on a regulatory traffic sign indicates a driving constraint or instruction across from the DAK sign?
Prediction: The text on the regulatory traffic sign that indicates a driving constraint or instruction across from the DAK sign is not clearly visible in the video. The sign is too far away and blurred to read accurately.

[5/7] Category 5: semantic_area_inference
Question: What type of driving environment is suggested by the storefronts, digital billboards, and commercial signs?
Prediction: The driving environment suggested by the storefronts, digital billboards, and commercial signs indicates a commercial and possibly urban setting. The presence of storefronts with signage and the digital billboards with advertisements implies a commercial area where businesses are likely to be located. The digital billboards, in particular, are indicative of a modern urban environment where digital displays are common for advertising purposes. The overall impression is that of a bustling, commercial district with a mix of residential and commercial spaces.

[6/7] Category 6: cultural_language_inference
Question: Which state and city are suggested by the phone number area code and inspection sign text?
Prediction: The phone number area code and inspection sign text suggest that the location is in New York City. The area code "718" is commonly associated with New York, and the text on the inspection sign, which reads "New York City," is a clear indicator of the city.

[7/7] Category 7: entity_tracking_persistence
Question: For what time range are the digital billboard texts THE, DISPLAYERS, and Snycom tracked at the start of the clip?
Prediction: The digital billboard texts "THE," "DISPLAYERS," and "Snycom" are tracked at the start of the clip.

Saved predictions: benchmarks_results/results/InternVL2-1B/VQA_InternVL2-1B_958.json
Saved metrics: benchmarks_results/results/InternVL2-1B/eval_results_958.csv

======================================================================
VIDEO 959
/home2/gagandeep/benchmark/videos/900/959.mp4
Questions: 7
======================================================================

[1/7] Category 1: spatial_ordinal_navigation
Question: What text is visible on the green utility post located to the left of the OUTFRONT media branding?
Prediction: The green utility post located to the left of the OUTFRONT media branding has the text "OUTFRONT" written on it.

[2/7] Category 2: entity_aggregation_semantic_filtering
Question: How many distinct text instances are visible on the vehicles in the active roadway lanes?
Prediction: There are two distinct text instances visible on the vehicles in the active roadway lanes. One is on the red car, and the other is on the white truck.

[3/7] Category 3: temporal_sequencing_order
Question: In what order does the vehicle encounter the text on the construction fence, the FDNY SUV, and the garbage truck?
Prediction: The vehicle encounters the text on the construction fence first, followed by the FDNY SUV, and then the garbage truck.

[4/7] Category 4: navigational_reasoning_hazard_awareness
Question: What warning text is displayed on the rear right side of the silver garbage truck?
Prediction: The warning text displayed on the rear right side of the silver garbage truck reads "DON'T LITTER."

[5/7] Category 5: semantic_area_inference
Question: What type of driving environment is suggested by the presence of a construction fence, municipal vehicles, and a large billboard?
Prediction: The presence of a construction fence, municipal vehicles, and a large billboard suggests a mixed-use environment where urban infrastructure is being maintained and developed simultaneously. The construction fence indicates ongoing development, while the municipal vehicles, including the police car, suggest regular traffic and the need for public safety. The large billboard, although not directly related to the driving environment, implies that the area is likely a commercial or business district, where advertisements are common. This setting reflects a dynamic urban environment where infrastructure is being updated and maintained, and the presence of public services like police and the billboard indicates a well-organized and possibly affluent area.

[6/7] Category 6: cultural_language_inference
Question: Which text on the emergency SUV suggests the clip is filmed in New York City?
Prediction: The text on the emergency SUV reads "DON'T LITTER," which is a common urban guideline in New York City. This text, along with the cityscape visible in the background, strongly suggests that the clip was filmed in New York City.

[7/7] Category 7: entity_tracking_persistence
Question: During which time range is the billboard text simple ingredients not a lot of sugar visible?
Prediction: The billboard text "simple ingredients, not a lot of sugar" is visible during the time range from the beginning of the video to the end.

Saved predictions: benchmarks_results/results/InternVL2-1B/VQA_InternVL2-1B_959.json
Saved metrics: benchmarks_results/results/InternVL2-1B/eval_results_959.csv

======================================================================
VIDEO 960
/home2/gagandeep/benchmark/videos/900/960.mp4
Questions: 7
======================================================================

[1/7] Category 1: spatial_ordinal_navigation
Question: What is the spatial position of the SCHOOL road marking relative to the SLOW road marking as the vehicle moves forward?
Prediction: The SCHOOL road marking is located on the right side of the road, and the SLOW road marking is on the left side. As the vehicle moves forward, the SCHOOL road marking is closer to the camera, while the SLOW road marking is further back, indicating that the vehicle is moving in the direction of the SCHOOL road.

[2/7] Category 2: entity_aggregation_semantic_filtering
Question: How many yellow road markings are painted on the asphalt of this residential street?
Prediction: There are a total of six yellow road markings painted on the asphalt of the residential street.

[3/7] Category 3: temporal_sequencing_order
Question: What is the chronological order in which the yellow road markings are passed by the vehicle between 3.00 and 7.50 seconds?
Prediction: The yellow road markings are passed by the vehicle in the following chronological order: 3.00 seconds, 4.00 seconds, 5.00 seconds, 6.00 seconds, 7.50 seconds.

[4/7] Category 4: navigational_reasoning_hazard_awareness
Question: What warning or instructional text is painted on the road surface to advise the driver to reduce speed?
Prediction: The warning text painted on the road surface to advise the driver to reduce speed is "SLOW." This is a common instruction for drivers to slow down when approaching intersections, especially in residential areas where there may be pedestrians and vehicles.

[5/7] Category 5: semantic_area_inference
Question: Based on the road markings indicating a school crossing and the surrounding buildings, what type of driving environment is depicted?
Prediction: The driving environment depicted is likely a residential area with a school crossing, as indicated by the "SCHOOL" markings on the road. The presence of parked cars and the residential buildings suggests that this is a neighborhood where children may cross the street to attend school. The traffic lights and the pedestrian crossing sign further imply that this is a safe and regulated area for pedestrian and vehicular movement.

[6/7] Category 6: cultural_language_inference
Question: What language is used for the road markings painted on the asphalt?
Prediction: The road markings painted on the asphalt are in English, as indicated by the words "SCHOOL" and "XING" written in capital letters.

[7/7] Category 7: entity_tracking_persistence
Question: At what timestamp does the vehicle roll over the yellow road marking SCHOOL?
Prediction: The vehicle rolls over the yellow road marking SCHOOL at approximately 1:00 minutes into the video.

Saved predictions: benchmarks_results/results/InternVL2-1B/VQA_InternVL2-1B_960.json
Saved metrics: benchmarks_results/results/InternVL2-1B/eval_results_960.csv

======================================================================
VIDEO 961
/home2/gagandeep/benchmark/videos/900/961.mp4
Questions: 7
======================================================================

[1/7] Category 1: spatial_ordinal_navigation
Question: What text is located directly below Sheridan Expwy on the right overhead signboard?
Prediction: The text located directly below Sheridan Expwy on the right overhead signboard is "Sheridan Expwy."

[2/7] Category 2: entity_aggregation_semantic_filtering
Question: How many distinct text instances are visible on the left overhead signboard between 1.833 seconds and 3.967 seconds?
Prediction: Between 1.833 seconds and 3.967 seconds, there are two distinct text instances visible on the left overhead signboard.

[3/7] Category 3: temporal_sequencing_order
Question: What is the order in which the overhead signs, the yellow warning sign, and the speed limit sign are encountered?
Prediction: The order of the overhead signs, the yellow warning sign, and the speed limit sign is as follows: the green sign with white text indicating "Cross Bronx Expwy" is seen first, followed by the yellow warning sign, and then the speed limit sign.

[4/7] Category 4: navigational_reasoning_hazard_awareness
Question: What text on the left concrete barrier indicates a speed restriction near the end of the clip?
Prediction: The text on the left concrete barrier indicates a speed restriction near the end of the clip. It reads "45 mph," which is a speed limit that is typically enforced to ensure safety and prevent excessive speed on the highway.

[5/7] Category 5: semantic_area_inference
Question: What type of road environment is suggested by the presence of multiple overhead guide signs, exit indicators, and highway numbers?
Prediction: The presence of multiple overhead guide signs, exit indicators, and highway numbers suggests a well-maintained and organized road environment. The signs are clearly marked and provide clear directions to various exits, indicating a well-organized traffic management system. The highway numbers, such as "E 177 St" and "E 177 St. 10," imply that the road is part of a larger network of highways, possibly serving multiple destinations. The overall condition of the road, with no visible potholes or damage, further supports the idea of a well-maintained and safe driving environment.

[6/7] Category 6: cultural_language_inference
Question: Which specific bridge names visible on the overhead signs suggest this clip is filmed in the New York City region?
Prediction: The specific bridge names visible on the overhead signs that suggest this clip is filmed in the New York City region are "Thurgood Marshall Br." and "G Washington Br." These names are part of the New York City Bridge System, which is known for its extensive network of bridges connecting different boroughs of New York City.

[7/7] Category 7: entity_tracking_persistence
Question: During what specific time range do the overhead green guide signs remain continuously visible in the clip?
Prediction: The overhead green guide signs remain continuously visible in the clip during the time range from 10:00 PM to 11:00 PM. This is indicated by the consistent visibility of the signs across the entire duration of the video.

Saved predictions: benchmarks_results/results/InternVL2-1B/VQA_InternVL2-1B_961.json
Saved metrics: benchmarks_results/results/InternVL2-1B/eval_results_961.csv

======================================================================
VIDEO 962
/home2/gagandeep/benchmark/videos/900/962.mp4
Questions: 7
======================================================================

[1/7] Category 1: spatial_ordinal_navigation
Question: What text is located to the right of the ONLY lane marking?
Prediction: The text located to the right of the ONLY lane marking is "ONLY."

[2/7] Category 2: entity_aggregation_semantic_filtering
Question: How many vehicle-mounted text instances are visible in this clip?
Prediction: In the video, there are multiple instances of vehicle-mounted text visible.

[3/7] Category 3: temporal_sequencing_order
Question: What is the order of encounter for the text instances AHEAD, SCHOOL, and Hampton Inv between 3.767s and 4.433s?
Prediction: To determine the order of encounter for the text instances "SCHOOL" and "HAMPTON INV" between 3.767s and 4.433s, we need to analyze the timestamps and the text content of each instance.

1. **SCHOOL**:
   - Timestamp: 3.767s
   - Text content: "SCHOOL"
   - The text "SCHOOL" appears at the beginning of the video frame, indicating it is encountered at the start of the sequence.

2. **HAMPTON INV**:
   - Timestamp: 4.433s

[4/7] Category 4: navigational_reasoning_hazard_awareness
Question: What regulatory text indicating a driving constraint is visible between the Starbucks Coffee storefront and the Diner outlet?
Prediction: The regulatory text visible between the Starbucks Coffee storefront and the Diner outlet is "NO STOPPING."

[5/7] Category 5: semantic_area_inference
Question: What type of environment does the high density of storefronts and business signs suggest?
Prediction: The high density of storefronts and business signs suggests a commercial environment, likely a downtown area of a city. The variety of businesses, including a pharmacy, a restaurant, and a convenience store, indicates a mix of retail and service-oriented establishments. The presence of multiple signs and the busy traffic imply a vibrant commercial district where businesses cater to a large number of customers.

[6/7] Category 6: cultural_language_inference
Question: What language is the text on the storefronts and street signs written in?
Prediction: The text on the storefronts and street signs is written in English.

[7/7] Category 7: entity_tracking_persistence
Question: For what time range is the ONLY lane marking visible in the clip?
Prediction: The ONLY lane marking is visible in the clip during the time range from approximately 1:00 to 1:30 PM. This is indicated by the presence of the white lane markings on the road, which are clearly visible and distinct from the surrounding traffic.

Saved predictions: benchmarks_results/results/InternVL2-1B/VQA_InternVL2-1B_962.json
Saved metrics: benchmarks_results/results/InternVL2-1B/eval_results_962.csv

======================================================================
VIDEO 963
/home2/gagandeep/benchmark/videos/900/963.mp4
Questions: 7
======================================================================

[1/7] Category 1: spatial_ordinal_navigation
Question: What text is visible on the orange sign located to the left of the EXIT 3 marker across the lanes?
Prediction: The orange sign located to the left of the EXIT 3 marker across the lanes has the text "EXIT 3" in white letters.

[2/7] Category 2: entity_aggregation_semantic_filtering
Question: How many distinct text instances are displayed on the billboard that comes into view around 4.7 seconds?
Prediction: The billboard that comes into view around 4.7 seconds displays two distinct text instances.

[3/7] Category 3: temporal_sequencing_order
Question: What is the order in which the overhead signs for E 138 St and E 161 St are encountered as the vehicle moves forward?
Prediction: The order in which the overhead signs for E 138 St and E 161 St are encountered as the vehicle moves forward is as follows: the first sign is for E 138 St, which is located on the right side of the highway, and the second sign is for E 161 St, which is on the left side of the highway.

[4/7] Category 4: navigational_reasoning_hazard_awareness
Question: What speed limit constraint is indicated by the regulatory sign passed on the left shoulder at 1.867 seconds?
Prediction: The regulatory sign on the left shoulder indicates a speed limit of 1.867 miles per hour (MPH). This is a standard speed limit for highways, which is a common regulatory measure to ensure safety and efficiency on the road.

[5/7] Category 5: semantic_area_inference
Question: Based on the presence of overhead signs for E 138 St and E 161 St, what type of driving environment is depicted?
Prediction: The presence of overhead signs for E 138 St and E 161 St indicates that the driving environment is likely a multi-lane highway with multiple exits and access points. The signs are designed to provide drivers with clear directions to various exits, which suggests that the highway is designed for high traffic volumes and requires drivers to be aware of multiple exits and the need to navigate through different routes. The signs are strategically placed to be visible from a distance, which is typical for highways where drivers need to be able to see the road ahead and the exits at a glance.

[6/7] Category 6: cultural_language_inference
Question: Which specific street and bridge names visible on the overhead signs suggest this clip is filmed in New York City?
Prediction: The specific street and bridge names visible on the overhead signs are "E 138 St," "Madison Ave B," and "E 161 St." These names are indicative of the streets and bridges that are commonly found in New York City, particularly in the areas of Manhattan and Brooklyn. The presence of these street names, along with the Brooklyn Bridge, suggests that the scene is filmed in New York City.

[7/7] Category 7: entity_tracking_persistence
Question: At what timestamp do the signs displaying 1 MILE, EXIT, and EXIT 3 become fully legible?
Prediction: The signs displaying 1 MILE, EXIT, and EXIT 3 become fully legible as the video progresses, showing the exact locations of the exits.

Saved predictions: benchmarks_results/results/InternVL2-1B/VQA_InternVL2-1B_963.json
Saved metrics: benchmarks_results/results/InternVL2-1B/eval_results_963.csv

======================================================================
VIDEO 964
/home2/gagandeep/benchmark/videos/900/964.mp4
Questions: 7
======================================================================

[1/7] Category 1: spatial_ordinal_navigation
Question: What overhead sign is located to the right of the exit sign for E 138 St?
Prediction: The overhead sign to the right of the exit sign for E 138 St is labeled "WORK ZONE SPEED LIMIT 35."

[2/7] Category 2: entity_aggregation_semantic_filtering
Question: How many distinct text instances are mounted on the white commercial pickup truck?
Prediction: There are two distinct text instances mounted on the white commercial pickup truck.

[3/7] Category 3: temporal_sequencing_order
Question: What text is visible on the left side of the highway right before the vehicle passes the green pedestrian overpass?
Prediction: The text visible on the left side of the highway right before the vehicle passes the green pedestrian overpass is "NO TRUCKS."

[4/7] Category 4: navigational_reasoning_hazard_awareness
Question: What text on the concrete median barrier restricts certain vehicles from using the left lane?
Prediction: The text on the concrete median barrier that restricts certain vehicles from using the left lane is "NO TRUCKS."

[5/7] Category 5: semantic_area_inference
Question: Based on the presence of overhead exit signs, route shields, and speed limit signs, what kind of driving environment does this clip depict?
Prediction: The presence of overhead exit signs, route shields, and speed limit signs indicates that this driving environment is regulated and structured, likely within a city or suburban area where traffic management is a priority. The signs are designed to guide drivers through the route, ensuring they follow the correct route and speed limits. The overpass and the presence of multiple lanes suggest that this is a multi-lane highway, which is common in urban or suburban settings where traffic volume is high. The overall environment appears to be one where traffic regulation is enforced, and drivers must adhere to specific rules and regulations to navigate safely.

[6/7] Category 6: cultural_language_inference
Question: Which street names and bridge names visible in the clip suggest the setting is in New York City?
Prediction: The street names visible in the clip include "Madison Ave Br" and "E 161 St," which are both streets commonly found in New York City. Additionally, the bridge name "1 M Ave" is visible, which is a notable landmark in Manhattan. The presence of these street names and the bridge name suggests that the setting is in New York City.

[7/7] Category 7: entity_tracking_persistence
Question: For what time range is the white pickup truck's contact number visible in the clip?
Prediction: The white pickup truck's contact number is visible in the clip during the time range of approximately 1:00 PM to 1:00 PM. This is deduced from the timestamp on the phone number display, which shows the time of day when the phone number was displayed.

Saved predictions: benchmarks_results/results/InternVL2-1B/VQA_InternVL2-1B_964.json
Saved metrics: benchmarks_results/results/InternVL2-1B/eval_results_964.csv

======================================================================
VIDEO 965
/home2/gagandeep/benchmark/videos/900/965.mp4
Questions: 7
======================================================================

[1/7] Category 1: spatial_ordinal_navigation
Question: What text is located directly to the right of the word BUSES on the regulatory sign?
Prediction: The text located directly to the right of the word "BUSES" on the regulatory sign is "E 161 St."

[2/7] Category 2: entity_aggregation_semantic_filtering
Question: How many distinct license plates are visible on vehicles in this video clip?
Prediction: In the video, there are multiple vehicles with distinct license plates visible. However, the exact number cannot be determined precisely without counting each license plate individually.

[3/7] Category 3: temporal_sequencing_order
Question: In what order does the driver encounter the text TRUCKS, Macombs Dam Br, and EXIT as the vehicle travels forward?
Prediction: The driver encounters the text "TRUCKS" first, followed by "Macombs Dam Br" and then "EXIT" as the vehicle moves forward.

[4/7] Category 4: navigational_reasoning_hazard_awareness
Question: What specific text on the regulatory sign on the left side of the road restricts certain vehicles from the left lane?
Prediction: The specific text on the regulatory sign on the left side of the road that restricts certain vehicles from the left lane is not clearly visible in the video. The sign appears to be a standard traffic sign, but the text is not legible due to the resolution and angle of the video.

[5/7] Category 5: semantic_area_inference
Question: Based on the presence of regulatory lane signs, overhead exit gantry signs, and multiple lanes of traffic, what type of road is the vehicle traveling on?
Prediction: The vehicle is traveling on a multi-lane highway, as indicated by the presence of multiple lanes of traffic, the overhead exit gantry signs, and the multiple lanes of traffic visible in the image. The presence of a regulatory lane sign suggests that the highway is designed to accommodate vehicles traveling in both directions, which is typical for major highways.

[6/7] Category 6: cultural_language_inference
Question: What regional location in New York is suggested by the overhead exit signage text?
Prediction: The regional location in New York suggested by the overhead exit signage text is "E 161 St Macombs Dam Br." This indicates that the highway is in the New York metropolitan area, specifically in the vicinity of Macombs Dam, which is a notable landmark in the city.

[7/7] Category 7: entity_tracking_persistence
Question: At what timestamp does the yellow advisory exit sign displaying EXIT first come clearly into view, and what text is located directly below it?
Prediction: The yellow advisory exit sign displaying "EXIT" first appears at approximately 10 seconds into the video. Directly below the sign, the text "20" is visible, indicating the number of lanes ahead.

Saved predictions: benchmarks_results/results/InternVL2-1B/VQA_InternVL2-1B_965.json
Saved metrics: benchmarks_results/results/InternVL2-1B/eval_results_965.csv

======================================================================
VIDEO 966
/home2/gagandeep/benchmark/videos/900/966.mp4
Questions: 7
======================================================================

[1/7] Category 1: spatial_ordinal_navigation
Question: What is the spatial position of Hilltop Mall relative to DISTRICT as the vehicle moves forward?
Prediction: The spatial position of Hilltop Mall relative to DISTRICT as the vehicle moves forward is not explicitly described in the provided information. However, we can infer that the Mall is located to the right of the road, as indicated by the position of the building and the road markings. The exact distance from DISTRICT to Hilltop Mall cannot be determined from the given video without additional context or information.

[2/7] Category 2: entity_aggregation_semantic_filtering
Question: How many distinct text instances are visible on the wooden directional sign on the left shoulder?
Prediction: Based on the video, there are two distinct instances of text visible on the wooden directional sign on the left shoulder.

[3/7] Category 3: temporal_sequencing_order
Question: Which text instances are encountered 1st and 2nd on the wooden sign at 0.77 seconds before the others become visible?
Prediction: The text instances encountered at 0.77 seconds before the others become visible are "101" and "102".

[4/7] Category 4: navigational_reasoning_hazard_awareness
Question: What directional destinations are listed on the wooden sign on the left shoulder to guide the driver?
Prediction: The wooden sign on the left shoulder lists directions to various destinations, including "101" and "102," which are likely highway routes. The sign also includes a directional arrow, suggesting that the driver should follow the sign to the right to reach the destinations listed.

[5/7] Category 5: semantic_area_inference
Question: What does the mix of text on the wooden sign suggest about the surrounding area?
Prediction: The mix of text on the wooden sign, which appears to be a sign with a variety of words, suggests that the surrounding area might be a place with a diverse range of businesses or services. The presence of multiple languages indicates that the area could be a tourist destination or a place where different cultures and languages are represented. The sign's design, with its wooden material and simple, yet clear, text, implies that it is meant to be easily readable and accessible to a wide audience, possibly indicating that the area is a commercial or tourist hub.

[6/7] Category 6: cultural_language_inference
Question: What language is the text on the wooden directional sign written in?
Prediction: The text on the wooden directional sign is written in Spanish.

[7/7] Category 7: entity_tracking_persistence
Question: At what timestamp does the text HILLTOP first become legible on the wooden sign?
Prediction: The text "HILLTOP" first becomes legible on the wooden sign at the beginning of the video.

Saved predictions: benchmarks_results/results/InternVL2-1B/VQA_InternVL2-1B_966.json
Saved metrics: benchmarks_results/results/InternVL2-1B/eval_results_966.csv

======================================================================
VIDEO 967
/home2/gagandeep/benchmark/videos/900/967.mp4
Questions: 7
======================================================================

[1/7] Category 1: spatial_ordinal_navigation
Question: What text is located directly to the left of MARTIAL?
Prediction: The text located directly to the left of MARTIAL is "MARTIAL ARTS."

[2/7] Category 2: entity_aggregation_semantic_filtering
Question: How many distinct text instances containing numbers are associated with the EL TEQ storefront?
Prediction: Based on the given video, there are two distinct instances of the text "7185380020" containing numbers associated with the EL TEQ storefront.

[3/7] Category 3: temporal_sequencing_order
Question: What is the order in which the signs for DENTIST, CHURCH, and BUSES ONLY are encountered between 1.3s and 2.8s?
Prediction: The order of the signs for DENTIST, CHURCH, and BUSES ONLY is as follows: 

1. DENTIST
2. CHURCH
3. BUSES ONLY

[4/7] Category 4: navigational_reasoning_hazard_awareness
Question: What text on the signs near the DENTIST sign constrains vehicle movement or lane usage?
Prediction: The text on the signs near the DENTIST sign reads "NO PARKING." This indicates that vehicles are not allowed to park in that specific area.

[5/7] Category 5: semantic_area_inference
Question: Based on the density and type of legible text, such as MARTIAL ARTS, HALAL, and PARA TI, what kind of driving environment does this clip depict?
Prediction: The driving environment depicted in the video suggests a relatively busy urban area with a mix of commercial and possibly residential zones. The presence of legible text such as "MARTIAL ARTS," "HALAL," and "PARA TI" indicates that the area is likely a commercial district with a variety of businesses catering to different needs, such as fitness, dining, and possibly cultural or religious services. The text is not overly dense, which implies that the area is not overly congested, allowing for a steady flow of traffic without significant delays. The presence of pedestrians and the variety of storefronts also suggest that this is a vibrant, active

[6/7] Category 6: cultural_language_inference
Question: What regional location is suggested by the area codes in the phone numbers on the storefronts?
Prediction: The regional location suggested by the area codes in the phone numbers on the storefronts is likely to be in the United States, as the area codes are commonly used in the United States.

[7/7] Category 7: entity_tracking_persistence
Question: At what timestamp does the license plate AC-91331 first become legible in the clip?
Prediction: The license plate AC-91331 first becomes legible in the clip at the beginning of the video.

Saved predictions: benchmarks_results/results/InternVL2-1B/VQA_InternVL2-1B_967.json
Saved metrics: benchmarks_results/results/InternVL2-1B/eval_results_967.csv

======================================================================
VIDEO 968
/home2/gagandeep/benchmark/videos/900/968.mp4
Questions: 7
======================================================================

[1/7] Category 1: spatial_ordinal_navigation
Question: What regulatory sign is located directly below the street signs for Hancock and Evergreen?
Prediction: The regulatory sign located directly below the street signs for Hancock and Evergreen is a red stop sign.

[2/7] Category 2: entity_aggregation_semantic_filtering
Question: How many distinct text instances in this scene represent storefront names, commercial advertisements, or business contact details?
Prediction: In the scene, there are three distinct text instances representing storefront names, commercial advertisements, and business contact details. These include the "Food Corps" sign, the "HOT FOOD" sign, and the "HOT FOOD" sign.

[3/7] Category 3: temporal_sequencing_order
Question: What is the order of appearance for the regulatory ONE WAY sign, the signboard FOODCORP., and the contact number 718-443-7192?
Prediction: The ONE WAY sign appears first, followed by the signboard of FOODCORP., and then the contact number 718-443-7192.

[4/7] Category 4: navigational_reasoning_hazard_awareness
Question: Based on the visible text, what driving action is implied at the starting intersection?
Prediction: The driving action implied at the starting intersection is the driver's intention to stop at the intersection. This is indicated by the presence of the stop sign, the pedestrian crossing, and the parked cars, which are all in a ready-to-stop position. The driver is likely waiting for the pedestrian to cross the street before proceeding.

[5/7] Category 5: semantic_area_inference
Question: Based on the density of storefront signs, food advertisements, and street signs, what kind of driving environment is depicted?
Prediction: The driving environment depicted is one of a bustling commercial area, likely a downtown or a commercial district in a city. The presence of multiple food-related signs, such as "Food Corps" and "HOT FOOD," along with the variety of storefronts, suggests a vibrant commercial area with a focus on food and possibly retail. The density of signs and the variety of storefronts indicate a place where businesses are closely packed, catering to a high volume of customers. The street signs, including the "STOP" sign, are standard for urban areas, indicating a regulated traffic flow. The overall atmosphere is one of activity and commerce, typical of

[6/7] Category 6: cultural_language_inference
Question: Which specific text instance suggests the region or city where this clip was recorded?
Prediction: The specific text instance that suggests the region or city where this clip was recorded is the "Food Corps" sign on the building on the left side of the street. This sign is a clear indicator of the location, as it is a well-known sign associated with the Food Corps, a federal agency that provides food assistance to low-income families.

[7/7] Category 7: entity_tracking_persistence
Question: During which time range do the street signs for Hancock and Evergreen come into clearer view?
Prediction: The street signs for Hancock and Evergreen come into clearer view during the time range where the traffic light changes from red to green. This change occurs after the intersection of Hancock and Evergreen, where the traffic light turns green, allowing vehicles to proceed.

Saved predictions: benchmarks_results/results/InternVL2-1B/VQA_InternVL2-1B_968.json
Saved metrics: benchmarks_results/results/InternVL2-1B/eval_results_968.csv

======================================================================
VIDEO 969
/home2/gagandeep/benchmark/videos/900/969.mp4
Questions: 7
======================================================================

[1/7] Category 1: spatial_ordinal_navigation
Question: What readable text is located directly to the right of the text Prospect?
Prediction: The text "Prospect" is directly to the right of the text "Verazano Br Station is" on the green signboard.

[2/7] Category 2: entity_aggregation_semantic_filtering
Question: How many distinct, legible text instances first come into view or are detected between 2.1 and 2.8 seconds?
Prediction: Between 2.1 and 2.8 seconds, the first distinct, legible text instances detected are "Exit 12" and "Exit 13."

[3/7] Category 3: temporal_sequencing_order
Question: What is the order of detection for the signs Prospect and EXIT 24?
Prediction: The order of detection for the signs Prospect and EXIT 24 is as follows:

1. **Prospect** - The first sign on the left side of the highway, indicating the direction to Prospect.
2. **EXIT 24** - The second sign on the right side of the highway, indicating the direction to EXIT 24.

This order ensures that drivers can easily identify the correct exit routes based on the signs placed on the highway.

[4/7] Category 4: navigational_reasoning_hazard_awareness
Question: What specific vehicle types are restricted from the left lane according to the white regulatory sign?
Prediction: The specific vehicle types restricted from the left lane are commercial vehicles, as indicated by the white regulatory sign on the right side of the road.

[5/7] Category 5: semantic_area_inference
Question: What does the mix of directional signs, exit indicators, and lane restrictions suggest about the driving environment?
Prediction: The mix of directional signs, exit indicators, and lane restrictions suggests that the driving environment is complex and regulated. The presence of multiple lanes with different directional signs indicates that drivers must navigate through multiple exits and possibly through different traffic conditions. The lane restrictions imply that drivers must adhere to specific rules and possibly adhere to speed limits, as indicated by the speed limit sign. The mix of signs and the presence of a speed limit sign also suggest that the area is likely a busy interchange with multiple exits and possibly a significant amount of traffic.

[6/7] Category 6: cultural_language_inference
Question: Which specific bridge and island names visible on the directional signs suggest the vehicle is in the New York City area?
Prediction: The specific bridge and island names visible on the directional signs include "Prospect Br" and "Verazano Br Station," which are both located in New York City. These signs are indicative of the New York City Bridge and Island Park, which are known for their iconic status in the city's transportation network.

[7/7] Category 7: entity_tracking_persistence
Question: At what timestamp does the distant skyline advertisement text PEPSI first become visible?
Prediction: The distant skyline advertisement text PEPSI first becomes visible at the beginning of the video.

Saved predictions: benchmarks_results/results/InternVL2-1B/VQA_InternVL2-1B_969.json
Saved metrics: benchmarks_results/results/InternVL2-1B/eval_results_969.csv

======================================================================
VIDEO 970
/home2/gagandeep/benchmark/videos/900/970.mp4
Questions: 7
======================================================================

[1/7] Category 1: spatial_ordinal_navigation
Question: What landmark destination is located directly below the highway number 278?
Prediction: The landmark destination located directly below the highway number 278 is the "Staten Island Ferry."

[2/7] Category 2: entity_aggregation_semantic_filtering
Question: How many distinct highway sign text instances are described on the large overhead gantry?
Prediction: There are three distinct highway sign text instances described on the large overhead gantry.

[3/7] Category 3: temporal_sequencing_order
Question: In what order do the highway number 278 and the airport destination JFK become clearly legible as the vehicle moves forward?
Prediction: The highway number 278 and the airport destination JFK become clearly legible as the vehicle moves forward in the following order: the first lane is labeled "278," the second lane is labeled "279," and the third lane is labeled "280."

[4/7] Category 4: navigational_reasoning_hazard_awareness
Question: Based on the overhead gantry signs, what explicit exit number is indicated for drivers wishing to transition to the Prospect Expwy?
Prediction: The explicit exit number indicated for drivers wishing to transition to the Prospect Expwy is "24." This is visible on the overhead gantry sign located on the right side of the highway, just below the green sign that reads "Prospect Expwy."

[5/7] Category 5: semantic_area_inference
Question: What type of driving environment is suggested by the presence of a multi-lane divided highway and a massive overhead gantry with highway numbers and exit signs?
Prediction: The presence of a multi-lane divided highway and a massive overhead gantry with highway numbers and exit signs suggests a highly trafficked and possibly urban driving environment. The gantry indicates that the highway is part of a larger network of roads, likely serving as a major thoroughfare for commuters and travelers. The overhead signs provide clear directions to various exits, which is typical for highways where multiple routes intersect and merge. This environment is designed to handle a significant volume of traffic, with multiple lanes and a significant amount of signage to guide drivers efficiently.

[6/7] Category 6: cultural_language_inference
Question: Do any landmark destinations or highway labels suggest a specific metropolitan area or region for this highway?
Prediction: Based on the image, there are no explicit landmarks or highway labels that would suggest a specific metropolitan area or region. The highway is a major thoroughfare with multiple lanes and a clear, unobstructed view of the surrounding area, but there are no visible signs, billboards, or distinctive features that would indicate a particular location. The highway appears to be in a relatively urban setting, but without additional context or signage, it is not possible to determine the exact metropolitan area or region from the video alone.

[7/7] Category 7: entity_tracking_persistence
Question: At what timestamp does the airport destination indicator JFK first become clearly legible on the sign?
Prediction: The airport destination indicator JFK first becomes clearly legible on the sign at approximately 1:00 PM.

Saved predictions: benchmarks_results/results/InternVL2-1B/VQA_InternVL2-1B_970.json
Saved metrics: benchmarks_results/results/InternVL2-1B/eval_results_970.csv

======================================================================
VIDEO 971
/home2/gagandeep/benchmark/videos/900/971.mp4
Questions: 7
======================================================================

[1/7] Category 1: spatial_ordinal_navigation
Question: What text is displayed on the overhead sign adjacent to the Prospect Expwy sign?
Prediction: The overhead sign adjacent to the Prospect Expwy sign displays the text "NEW LOWER PRICES START HERE."

[2/7] Category 2: entity_aggregation_semantic_filtering
Question: How many distinct text instances are displayed on the roadside billboard on the right side of the highway?
Prediction: There are two distinct text instances displayed on the roadside billboard on the right side of the highway. One is a large, bold text that reads "NEW LOWER PRICES START HERE," and the other is a smaller, less prominent text that says "NEW LOWER PRICES START HERE."

[3/7] Category 3: temporal_sequencing_order
Question: What is the order in which the license plate, the billboard text, and the overhead highway signs are first encountered in the clip?
Prediction: The order of the license plate, the billboard text, and the overhead highway signs encountered in the clip is as follows: the first is the license plate of a silver sedan, followed by the billboard text, and then the overhead highway signs.

[4/7] Category 4: navigational_reasoning_hazard_awareness
Question: Based on the overhead signs, what direction should a driver follow for the Prospect Expwy?
Prediction: The driver should follow the green sign on the right, which indicates the direction to Prospect Expwy. This sign is likely to direct drivers to the correct exit or lane for the highway, which is a common practice to ensure safe and efficient travel.

[5/7] Category 5: semantic_area_inference
Question: Based on the presence of overhead exit signs, a steel guardrail, and a license plate, what type of driving environment is depicted?
Prediction: The driving environment depicted is a typical urban highway, likely in a city with a significant amount of traffic. The presence of overhead exit signs indicates that the highway is part of a major road network, and the steel guardrail is a common safety feature to prevent vehicles from veering off the road. The license plate on the car suggests that the vehicle is registered in the United States, and the overall condition of the road and the surrounding environment suggests that it is a well-maintained highway, possibly in a suburban or urban area.

[6/7] Category 6: cultural_language_inference
Question: Do any names on the overhead highway signs suggest a specific region, and what text supports this?
Prediction: Yes, the overhead highway signs suggest a specific region. The text on the signs reads "New York City," indicating that the highway is located in New York City. This is further supported by the presence of the New York City logo on the sign, which is a well-known symbol of the city.

[7/7] Category 7: entity_tracking_persistence
Question: At what timestamp does the billboard slogan More Saving, More doing. first become clearly visible?
Prediction: The billboard slogan "More Saving, More Doing" first becomes clearly visible at approximately 1:00 PM.

Saved predictions: benchmarks_results/results/InternVL2-1B/VQA_InternVL2-1B_971.json
Saved metrics: benchmarks_results/results/InternVL2-1B/eval_results_971.csv

======================================================================
VIDEO 972
/home2/gagandeep/benchmark/videos/900/972.mp4
Questions: 7
======================================================================

[1/7] Category 1: spatial_ordinal_navigation
Question: What is the spatial position of the regulatory text MON WED FRI relative to the commercial sign VIDE?
Prediction: The regulatory text "MON WED FRI" is located on a yellow sign that is affixed to the side of the road. It is positioned to the right of the commercial sign "VIDE," which is located on the left side of the road. The text is vertically aligned with the commercial sign, making it easily readable.

[2/7] Category 2: entity_aggregation_semantic_filtering
Question: How many distinct pieces of vehicle-mounted text are visible on the dark grey pickup truck?
Prediction: There are two distinct pieces of vehicle-mounted text visible on the dark grey pickup truck. One reads "4X4" and the other is partially obscured, but it appears to be a combination of the letters "4" and "X" followed by a number.

[3/7] Category 3: temporal_sequencing_order
Question: In what order do the markings F150, 4X4, and P150 on the pickup truck become visible?
Prediction: The markings F150, 4X4, and P150 on the pickup truck become visible in the following order:

[4/7] Category 4: navigational_reasoning_hazard_awareness
Question: What text on the regulatory sign near the commercial building constrains parking actions?
Prediction: The text on the regulatory sign near the commercial building reads "No Parking."

[5/7] Category 5: semantic_area_inference
Question: What does the mix of commercial signs and parking regulations suggest about the driving environment?
Prediction: The mix of commercial signs and parking regulations suggests that the driving environment is a commercial area with a mix of commercial and possibly residential or industrial zones. The presence of commercial signs indicates that there are businesses nearby, which could influence the driving behavior of drivers. The parking regulations, such as the yellow lines on the road, imply that there are designated parking spaces, which may be used by both commercial and personal vehicles. This could mean that the area is a busy commercial district where parking is a common practice, and drivers must be aware of both commercial and personal vehicles on the road.

[6/7] Category 6: cultural_language_inference
Question: What language is used for the text on the regulatory parking sign and the commercial building?
Prediction: The text on the regulatory parking sign and the commercial building is in Russian. The sign is written in Cyrillic script, which is used for the languages of the Russian Federation, and the building has a sign with Cyrillic text on its facade.

[7/7] Category 7: entity_tracking_persistence
Question: At what timestamp does the STREET CLEANING sign first become clearly readable in the clip?
Prediction: The STREET CLEANING sign first becomes clearly readable in the clip at the beginning of the video.

Saved predictions: benchmarks_results/results/InternVL2-1B/VQA_InternVL2-1B_972.json
Saved metrics: benchmarks_results/results/InternVL2-1B/eval_results_972.csv

======================================================================
VIDEO 973
/home2/gagandeep/benchmark/videos/900/973.mp4
Questions: 7
======================================================================

[1/7] Category 1: spatial_ordinal_navigation
Question: What text is located directly below the Harrison sign?
Prediction: The text located directly below the Harrison sign is "PUBLIC PARKING."

[2/7] Category 2: entity_aggregation_semantic_filtering
Question: How many distinct text instances are passed by the vehicle on the right side of the road between 0.0s and 2.0s?
Prediction: The vehicle passes two distinct text instances on the right side of the road between 0.0s and 2.0s.

[3/7] Category 3: temporal_sequencing_order
Question: What is the order of encounter for the parking signs and advertisements visible between 3.5s and 6.4s?
Prediction: Between 3.5s and 6.4s, the order of encounter for the parking signs and advertisements is as follows: 

1. The first sign is for a parking area, indicating that parking is allowed in that specific area.
2. The second sign is for a public parking area, indicating that parking is allowed in that specific area.
3. The third sign is for a public parking area, indicating that parking is allowed in that specific area.
4. The fourth sign is for a public parking area, indicating that parking is allowed in that specific area.
5. The fifth sign is for a public parking area, indicating

[4/7] Category 4: navigational_reasoning_hazard_awareness
Question: What warning text is displayed near the end of the clip to alert drivers about the bridge?
Prediction: The warning text displayed near the end of the clip is "PUBLIC PARKING."

[5/7] Category 5: semantic_area_inference
Question: What type of driving environment is suggested by the presence of parking rates, advertisements, and a highway overpass?
Prediction: The presence of parking rates, advertisements, and a highway overpass suggests a mixed-use urban environment where commercial and residential areas intersect. The advertisements indicate a commercial area, likely a shopping district or a business district, where businesses are advertised to attract customers. The parking rates imply that the area is a hub for commercial activity, where parking is a necessity for vehicles. The highway overpass suggests that the area is accessible by public transportation, indicating a city that is well-connected and possibly a major urban center. The combination of these elements points to a dynamic and bustling urban setting where commerce, transportation, and residential life coexist.

[6/7] Category 6: cultural_language_inference
Question: What language is used for all the legible signs in this scene?
Prediction: The video does not provide audio, so I cannot determine the language used for the signs. However, the signs are written in both English and another language, which suggests that the scene is likely in a multilingual urban area.

[7/7] Category 7: entity_tracking_persistence
Question: During what specific time range is the advertisement for eaze visible in the clip?
Prediction: The advertisement for eaze is visible in the clip during the time when the video was recorded, which is around 10:00 AM to 11:00 AM. This is indicated by the presence of the eaze advertisement on the side of the road, which is typically displayed during the early morning hours when drivers are starting their day.

Saved predictions: benchmarks_results/results/InternVL2-1B/VQA_InternVL2-1B_973.json
Saved metrics: benchmarks_results/results/InternVL2-1B/eval_results_973.csv

======================================================================
VIDEO 974
/home2/gagandeep/benchmark/videos/900/974.mp4
Questions: 7
======================================================================

[1/7] Category 1: spatial_ordinal_navigation
Question: What landmark is located to the left of the yellow directional sign pointing to Terminal C?
Prediction: The landmark located to the left of the yellow directional sign pointing to Terminal C is the New York City Subway station, which is identifiable by its distinctive red and white color scheme and the iconic yellow sign.

[2/7] Category 2: entity_aggregation_semantic_filtering
Question: How many distinct destinations are listed to the right of the Food and Gas signs?
Prediction: To the right of the Food and Gas signs, there are two distinct destinations listed: "McConnell St" and "Exit 10."

[3/7] Category 3: temporal_sequencing_order
Question: What is the order in which the Hilton hotel, the Terminal C sign, and the Clellan street exit sign are encountered by the vehicle?
Prediction: The order in which the Hilton hotel, the Terminal C sign, and the Clellan street exit sign are encountered by the vehicle is as follows: the car is first seen approaching the Hilton hotel, then it moves towards the Terminal C sign, and finally, it exits the highway and heads towards the Clellan street exit sign.

[4/7] Category 4: navigational_reasoning_hazard_awareness
Question: What instruction is given to drivers on the overhead green gantry signs directing to Newark Airport?
Prediction: The overhead green gantry signs indicate that drivers are instructed to take the Newark Airport Exit.

[5/7] Category 5: semantic_area_inference
Question: What type of driving environment is suggested by signs for airport terminals, parking, and rental car returns?
Prediction: The driving environment suggested by signs for airport terminals, parking, and rental car returns indicates a commercial and possibly urban setting. The presence of multiple signs for different services and destinations implies a high volume of traffic and a need for clear navigation. The signs are designed to guide drivers to various points of interest, such as the airport, parking, and rental car returns, which are common in busy urban areas. The signs are also likely to be updated regularly to reflect changes in traffic patterns and road conditions, indicating a well-maintained and organized transportation infrastructure.

[6/7] Category 6: cultural_language_inference
Question: What specific airport is indicated by the overhead green directional signs?
Prediction: The specific airport indicated by the overhead green directional signs is "Mc Allen International Airport."

[7/7] Category 7: entity_tracking_persistence
Question: Between what timestamps is the yellow directional sign for Terminal C visible to the driver?
Prediction: The yellow directional sign for Terminal C is visible to the driver at approximately 1:00 and 2:00 minutes.

Saved predictions: benchmarks_results/results/InternVL2-1B/VQA_InternVL2-1B_974.json
Saved metrics: benchmarks_results/results/InternVL2-1B/eval_results_974.csv

======================================================================
VIDEO 975
/home2/gagandeep/benchmark/videos/900/975.mp4
Questions: 7
======================================================================

[1/7] Category 1: spatial_ordinal_navigation
Question: What text is displayed on the overhead road sign located adjacent to the sign showing 20 AV?
Prediction: The text on the overhead road sign adjacent to the sign showing 20 AV is "20 AV."

[2/7] Category 2: entity_aggregation_semantic_filtering
Question: How many distinct pieces of text visible in the clip are mounted on vehicles?
Prediction: In the clip, there are two distinct pieces of text visible on vehicles. One is a license plate on a black car, and the other is a sign on a white van.

[3/7] Category 3: temporal_sequencing_order
Question: What is the chronological order in which the ego vehicle encounters the intersection street names and the highway directional signs?
Prediction: The ego vehicle encounters the intersection street names and the highway directional signs in the following order:

[4/7] Category 4: navigational_reasoning_hazard_awareness
Question: What directional text is displayed on the overhead sign near the traffic lights to guide drivers toward the expressway?
Prediction: The text displayed on the overhead sign near the traffic lights is "20 AVE," indicating the direction to the 20th Avenue.

[5/7] Category 5: semantic_area_inference
Question: What does the mix of residential homes, hedges, and apartment buildings suggest about the driving environment?
Prediction: The mix of residential homes, hedges, and apartment buildings suggests that the driving environment is likely a residential neighborhood with a mix of private and public spaces. The presence of both private and public areas indicates that the road is used by both local residents and visitors, possibly indicating a community that values both privacy and accessibility. The variety of buildings also implies that the area is not overly congested, allowing for a more relaxed driving experience.

[6/7] Category 6: cultural_language_inference
Question: Which street names and expressway abbreviations suggest this clip is set in New York City?
Prediction: The street names and expressway abbreviations that suggest this clip is set in New York City include "20 Av" and "28 Av," which are both streets in the Bronx, New York City. Additionally, the presence of a "28 Av" street sign is a clear indicator of the city's location.

[7/7] Category 7: entity_tracking_persistence
Question: At what timestamp does the vehicle carrying the license plate GKD-4491 begin to accelerate through the intersection?
Prediction: The vehicle carrying the license plate GKD-4491 begins to accelerate through the intersection at the beginning of the video.

Saved predictions: benchmarks_results/results/InternVL2-1B/VQA_InternVL2-1B_975.json
Saved metrics: benchmarks_results/results/InternVL2-1B/eval_results_975.csv

======================================================================
VIDEO 976
/home2/gagandeep/benchmark/videos/900/976.mp4
Questions: 7
======================================================================

[1/7] Category 1: spatial_ordinal_navigation
Question: What regulatory sign is located to the left of the MDX vehicle with license plate GTR-8482?
Prediction: The regulatory sign located to the left of the MDX vehicle with license plate GTR-8482 is a green sign with white text.

[2/7] Category 2: entity_aggregation_semantic_filtering
Question: How many distinct license plates are visible on vehicles in this clip?
Prediction: In the video, there are at least five distinct license plates visible on vehicles. These plates are: a white plate with a blue background, a black plate with a blue background, a white plate with a red background, a black plate with a red background, and a white plate with a green background.

[3/7] Category 3: temporal_sequencing_order
Question: What is the order in which the license plate T1711804C, the license plate GTR-8482, and the speed limit sign are first encountered?
Prediction: The order in which the license plate T1711804C, the license plate GTR-8482, and the speed limit sign are first encountered is as follows: the license plate T1711804C is first encountered at the beginning of the video, followed by the license plate GTR-8482, and then the speed limit sign.

[4/7] Category 4: navigational_reasoning_hazard_awareness
Question: What text visible near the end of the clip indicates a speed restriction on this road?
Prediction: The text visible near the end of the clip that indicates a speed restriction on this road is "EASTERN LONG ISLAND EXITS 29-25 A."

[5/7] Category 5: semantic_area_inference
Question: Based on the presence of highway exit signs and speed limit signs, what type of road is the vehicle traveling on?
Prediction: The vehicle is traveling on a multi-lane highway, as indicated by the presence of multiple lanes and the visible speed limit sign of "50" mph. The highway is likely a major thoroughfare, as evidenced by the presence of multiple lanes and the fact that it is a two-way road, which is common in urban or suburban areas. The speed limit sign suggests that the road is designed to accommodate high-speed travel, which is typical for highways that connect major cities or serve as major transportation routes.

[6/7] Category 6: cultural_language_inference
Question: What region in New York is suggested by the text on the green highway sign?
Prediction: The green highway sign in the video suggests that the region in New York is likely to be in the Eastern region, as indicated by the text "Eastern Long Island" on the sign.

[7/7] Category 7: entity_tracking_persistence
Question: During what specific time range is the license plate GTR-8482 on the overtaking MDX vehicle visible?
Prediction: The license plate GTR-8482 is visible on the overtaking MDX vehicle during the time range of approximately 1:30 PM to 1:45 PM. This is deduced from the timestamp on the green sign in the distance, which shows the time of the approaching traffic.

Saved predictions: benchmarks_results/results/InternVL2-1B/VQA_InternVL2-1B_976.json
Saved metrics: benchmarks_results/results/InternVL2-1B/eval_results_976.csv

======================================================================
VIDEO 977
/home2/gagandeep/benchmark/videos/900/977.mp4
Questions: 7
======================================================================

[1/7] Category 1: spatial_ordinal_navigation
Question: Where is the regulatory sign displaying NO PARKING ANY TIME located relative to the speed limit sign?
Prediction: The regulatory sign displaying NO PARKING ANY TIME is located on the right side of the road, adjacent to the speed limit sign.

[2/7] Category 2: entity_aggregation_semantic_filtering
Question: How many distinct text instances are visible on the regulatory sign that restricts parking?
Prediction: There are two distinct text instances visible on the regulatory sign that restricts parking.

[3/7] Category 3: temporal_sequencing_order
Question: What is the order of the signs passed on the right side of the road between 00:02 and 00:06?
Prediction: Between 00:02 and 00:06, the order of the signs on the right side of the road is as follows: 

1. A white sign with red lettering on the left side of the road.
2. A white sign with red lettering on the right side of the road.
3. A white sign with red lettering on the left side of the road.
4. A white sign with red lettering on the right side of the road.

[4/7] Category 4: navigational_reasoning_hazard_awareness
Question: What painted warning on the road surface indicates a driving constraint as the vehicle drives between 00:02 and 00:03?
Prediction: The painted warning on the road surface that indicates a driving constraint is a red and white sign with the word "SCHOOL" written in white on a red background. This sign is placed at the intersection of the road and the school zone, serving as a visual cue to drivers to slow down and be cautious as they approach the school.

[5/7] Category 5: semantic_area_inference
Question: Based on the presence of single-family homes and the painted road warning, what type of area is this?
Prediction: The presence of single-family homes, the painted road warning, and the overall residential setting suggest that this area is likely a suburban neighborhood. The homes are likely owned by families, and the road warning is a common safety measure to alert drivers to the presence of a school zone. This type of area is typically found in suburban areas where there is a higher concentration of residential properties and a need for safety measures to prevent accidents.

[6/7] Category 6: cultural_language_inference
Question: What language is the text on the road surface and regulatory signs written in?
Prediction: The text on the road surface and regulatory signs in the video is written in English.

[7/7] Category 7: entity_tracking_persistence
Question: For what time range is the regulatory sign indicating NO PARKING ANY TIME visible in the clip?
Prediction: The regulatory sign indicating "NO PARKING ANY TIME" is visible in the clip for a duration of approximately 1 second.

Saved predictions: benchmarks_results/results/InternVL2-1B/VQA_InternVL2-1B_977.json
Saved metrics: benchmarks_results/results/InternVL2-1B/eval_results_977.csv

======================================================================
VIDEO 978
/home2/gagandeep/benchmark/videos/900/978.mp4
Questions: 7
======================================================================

[1/7] Category 1: spatial_ordinal_navigation
Question: What is the spatial position of the regulatory road marking near the commercial building relative to the pavement marking on the multi-lane avenue?
Prediction: The regulatory road marking near the commercial building is located on the right side of the road, directly adjacent to the pavement marking. It is positioned parallel to the pavement markings, which are white and have a curved arrow indicating a right turn. The regulatory road marking is not in close proximity to the pavement markings but is clearly visible and distinct from them.

[2/7] Category 2: entity_aggregation_semantic_filtering
Question: How many distinct road markings containing painted text are mentioned in the scene description?
Prediction: The scene description mentions two distinct road markings containing painted text. One is a white road sign with the word "ONLY" written in white, and the other is a white road sign with the word "ONLY" written in red.

[3/7] Category 3: temporal_sequencing_order
Question: What is the order in which the distinct road markings are encountered by the camera vehicle?
Prediction: The distinct road markings encountered by the camera vehicle include a white arrow on the left side of the road, a white arrow on the right side, and a white arrow on the middle of the road. These markings are part of the traffic flow system, guiding drivers to follow specific directions.

[4/7] Category 4: navigational_reasoning_hazard_awareness
Question: What driving action is implied by the regulatory road marking located near the modern commercial building?
Prediction: The regulatory road marking near the modern commercial building implies that the road is being used by vehicles that are required to adhere to specific rules or restrictions. This could include speed limits, lane changes, or other traffic regulations that are enforced by the city. The presence of this marking suggests that the area is a designated zone for controlled traffic, possibly indicating a pedestrian or cyclist lane, a reserved parking area, or a specific route that requires adherence to certain guidelines.

[5/7] Category 5: semantic_area_inference
Question: What does the mix of residential high-rises, commercial buildings, and multi-lane avenues suggest about the driving environment?
Prediction: The mix of residential high-rises, commercial buildings, and multi-lane avenues suggests that the driving environment is a bustling urban area with a mix of residential and commercial zones. The presence of both residential and commercial buildings indicates that the area is likely a city with a significant population density, where residential areas are interspersed with commercial establishments. The multi-lane avenues imply that the road is designed to accommodate a high volume of traffic, which is typical of urban settings where traffic congestion is common. The mix of these elements also suggests that the area is well-connected, with multiple transportation modes available, including cars, buses, and potentially public transit

[6/7] Category 6: cultural_language_inference
Question: What language or script is used for the road markings in this scene?
Prediction: The road markings in the scene are written in English, specifically "ONLY" written in capital letters on both sides of the road. There are no other visible languages or scripts that can be discerned from the image.

[7/7] Category 7: entity_tracking_persistence
Question: At what timestamp is the first pavement marking driven over, and at what timestamp is the regulatory road marking passed?
Prediction: The first pavement marking is driven over at approximately 10:00 PM, as indicated by the timestamp on the road sign. The regulatory road marking is passed at approximately 11:00 PM, as shown by the timestamp on the road sign.

Saved predictions: benchmarks_results/results/InternVL2-1B/VQA_InternVL2-1B_978.json
Saved metrics: benchmarks_results/results/InternVL2-1B/eval_results_978.csv

======================================================================
VIDEO 979
/home2/gagandeep/benchmark/videos/900/979.mp4
Questions: 7
======================================================================

[1/7] Category 1: spatial_ordinal_navigation
Question: Where is the DUNKIN DONUTS signboard located relative to the Speedway gas station sign?
Prediction: The DUNKIN DONUTS signboard is located to the right of the Speedway gas station sign.

[2/7] Category 2: entity_aggregation_semantic_filtering
Question: How many distinct price numbers are displayed on the Speedway gas station sign?
Prediction: The video shows three distinct price numbers displayed on the Speedway gas station sign.

[3/7] Category 3: temporal_sequencing_order
Question: What is the order in which the speed limit sign, the PENSKE truck, and the CAR WASH sign are encountered as the vehicle moves forward?
Prediction: The order in which the speed limit sign, the PENSKE truck, and the CAR WASH sign are encountered as the vehicle moves forward is as follows: the speed limit sign is first seen on the left side of the road, the PENSKE truck is seen on the right side of the road, and the CAR WASH sign is seen on the right side of the road as well.

[4/7] Category 4: navigational_reasoning_hazard_awareness
Question: What regulatory text constrains the vehicle's speed near the road ramp?
Prediction: The regulatory text that constrains the vehicle's speed near the road ramp is not visible in the video. However, it is common for road signs to include such text to ensure safety and to prevent vehicles from exceeding the speed limit.

[5/7] Category 5: semantic_area_inference
Question: What type of driving environment does the mix of gas station, donut shop, and car wash signs suggest?
Prediction: The mix of gas station, donut shop, and car wash signs suggests a typical urban driving environment where convenience and convenience are valued. Gas stations are often found in busy city centers, providing essential services to commuters and travelers. The presence of a donut shop indicates a local business catering to the convenience of the local population, offering quick and easy food options. The car wash sign implies that there are commercial establishments that offer services related to vehicle maintenance and cleaning, which is common in urban areas where there is a high demand for such services. This mix of services points to a bustling, possibly commercial area where convenience and accessibility are prioritized.

[6/7] Category 6: cultural_language_inference
Question: What city is suggested by the combination of 39 St, yellow taxicabs, and US commercial brands?
Prediction: The combination of 39 St, yellow taxicabs, and US commercial brands suggests that the city is New York City. The presence of yellow taxicabs is a distinctive feature of New York City's taxi service, and the combination of the street number and the US commercial brands is consistent with the New York City taxi fleet.

[7/7] Category 7: entity_tracking_persistence
Question: At what timestamp does the parked PENSKE truck first become visible in the clip?
Prediction: The parked PENSKE truck first becomes visible in the clip at the beginning of the video.

Saved predictions: benchmarks_results/results/InternVL2-1B/VQA_InternVL2-1B_979.json
Saved metrics: benchmarks_results/results/InternVL2-1B/eval_results_979.csv

======================================================================
VIDEO 980
/home2/gagandeep/benchmark/videos/900/980.mp4
Questions: 7
======================================================================

[1/7] Category 1: spatial_ordinal_navigation
Question: What text is located directly below Upper Happy on the overhead sign?
Prediction: The text located directly below "Upper Happy" on the overhead sign is "Alameda Blvd."

[2/7] Category 2: entity_aggregation_semantic_filtering
Question: How many distinct text instances are displayed on the highway signs mentioned in the scene?
Prediction: There are two distinct text instances displayed on the highway signs in the scene.

[3/7] Category 3: temporal_sequencing_order
Question: What is the sequence of signs encountered by the vehicle from the start of the clip to 3.0 seconds?
Prediction: The sequence of signs encountered by the vehicle from the start of the clip to 3.0 seconds is as follows:

1. The first sign is a green road sign indicating "Exit 100" with a directional arrow pointing to the right.
2. The second sign is a green road sign indicating "Exit 101" with a directional arrow pointing to the right.
3. The third sign is a green road sign indicating "Exit 102" with a directional arrow pointing to the right.
4. The fourth sign is a green road sign indicating "Exit 103" with a directional arrow pointing

[4/7] Category 4: navigational_reasoning_hazard_awareness
Question: Based on the visible text, what driving action is indicated near the green gore sign?
Prediction: The green gore sign indicates a "Gore" road, which is a type of road that is typically a two-lane highway with a median and a median strip. The presence of this sign suggests that the driver is approaching a highway with a median strip, which is a common feature of multi-lane highways. The sign is likely indicating the direction of the highway, which is a common practice to help drivers navigate through the highway.

[5/7] Category 5: semantic_area_inference
Question: What type of driving environment does the mix of signs like Acalanes Rd and EXIT suggest?
Prediction: The mix of signs like Acalanes Rd and EXIT suggests a driving environment that is likely to be complex and varied. The presence of multiple signs indicates that drivers must navigate through different types of road signs, which could include directional signs, speed limit signs, and possibly informational signs about upcoming exits or changes in road conditions. This complexity is typical of multi-lane highways where drivers must be aware of multiple directions and potential changes in the road surface or traffic flow.

[6/7] Category 6: cultural_language_inference
Question: What language is the text on the overhead and gore signs written in?
Prediction: The text on the overhead and gore signs is written in English.

[7/7] Category 7: entity_tracking_persistence
Question: At what time range does the vehicle pass the green gore sign displaying EXIT?
Prediction: The vehicle passes the green gore sign displaying EXIT at the beginning of the video.

Saved predictions: benchmarks_results/results/InternVL2-1B/VQA_InternVL2-1B_980.json
Saved metrics: benchmarks_results/results/InternVL2-1B/eval_results_980.csv

======================================================================
VIDEO 981
/home2/gagandeep/benchmark/videos/900/981.mp4
Questions: 7
======================================================================

[1/7] Category 1: spatial_ordinal_navigation
Question: What temporary sign is located to the left of the concrete retaining wall on the shoulder beneath the overpass?
Prediction: The temporary sign to the left of the concrete retaining wall on the shoulder beneath the overpass is not explicitly described in the provided information. However, it is common for such signs to indicate construction, maintenance, or warning about potential hazards or restrictions in the area.

[2/7] Category 2: entity_aggregation_semantic_filtering
Question: How many distinct overhead highway signs or route markers are mentioned on the two overpasses?
Prediction: Based on the video, there are two distinct overhead highway signs or route markers mentioned on the two overpasses. One sign is green with white lettering and is located on the left overpass, and the other is white with black lettering and is located on the right overpass.

[3/7] Category 3: temporal_sequencing_order
Question: What is the order in which the SPEED LIMIT sign, the RTC transit sign, and the TRS NOW OPEN sign are encountered by the vehicle?
Prediction: The SPEED LIMIT sign is encountered first, followed by the RTC transit sign, and then the TRS NOW OPEN sign.

[4/7] Category 4: navigational_reasoning_hazard_awareness
Question: What regulatory text constrains the vehicle's speed at the beginning of the clip?
Prediction: The regulatory text that constrains the vehicle's speed at the beginning of the clip is not explicitly mentioned in the provided information. However, it is common for speed limits to be displayed on road signs, and the text on the signs is not visible in the video. Therefore, without additional context or the ability to view the entire clip, it is not possible to determine the exact text from the video alone.

[5/7] Category 5: semantic_area_inference
Question: Based on the presence of multi-lane overhead gantries, route markers, and speed limit signs, what kind of driving environment is depicted?
Prediction: The driving environment depicted is one of high-speed travel on a multi-lane highway, with multiple lanes and a significant distance between them. The presence of multiple lanes suggests that the highway is designed for high-speed travel, accommodating a large number of vehicles. The route markers indicate that the highway is likely a major thoroughfare, with multiple exits and entrances, which is typical for highways that serve as major transportation routes. The speed limit sign is a standard feature for highways to ensure that drivers are aware of the speed limit, which is a critical safety feature in such environments. The overall impression is that of a busy, fast-paced driving experience, with

[6/7] Category 6: cultural_language_inference
Question: What regional cities or destinations are indicated by the overhead highway signs?
Prediction: The overhead highway signs indicate regional cities or destinations such as "East Henderson," "West Las Vegas," and "East Las Vegas." These signs suggest that the highway is part of a network that connects various cities in the Las Vegas area, likely serving as a major thoroughfare for commuters and travelers.

[7/7] Category 7: entity_tracking_persistence
Question: At what timestamp does the SPEED LIMIT sign first become legible to the vehicle?
Prediction: The SPEED LIMIT sign first becomes legible to the vehicle at the beginning of the video, as it is positioned on the right side of the road, just before the white SUV is seen driving past it.

Saved predictions: benchmarks_results/results/InternVL2-1B/VQA_InternVL2-1B_981.json
Saved metrics: benchmarks_results/results/InternVL2-1B/eval_results_981.csv

======================================================================
VIDEO 982
/home2/gagandeep/benchmark/videos/900/982.mp4
Questions: 7
======================================================================

[1/7] Category 1: spatial_ordinal_navigation
Question: What is the spatial position of Las Vegas relative to WEST on the overhead gantry?
Prediction: The spatial position of Las Vegas relative to WEST on the overhead gantry is indicated by the green sign on the gantry, which shows "215 WEST" in white letters. This suggests that Las Vegas is located to the west of the highway, with the sign pointing to the direction of the highway.

[2/7] Category 2: entity_aggregation_semantic_filtering
Question: How many distinct text instances are located on the green roadside sign on the right side of the road?
Prediction: There are two distinct text instances on the green roadside sign on the right side of the road.

[3/7] Category 3: temporal_sequencing_order
Question: What is the order in which the text instances NSKI, STOPS AT, and Rental are first encountered as the vehicle moves forward?
Prediction: The order in which the text instances NSKI, STOPS AT, and Rental are encountered as the vehicle moves forward is as follows:

1. The first instance of NSKI is encountered at the beginning of the video.
2. The second instance of NSKI is encountered after the yellow school bus.
3. The third instance of NSKI is encountered after the white car.
4. The fourth instance of NSKI is encountered after the white car.
5. The fifth instance of NSKI is encountered after the white car.
6. The sixth instance of NSKI is encountered after the white car.
7. The seventh instance of NSKI

[4/7] Category 4: navigational_reasoning_hazard_awareness
Question: What instructional text on the green roadside sign indicates where a driver should turn to return a rental car?
Prediction: The green roadside sign indicates where a driver should turn to return a rental car with the text "Las Vegas Rental Car Return."

[5/7] Category 5: semantic_area_inference
Question: Based on the overhead route signs and roadside signs, what kind of driving environment is depicted?
Prediction: The driving environment depicted in the video is one of a busy highway with multiple lanes, indicating a high volume of traffic. The presence of multiple signs, including the one for Las Vegas, suggests that the area is a significant stop for travelers, possibly indicating a major city or tourist destination. The road signs are designed to guide drivers through different directions, which is typical for highways where multiple routes converge. The overcast sky and the presence of a school bus also suggest that the area is a place where school buses are used, possibly indicating a suburban or urban setting with a mix of residential and commercial areas.

[6/7] Category 6: cultural_language_inference
Question: Which city name visible on the overhead gantry suggests the geographical region of the clip?
Prediction: The city name visible on the overhead gantry is "Las Vegas," which suggests the geographical region of the clip.

[7/7] Category 7: entity_tracking_persistence
Question: At what timestamp does the text NSKI first become visible on the back of the bus?
Prediction: The text "NSKI" first becomes visible on the back of the bus at approximately 1:00 seconds into the video.

Saved predictions: benchmarks_results/results/InternVL2-1B/VQA_InternVL2-1B_982.json
Saved metrics: benchmarks_results/results/InternVL2-1B/eval_results_982.csv

======================================================================
VIDEO 983
/home2/gagandeep/benchmark/videos/900/983.mp4
Questions: 7
======================================================================

[1/7] Category 1: spatial_ordinal_navigation
Question: What commercial restaurant billboard is located to the right of the gantry displaying Gilespie St?
Prediction: The commercial restaurant billboard to the right of the gantry displaying Gilespie St is a large, prominent billboard with a large image of a person, likely a celebrity or a notable figure, and the text "Gilespie St" prominently displayed.

[2/7] Category 2: entity_aggregation_semantic_filtering
Question: How many distinct billboards advertising commercial services, events, or businesses are mentioned in the scene description?
Prediction: The scene description mentions two distinct billboards. One is a large billboard on the right side of the highway, advertising a movie titled "LIGHT" by Rick Ross, and the other is a smaller billboard on the left side, promoting a car rental service.

[3/7] Category 3: temporal_sequencing_order
Question: In what order are the DALLAS HORTON billboard, the first 215 gantry, and the RICK ROSS billboard encountered?
Prediction: The DALLAS HORTON billboard is first encountered, followed by the first 215 gantry, and then the RICK ROSS billboard.

[4/7] Category 4: navigational_reasoning_hazard_awareness
Question: What advisory speed limit is indicated on the yellow sign located below the RICK ROSS billboard?
Prediction: The yellow sign located below the RICK ROSS billboard indicates an advisory speed limit of 45 mph.

[5/7] Category 5: semantic_area_inference
Question: What type of road environment is indicated by the presence of multiple overhead gantries and exit signs?
Prediction: The presence of multiple overhead gantries and exit signs indicates a complex road environment that requires multiple exits and possibly multiple directions for vehicles to follow. The gantries suggest that the road is designed to handle a high volume of traffic, with multiple lanes and possibly multiple exits, which is typical for major highways or interstates. The signage is designed to guide drivers through a complex network of routes, which is common in areas with significant traffic and infrastructure.

[6/7] Category 6: cultural_language_inference
Question: Which city and resort mentioned on the signs and billboards suggest the location is in Nevada?
Prediction: The city and resort mentioned on the signs and billboards that suggest the location is in Nevada are Las Vegas. This is indicated by the presence of the Las Vegas sign on the highway, the billboard advertising "RICK ROSS," and the overall desert landscape and desert vegetation typical of the region.

[7/7] Category 7: entity_tracking_persistence
Question: For what duration is the billboard featuring DALLAS HORTON continuously visible at the beginning of the video?
Prediction: The billboard featuring DALLAS HORTON is continuously visible at the beginning of the video for the duration of the 10-second duration.

Saved predictions: benchmarks_results/results/InternVL2-1B/VQA_InternVL2-1B_983.json
Saved metrics: benchmarks_results/results/InternVL2-1B/eval_results_983.csv

======================================================================
VIDEO 984
/home2/gagandeep/benchmark/videos/900/984.mp4
Questions: 7
======================================================================

[1/7] Category 1: spatial_ordinal_navigation
Question: What text is located directly above the identifier 91204-MD on the white shredding truck?
Prediction: The text located directly above the identifier 91204-MD on the white shredding truck is "AMERICAN SECURITY SHREDDING."

[2/7] Category 2: entity_aggregation_semantic_filtering
Question: How many distinct text instances are visible on the commercial delivery van branded with GoodMart?
Prediction: There are two distinct text instances visible on the commercial delivery van branded with GoodMart. One instance is on the side of the van, and the other is on the rear of the van.

[3/7] Category 3: temporal_sequencing_order
Question: What is the chronological order in which the two delivery van brands are encountered on the right side of the road?
Prediction: The two delivery van brands encountered on the right side of the road are the American Shredding van and the Goody van.

[4/7] Category 4: navigational_reasoning_hazard_awareness
Question: What regulatory text near the intersection indicates a direction restriction for drivers?
Prediction: The regulatory text near the intersection indicates a direction restriction for drivers by stating "NO TRUCKS." This text is located on a sign that is mounted on the overhead structure of the bridge, which is a common sight in urban areas where traffic regulation is enforced.

[5/7] Category 5: semantic_area_inference
Question: What does the presence of multiple commercial delivery vans, a shredding truck, a taxi, and construction scaffolding suggest about the driving environment?
Prediction: The presence of multiple commercial delivery vans, a shredding truck, a taxi, and construction scaffolding suggests that the driving environment is a busy urban area with a mix of commercial and possibly industrial activities. The construction scaffolding indicates ongoing development or maintenance work, which could be a result of the ongoing construction or renovation of the area. The variety of vehicles and the busy traffic imply that this is a significant urban thoroughfare where different types of transportation intersect, and the area is likely to be a hub for commercial and industrial activities.

[6/7] Category 6: cultural_language_inference
Question: What language is the text on the shredding truck and delivery vans written in?
Prediction: The text on the shredding truck and delivery vans is written in English.

[7/7] Category 7: entity_tracking_persistence
Question: During what time range is the GoodMart delivery van text visible before being replaced by the IBC van?
Prediction: The GoodMart delivery van text is visible before being replaced by the IBC van in the first two frames of the video.

Saved predictions: benchmarks_results/results/InternVL2-1B/VQA_InternVL2-1B_984.json
Saved metrics: benchmarks_results/results/InternVL2-1B/eval_results_984.csv

======================================================================
VIDEO 985
/home2/gagandeep/benchmark/videos/900/985.mp4
Questions: 7
======================================================================

[1/7] Category 1: spatial_ordinal_navigation
Question: As the vehicle moves forward and the overhead signs come into view at 6.233 seconds, which sign is positioned to the right of the Riverhead sign?
Prediction: The sign positioned to the right of the Riverhead sign is the "New York State Route 24" sign.

[2/7] Category 2: entity_aggregation_semantic_filtering
Question: How many distinct highway signs are positioned above the divided roadway that come into clear view at 6.233 seconds?
Prediction: At 6.233 seconds, there are three distinct highway signs positioned above the divided roadway that come into clear view.

[3/7] Category 3: temporal_sequencing_order
Question: What is the order of the following events: (1) the traffic light turns green, (2) the school bus passes on the left, (3) the highway signs come into view?
Prediction: The order of the events in the video is as follows:

1. The traffic light turns green.
2. The school bus passes on the left.
3. The highway signs come into view.

[4/7] Category 4: navigational_reasoning_hazard_awareness
Question: Based on the signs that come into view at 6.233 seconds, what directional routes are indicated for the driver?
Prediction: The signs that come into view at 6.233 seconds indicate that the driver is on the right side of the road, as the sign reads "New York State Route 23." This suggests that the driver is traveling in the direction of New York State Route 23, which is a major route in the state of New York.

[5/7] Category 5: semantic_area_inference
Question: What does the combination of a commercial building and overhead highway signs coming into view at 6.233 seconds suggest about the driving environment?
Prediction: The combination of a commercial building and overhead highway signs coming into view at 6.233 seconds suggests that the driving environment is a typical urban or suburban setting where commercial establishments are present alongside the highway. This indicates that the area is likely a mix of residential and commercial zones, with the highway serving as a primary thoroughfare for both local traffic and possibly for commercial vehicles. The presence of the commercial building implies that the area is developed enough to support businesses, which could be a factor in the traffic density observed in the video.

[6/7] Category 6: cultural_language_inference
Question: Which specific city or state name is visible on the highway signs that come into view at 6.233 seconds?
Prediction: The specific city or state name visible on the highway signs at 6.233 seconds is not clearly discernible due to the resolution and angle of the image. The signs are not in sharp focus, and the text is not legible. Therefore, it is not possible to determine the exact city or state name from this timestamp.

[7/7] Category 7: entity_tracking_persistence
Question: For how long after the traffic light turns green at 2.633 seconds does it take for the 495 sign to come into clear view?
Prediction: At 2.633 seconds after the traffic light turns green, the 495 sign is clearly visible.

Saved predictions: benchmarks_results/results/InternVL2-1B/VQA_InternVL2-1B_985.json
Saved metrics: benchmarks_results/results/InternVL2-1B/eval_results_985.csv

======================================================================
VIDEO 986
/home2/gagandeep/benchmark/videos/900/986.mp4
Questions: 7
======================================================================

[1/7] Category 1: spatial_ordinal_navigation
Question: Where is the address number located relative to the residential house on the right side of the street?
Prediction: The address number is located on the right side of the street, adjacent to the residential house. It is visible as a white number on a red background, which is typical for street addresses in the United States.

[2/7] Category 2: entity_aggregation_semantic_filtering
Question: How many address signs or house numbers are visible on the residential houses in this clip?
Prediction: Based on the given video, there are no visible address signs or house numbers on the residential houses in this clip. The houses appear to be in a row, with no distinct markings or numbers on the visible side of the houses.

[3/7] Category 3: temporal_sequencing_order
Question: In what order does the vehicle cross the intersection and the address sign come into focus?
Prediction: The vehicle crosses the intersection in the middle of the video, as indicated by the first frame. The address sign, on the other hand, comes into focus towards the end of the video, after the vehicle has passed the intersection.

[4/7] Category 4: navigational_reasoning_hazard_awareness
Question: What driving constraints or regulatory instructions are written on the signs visible in this clip?
Prediction: The signs visible in the video include a red and white sign that appears to be a traffic sign, possibly indicating a stop or a warning for drivers. There is also a sign that is partially obscured, but it seems to be a directional sign, possibly indicating the direction of the road or a specific lane. However, the specific text on the signs is not legible in the video, so the exact driving constraints or regulatory instructions cannot be determined from the given content.

[5/7] Category 5: semantic_area_inference
Question: Based on the presence of a residential house displaying address number 149, what type of environment is this?
Prediction: The presence of a residential house with an address number 149 suggests that this is a neighborhood with a mix of residential and possibly commercial properties. The house is likely a private residence, as indicated by the address number, which is common for personal property. The presence of a street sign and traffic lights also implies that this is a well-maintained area with infrastructure in place to manage traffic and pedestrian flow. The environment appears to be orderly and well-organized, with a focus on residential and possibly commercial use of the space.

[6/7] Category 6: cultural_language_inference
Question: What script or numbering system is used for the address number displayed on the residential house?
Prediction: The address number displayed on the residential house is "10001."

[7/7] Category 7: entity_tracking_persistence
Question: At what specific time range does the address sign 149 come into focus in the clip?
Prediction: The address sign 149 comes into focus in the clip during the time when the traffic light is green, as indicated by the illuminated green light on the traffic signal.

Saved predictions: benchmarks_results/results/InternVL2-1B/VQA_InternVL2-1B_986.json
Saved metrics: benchmarks_results/results/InternVL2-1B/eval_results_986.csv

======================================================================
VIDEO 987
/home2/gagandeep/benchmark/videos/900/987.mp4
Questions: 7
======================================================================

[1/7] Category 1: spatial_ordinal_navigation
Question: What is the spatial position of the regulatory sign displaying the word STANDING relative to the parked dark green SUV?
Prediction: The regulatory sign displaying the word "STANDING" is located on the right side of the road, near the intersection of the street and the sidewalk. It is positioned slightly to the right of the center of the frame and is positioned at a height that is clear of the road surface, making it easily visible to drivers.

[2/7] Category 2: entity_aggregation_semantic_filtering
Question: How many distinct regulatory signs are visible in this clip?
Prediction: In the video, there are two distinct regulatory signs visible. One is a traffic light, and the other is a street sign.

[3/7] Category 3: temporal_sequencing_order
Question: What is the order of vehicles passed by the ego vehicle on the right side of the road between 00:00 and 00:06?
Prediction: Between 00:00 and 00:06, the ego vehicle (the car in the foreground) passes by the following vehicles in the right lane:

1. A white SUV
2. A silver sedan
3. A black SUV
4. A white car
5. A silver car
6. A silver van
7. A white van
8. A white car
9. A white car
10. A white car
11. A white car
12. A white car
13. A white car
14. A white car
15. A

[4/7] Category 4: navigational_reasoning_hazard_awareness
Question: What driving constraint is indicated by the regulatory sign visible at the intersection near the end of the clip?
Prediction: The regulatory sign visible at the intersection near the end of the clip indicates a stop sign, which is a common traffic control device used to indicate that vehicles must come to a complete stop at the intersection before proceeding. This sign is typically used to prevent vehicles from proceeding to the intersection until the stop sign is removed.

[5/7] Category 5: semantic_area_inference
Question: Based on the environment and the parked vehicles, what type of area is the vehicle traveling through?
Prediction: The vehicle is traveling through a residential area, as indicated by the presence of houses, trees, and the general layout of the street. The parked cars suggest that the area is residential, and the presence of a sidewalk and streetlights further supports this inference. The absence of commercial or industrial vehicles, along with the orderly arrangement of the cars, reinforces the residential nature of the area.

[6/7] Category 6: cultural_language_inference
Question: What language is the regulatory sign at the intersection written in?
Prediction: The regulatory sign at the intersection is written in English.

[7/7] Category 7: entity_tracking_persistence
Question: At what timestamp does the text on the regulatory sign first become visible to the ego vehicle?
Prediction: The text on the regulatory sign first becomes visible to the ego vehicle at the beginning of the video.

Saved predictions: benchmarks_results/results/InternVL2-1B/VQA_InternVL2-1B_987.json
Saved metrics: benchmarks_results/results/InternVL2-1B/eval_results_987.csv

======================================================================
VIDEO 988
/home2/gagandeep/benchmark/videos/900/988.mp4
Questions: 7
======================================================================

[1/7] Category 1: spatial_ordinal_navigation
Question: What is the spatial position of the red bus stop sign relative to the concrete sidewalk where the pedestrian walks?
Prediction: The red bus stop sign is located on the right side of the road, near the intersection. It is positioned at a distance from the pedestrian walking on the sidewalk, which is on the left side of the road. The sign is positioned at a height that allows it to be seen by drivers and pedestrians, and it is not obstructing the pedestrian's path.

[2/7] Category 2: entity_aggregation_semantic_filtering
Question: How many distinct traffic signs or signals are described in the scene?
Prediction: The scene describes a total of three distinct traffic signs or signals. These are a red traffic light, a white traffic light, and a street sign.

[3/7] Category 3: temporal_sequencing_order
Question: What is the order of vehicles that cross or clear the intersection after the ego vehicle begins decelerating at 0.6 seconds?
Prediction: After the ego vehicle begins decelerating at 0.6 seconds, the order of vehicles that cross or clear the intersection is as follows:

1. The black SUV is seen approaching the intersection.
2. The black SUV then crosses the intersection.
3. The black SUV continues to cross the intersection.
4. The black SUV then crosses the intersection.
5. The black SUV continues to cross the intersection.
6. The black SUV then crosses the intersection.
7. The black SUV continues to cross the intersection.
8. The black SUV then crosses the intersection.
9. The black SUV continues to cross the intersection.
10. The

[4/7] Category 4: navigational_reasoning_hazard_awareness
Question: What explicit driving constraints or actions are implied for the ego vehicle by the red bus stop sign near the crosswalk?
Prediction: The explicit driving constraints implied by the red bus stop sign near the crosswalk are that the ego vehicle must stop and wait for the red bus to come to a stop before proceeding. This is a common safety measure to prevent accidents and ensure that the bus can safely stop at the intersection.

[5/7] Category 5: semantic_area_inference
Question: Based on the landmarks and surroundings described, what type of driving environment does this clip depict?
Prediction: The driving environment depicted in the clip appears to be a suburban or semi-urban area with residential streets lined with houses and parked cars. The presence of a pedestrian crossing, the presence of a pedestrian, and the absence of any visible traffic congestion suggest that the driving environment is relatively safe and well-maintained. The road is wide enough for vehicles to navigate comfortably, and the traffic lights are in a state that allows for safe stopping, indicating that the area is designed for moderate traffic flow. The overall scene suggests a well-organized and possibly well-regulated driving environment.

[6/7] Category 6: cultural_language_inference
Question: Based on the position of the parked silver sedan and the pedestrian's sidewalk, what is the local driving side convention?
Prediction: The local driving side convention, as indicated by the parked silver sedan and the pedestrian's sidewalk, is to drive on the right side of the road. This is a common practice in many countries, especially in the United States, where the right side of the road is typically used for driving.

[7/7] Category 7: entity_tracking_persistence
Question: At what timestamp does the ego vehicle come to a complete halt before the crosswalk stop line?
Prediction: The ego vehicle comes to a complete halt before the crosswalk stop line at approximately 1:00:00.

Saved predictions: benchmarks_results/results/InternVL2-1B/VQA_InternVL2-1B_988.json
Saved metrics: benchmarks_results/results/InternVL2-1B/eval_results_988.csv

======================================================================
VIDEO 989
/home2/gagandeep/benchmark/videos/900/989.mp4
Questions: 7
======================================================================

[1/7] Category 1: spatial_ordinal_navigation
Question: What lies between the private concrete driveways on the right side of the intersection and the zebra-stripe pedestrian crosswalks?
Prediction: Between the private concrete driveways on the right side of the intersection and the zebra-stripe pedestrian crosswalks, there is a sidewalk.

[2/7] Category 2: entity_aggregation_semantic_filtering
Question: How many distinct moving vehicles cross the intersection between 00:01 and 00:08?
Prediction: In the 00:01 to 00:08 timeframe, there are a total of six distinct moving vehicles that cross the intersection.

[3/7] Category 3: temporal_sequencing_order
Question: What is the order in which the white SUV, black SUV, and large black pickup truck clear the intersection?
Prediction: The white SUV first crosses the intersection, followed by the black SUV, and then the large black pickup truck.

[4/7] Category 4: navigational_reasoning_hazard_awareness
Question: What signal hanging in the center of the intersection indicates that the driver should proceed with caution?
Prediction: The signal hanging in the center of the intersection is a red traffic light. This is indicated by the bright red color of the light, which is a universal signal for stopping. The presence of this signal, along with the pedestrian crossing, suggests that the driver should proceed with caution, as it is a common traffic signal that requires attention and caution.

[5/7] Category 5: semantic_area_inference
Question: Based on the surrounding environment, including houses, lawns, and private driveways, what type of area is this?
Prediction: The area appears to be a residential neighborhood, likely a suburban or urban residential area. The presence of houses with white siding and the private driveways suggests a community where individual homes are separated by yards or driveways. The houses are spaced apart, and the lawns are maintained, indicating a level of care and upkeep typical of residential neighborhoods. The trees lining the street and the overall layout of the street with houses and driveways further support the residential nature of the area.

[6/7] Category 6: cultural_language_inference
Question: What written language or script is visible on the signs in this intersection?
Prediction: The video does not provide any clear or visible signs with written language or script in the intersection. The focus is on the visual elements of the scene, such as the traffic lights, the road markings, and the surrounding environment.

[7/7] Category 7: entity_tracking_persistence
Question: For what time range is the large black pickup truck visible crossing the intersection?
Prediction: The large black pickup truck is visible crossing the intersection during the time range from approximately 10:00 to 11:00 AM. This is determined by the timestamp on the windshield, which shows the truck's position at that time.

Saved predictions: benchmarks_results/results/InternVL2-1B/VQA_InternVL2-1B_989.json
Saved metrics: benchmarks_results/results/InternVL2-1B/eval_results_989.csv

======================================================================
VIDEO 990
/home2/gagandeep/benchmark/videos/900/990.mp4
Questions: 7
======================================================================

[1/7] Category 1: spatial_ordinal_navigation
Question: What is the spatial position of the Linden Blvd and JUNIUS street signs relative to the white commuter van?
Prediction: The white commuter van is positioned on the right side of the road, slightly to the left of the center of the frame. It is closest to the traffic light and is positioned in front of the Linden Blvd sign, which is located on the left side of the road. The Linden Blvd sign is mounted on a pole and is positioned at a distance from the van, making it difficult to determine its exact position relative to the van. The JUNIUS street sign is located on the right side of the road, further to the right and slightly behind the van.

[2/7] Category 2: entity_aggregation_semantic_filtering
Question: How many distinct text instances belong to street or regulatory signs in this scene?
Prediction: In this scene, there are two distinct text instances that belong to street or regulatory signs. The first is the sign on the building, which reads "Linden Plaza," and the second is the sign on the street, which reads "Burger King Drive Thru."

[3/7] Category 3: temporal_sequencing_order
Question: What is the order in which the DRIVE sign, the Linden Plaza sign, and the DO NOT ENTER sign are encountered as the vehicle moves forward?
Prediction: The order in which the DRIVE sign, the Linden Plaza sign, and the DO NOT ENTER sign are encountered is as follows: the driver encounters the Linden Plaza sign first, then the DRIVE sign, and finally the DO NOT ENTER sign.

[4/7] Category 4: navigational_reasoning_hazard_awareness
Question: What warning text constrains movement near the drive-thru lane entrance?
Prediction: The warning text that constrains movement near the drive-thru lane entrance is "No Parking." This is indicated by the sign on the red and white sign that reads "No Parking" in white letters on a red background.

[5/7] Category 5: semantic_area_inference
Question: Based on the density and type of storefront signs like Burger King and Family Dollar, what kind of driving environment does this clip depict?
Prediction: The driving environment depicted in the clip shows a busy urban street with a mix of commercial and residential elements. The presence of multiple storefronts, including a Burger King and Family Dollar, suggests a commercial area where businesses are located close to each other. The traffic lights and the variety of vehicles indicate a typical urban traffic scenario with a mix of personal and commercial vehicles. The density of the traffic and the presence of multiple storefronts imply that this is a busy area with a mix of commercial and residential zones, typical of a city's downtown or commercial district.

[6/7] Category 6: cultural_language_inference
Question: What city is suggested by the area code in the phone number displayed on the commuter van?
Prediction: The area code in the phone number displayed on the commuter van is 718, which suggests that the city is likely New York City.

[7/7] Category 7: entity_tracking_persistence
Question: For what time range does the Linden Plaza sign remain continuously visible in the clip?
Prediction: The Linden Plaza sign remains continuously visible in the clip for the duration of the video, from the beginning to the end.

Saved predictions: benchmarks_results/results/InternVL2-1B/VQA_InternVL2-1B_990.json
Saved metrics: benchmarks_results/results/InternVL2-1B/eval_results_990.csv

======================================================================
VIDEO 991
/home2/gagandeep/benchmark/videos/900/991.mp4
Questions: 7
======================================================================

[1/7] Category 1: spatial_ordinal_navigation
Question: What is the spatial position of the instruction to use the other side relative to the sidewalk sign?
Prediction: The instruction to use the other side is located on a sign that is mounted on a pole on the right side of the road. It is positioned at a distance from the sidewalk sign, which is mounted on a pole on the left side of the road. The sign is mounted on a pole that is perpendicular to the road, and it is positioned at a height that allows it to be seen from a distance, indicating its importance for drivers to be aware of the other side of the road.

[2/7] Category 2: entity_aggregation_semantic_filtering
Question: How many distinct text instances are visible on the blue police barricades?
Prediction: There are two distinct instances of text visible on the blue police barricades.

[3/7] Category 3: temporal_sequencing_order
Question: What is the order in which the text instances on the blue barricades are encountered as the vehicle moves forward?
Prediction: The blue barricades are encountered in the following order as the vehicle moves forward: "POLICE LINE OF NOTICE," "POLICE LINE OF NOTICE," "POLICE LINE OF NOTICE," "POLICE LINE OF NOTICE," "POLICE LINE OF NOTICE," "POLICE LINE OF NOTICE," "POLICE LINE OF NOTICE," "POLICE LINE OF NOTICE," "POLICE LINE OF NOTICE," "POLICE LINE OF NOTICE," "POLICE LINE OF NOTICE," "POLICE LINE OF NOTICE," "POLICE LINE OF NOTICE," "POLICE LINE OF NOTICE," "POLICE LINE OF NOTICE," "POLICE LINE OF NOTICE

[4/7] Category 4: navigational_reasoning_hazard_awareness
Question: What warning text is displayed on the large orange sign on the left side of the road?
Prediction: The large orange sign on the left side of the road displays the warning text "POLICE LINE OF DETENTION."

[5/7] Category 5: semantic_area_inference
Question: Based on the presence of construction barriers, police barricades, and a commercial building, what kind of driving environment is depicted?
Prediction: The driving environment depicted in the video is one that is likely to be a commercial or industrial area, as indicated by the presence of construction barriers, police barricades, and a commercial building. The barriers suggest that vehicles are being restricted from passing through certain areas, which is common in areas undergoing construction or maintenance. The commercial building in the background further supports the idea that this is a commercial or industrial zone, where such restrictions are necessary to manage traffic flow and ensure safety.

[6/7] Category 6: cultural_language_inference
Question: Which abbreviation on the blue barricades suggests the city where this clip was filmed?
Prediction: The blue barricades on the left side of the road have the abbreviation "NY" on them, which suggests that the city where this clip was filmed is New York.

[7/7] Category 7: entity_tracking_persistence
Question: At what timestamp does the instruction to use the other side first become visible on the left?
Prediction: The instruction to use the other side first becomes visible on the left at approximately 1:00 seconds into the video.

Saved predictions: benchmarks_results/results/InternVL2-1B/VQA_InternVL2-1B_991.json
Saved metrics: benchmarks_results/results/InternVL2-1B/eval_results_991.csv

======================================================================
VIDEO 992
/home2/gagandeep/benchmark/videos/900/992.mp4
Questions: 7
======================================================================

[1/7] Category 1: spatial_ordinal_navigation
Question: What is the spatial position of the text Ave relative to the text Blvdnn on the overhead highway signage?
Prediction: The text Ave is located on the left side of the road, while the text Blvdnn is located on the right side of the road. The Ave text is positioned on the left side of the road, while the Blvdnn text is positioned on the right side of the road.

[2/7] Category 2: entity_aggregation_semantic_filtering
Question: How many distinct pieces of text on the overhead highway signage are visible in this clip?
Prediction: In the video, there are multiple instances of text on the overhead highway signage. However, due to the resolution and the angle of the camera, it is not possible to count each individual piece of text accurately. The most visible text includes "Brooklyn" and "25" on the green sign, and "West" on the white sign.

[3/7] Category 3: temporal_sequencing_order
Question: What is the order in which the destination signs Brooklyn and Queens are encountered at 3.3 seconds?
Prediction: The order in which the destination signs Brooklyn and Queens are encountered at 3.3 seconds is as follows:

1. The first sign is for Brooklyn, indicating the direction to Brooklyn.
2. The second sign is for Queens, indicating the direction to Queens.

[4/7] Category 4: navigational_reasoning_hazard_awareness
Question: Does any visible text on the overhead signage indicate a specific highway direction for Brooklyn?
Prediction: Yes, the overhead signage indicates a specific highway direction for Brooklyn. The sign reads "Brooklyn" in green letters, which is a clear indication of the direction to Brooklyn.

[5/7] Category 5: semantic_area_inference
Question: What type of driving environment is suggested by the overhead green highway signs displaying Brooklyn and Queens?
Prediction: The overhead green highway signs suggest a driving environment that is likely to be in a metropolitan area, possibly in New York City, where Brooklyn and Queens are known to be significant urban centers. The presence of these signs indicates that the highway is part of a well-developed road network, which is typical in densely populated areas where traffic management is crucial for safety and efficiency. The signs also imply that the area is accessible by public transportation, as they are placed at a convenient location for drivers to read and follow.

[6/7] Category 6: cultural_language_inference
Question: Which destination names visible on the overhead signage suggest the vehicle is driving in or near New York City?
Prediction: The destination names visible on the overhead signage include "Brooklyn" and "Manhattan," which suggest that the vehicle is driving in or near New York City. These destinations are well-known and easily recognizable, indicating that the driver is likely in or near Manhattan.

[7/7] Category 7: entity_tracking_persistence
Question: Between what timestamps are the destination signs for Brooklyn and Queens visible before the vehicle enters the shadow under the stone arch bridge?
Prediction: The destination signs for Brooklyn and Queens are visible before the vehicle enters the shadow under the stone arch bridge at approximately 1:00 and 2:00 minutes.

Saved predictions: benchmarks_results/results/InternVL2-1B/VQA_InternVL2-1B_992.json
Saved metrics: benchmarks_results/results/InternVL2-1B/eval_results_992.csv

======================================================================
VIDEO 993
/home2/gagandeep/benchmark/videos/900/993.mp4
Questions: 7
======================================================================

[1/7] Category 1: spatial_ordinal_navigation
Question: What is the spatial position of the ticket windows relative to the regulatory sign that says NO STANDING ANYTIME?
Prediction: The ticket windows are positioned on the right side of the road, slightly ahead of the camera's viewpoint. They are aligned with the regulatory sign that reads "NO STANDING ANYTIME," which is located on the right side of the road, just beyond the edge of the image. The sign is mounted on a pole and is visible to the right of the road, indicating that it is meant to be seen by drivers.

[2/7] Category 2: entity_aggregation_semantic_filtering
Question: How many distinct regulatory parking-related signs are mentioned along the stadium's exterior?
Prediction: Based on the video, there are at least two distinct regulatory parking-related signs visible along the stadium's exterior. One is a blue sign with white lettering, and the other is a red and white sign with a white arrow pointing to the right.

[3/7] Category 3: temporal_sequencing_order
Question: What is the order in which the stadium entrance gate, the ticket windows, and the large banner are encountered as the vehicle drives forward?
Prediction: The order of the stadium entrance gate, ticket windows, and the large banner encountered as the vehicle drives forward is as follows: the entrance gate is first, followed by the ticket windows, and then the large banner.

[4/7] Category 4: navigational_reasoning_hazard_awareness
Question: What text on the stadium's exterior indicates a parking or stopping restriction near the entrance gate?
Prediction: The text on the stadium's exterior that indicates a parking or stopping restriction near the entrance gate is "BULLPEN GATE."

[5/7] Category 5: semantic_area_inference
Question: What type of driving environment is suggested by the stadium gate, ticket windows, and commercial banners?
Prediction: The driving environment suggested by the stadium gate, ticket windows, and commercial banners indicates a commercial area with a focus on retail and entertainment. The presence of a stadium gate suggests that the area may be a sports venue or a venue for large events, which is common in urban settings. The ticket windows imply that the area is likely a commercial district where tickets are sold, possibly for events or attractions. The commercial banners, including one that reads "BULLPEN GATE," suggest that the area is a hub for businesses and possibly a tourist destination, as such banners are often used to attract visitors to specific locations. The overall setting is one

[6/7] Category 6: cultural_language_inference
Question: What language is used for all the legible signs and banners in this scene?
Prediction: The video does not provide audio, so it is not possible to determine the language used for the signs and banners.

[7/7] Category 7: entity_tracking_persistence
Question: During what time range are the ticket windows and the large commercial banner on the right side of the road visible?
Prediction: The ticket windows and the large commercial banner on the right side of the road are visible during the daytime, as indicated by the bright sunlight and the clear visibility of the scene.

Saved predictions: benchmarks_results/results/InternVL2-1B/VQA_InternVL2-1B_993.json
Saved metrics: benchmarks_results/results/InternVL2-1B/eval_results_993.csv

======================================================================
VIDEO 994
/home2/gagandeep/benchmark/videos/900/994.mp4
Questions: 7
======================================================================

[1/7] Category 1: spatial_ordinal_navigation
Question: Where is the deliveries sign located relative to the green directional sign?
Prediction: The deliveries sign is located on the right side of the road, near the green directional sign.

[2/7] Category 2: entity_aggregation_semantic_filtering
Question: How many distinct text entities are visible on the signs in this clip?
Prediction: There are two distinct text entities visible on the signs in this clip.

[3/7] Category 3: temporal_sequencing_order
Question: What is the order in which the three signs are encountered as the vehicle moves forward between 2.5 and 4.0 seconds?
Prediction: The three signs encountered as the vehicle moves forward between 2.5 and 4.0 seconds are the green sign with white lettering, the green sign with white lettering, and the green sign with white lettering.

[4/7] Category 4: navigational_reasoning_hazard_awareness
Question: What text on a sign indicates a weight restriction for vehicles near the overpass structure?
Prediction: The text on a sign that indicates a weight restriction for vehicles near the overpass structure is not clearly visible in the video. The camera angle does not allow for a clear view of the sign, and the text is not legible in the provided information.

[5/7] Category 5: semantic_area_inference
Question: What does the mix of highway names and weight limit signs suggest about the type of road segment?
Prediction: The mix of highway names and weight limit signs suggests that this is a multi-lane road segment that accommodates both heavy and light traffic. The presence of multiple highway names indicates that this is a major thoroughfare, likely serving as a major route for both local and long-distance travel. The weight limit signs, which are standard for highways, indicate that this road is designed to handle a significant volume of traffic, which is consistent with the heavy traffic observed in the video.

[6/7] Category 6: cultural_language_inference
Question: What city or region is suggested by the abbreviations on the green directional sign?
Prediction: The abbreviations on the green directional sign suggest a city or region in the northeastern United States, possibly New York or New Jersey, given the style of the sign and the presence of a bridge that resembles the Brooklyn Bridge, which is a well-known landmark in New York City.

[7/7] Category 7: entity_tracking_persistence
Question: At what timestamp does the text DELIVERIES ENTRANCE 9 first become visible in the clip?
Prediction: The text "DELIVERIES ENTRANCE 9" first becomes visible in the clip at approximately 1.00 seconds into the video.

Saved predictions: benchmarks_results/results/InternVL2-1B/VQA_InternVL2-1B_994.json
Saved metrics: benchmarks_results/results/InternVL2-1B/eval_results_994.csv

======================================================================
VIDEO 995
/home2/gagandeep/benchmark/videos/900/995.mp4
Questions: 7
======================================================================

[1/7] Category 1: spatial_ordinal_navigation
Question: What readable text is located directly to the right of the 1042 number on the first parked school bus?
Prediction: The text directly to the right of the 1042 number on the first parked school bus reads "Lorinda B. Led."

[2/7] Category 2: entity_aggregation_semantic_filtering
Question: How many distinct text instances containing numbers are visible on the first parked school bus?
Prediction: Based on the video, there are two distinct instances of the text "1042" on the first parked school bus.

[3/7] Category 3: temporal_sequencing_order
Question: What is the order in which the text labels Richie, Service, and 4290 are passed by the ego vehicle?
Prediction: The order in which the text labels Richie, Service, and 4290 are passed by the ego vehicle is as follows:

1. The first text label "Richie" is passed by the ego vehicle first.
2. The second text label "Service" is passed by the ego vehicle next.
3. The third text label "4290" is passed by the ego vehicle last.

[4/7] Category 4: navigational_reasoning_hazard_awareness
Question: What text on the first parked school bus indicates a potential driving constraint or warning?
Prediction: The text on the first parked school bus reads "STOP" in capital letters, which is a common warning to drivers to come to a complete stop before proceeding. This text is typically used to alert drivers to the need to stop at a safe distance from the bus, especially when it is stopped at a stop light or in a stop zone.

[5/7] Category 5: semantic_area_inference
Question: What type of area does the combination of residential buildings, a public park, and school buses suggest?
Prediction: The combination of residential buildings, a public park, and school buses suggests a suburban or urban area that is likely to be a mix of residential and educational facilities. The presence of the school buses indicates that the area is likely to have a school district, which is common in suburban or urban settings. The public park, with its greenery and benches, suggests that the area also includes recreational spaces, which are often found in suburban or urban areas. The combination of these elements points to a community that values both residential living and educational opportunities.

[6/7] Category 6: cultural_language_inference
Question: Which specific telephone area code visible on the first school bus suggests the vehicle is in New York City?
Prediction: The specific telephone area code visible on the first school bus is 718, which is associated with the New York City area. This code is often used by New York City buses to identify their route and service area.

[7/7] Category 7: entity_tracking_persistence
Question: During which time range is the text Little Linda visible on the first parked school bus?
Prediction: The text "Little Linda" is visible on the first parked school bus in the first part of the video.

Saved predictions: benchmarks_results/results/InternVL2-1B/VQA_InternVL2-1B_995.json
Saved metrics: benchmarks_results/results/InternVL2-1B/eval_results_995.csv

======================================================================
VIDEO 996
/home2/gagandeep/benchmark/videos/900/996.mp4
Questions: 7
======================================================================

[1/7] Category 1: spatial_ordinal_navigation
Question: What is the spatial position of Messubim relative to NEXT EXITS on the overhead gantry?
Prediction: The spatial position of Messubim, a white car, is located towards the right side of the road, slightly ahead of the lane markings. It is positioned to the right of the lane markings and is closest to the NEXT EXITS on the overhead gantry.

[2/7] Category 2: entity_aggregation_semantic_filtering
Question: How many distinct license plates are visible on vehicles throughout the entire clip?
Prediction: Based on the video, there are at least five distinct license plates visible on vehicles throughout the clip. These plates are not all clearly distinguishable due to the resolution and angle of the video.

[3/7] Category 3: temporal_sequencing_order
Question: What is the chronological order in which the code 67. 487. 75, the roadside sign showing Mesubim, and the overhead gantry displaying NEXT EXITS are encountered?
Prediction: The sequence of events includes encountering the code 67.487.75, the roadside sign showing Mesubim, and the overhead gantry displaying NEXT EXITS.

[4/7] Category 4: navigational_reasoning_hazard_awareness
Question: Based on the roadside sign visible on the right, what driving action is indicated at a distance of 1000 meters?
Prediction: The roadside sign visible on the right indicates that drivers approaching the 1000 meters mark should slow down and be prepared to stop. This suggests that the area is a significant junction or intersection, and drivers should be cautious of the approaching vehicles and pedestrians.

[5/7] Category 5: semantic_area_inference
Question: What type of driving environment is suggested by the presence of overhead gantries, exit signs, and multiple license plates?
Prediction: The presence of overhead gantries, exit signs, and multiple license plates suggests a busy and possibly congested driving environment. The gantries indicate that the highway is a major thoroughfare with multiple exits, which could lead to significant traffic. The exit signs, which are green and clearly marked, suggest that the highway is well-maintained and designed to handle high traffic volumes. The multiple license plates on the vehicles imply that the highway is a significant route with a high volume of traffic, necessitating the use of multiple plates for identification purposes. This environment is typical of a major highway in a city or a region with a high population density where

[6/7] Category 6: cultural_language_inference
Question: Which specific location names visible on the overhead gantry suggest the region or country this highway is located in?
Prediction: The specific location names visible on the overhead gantry include "Tel Aviv," "Tel Aviv," "Jerusalem," "Jerusalem," "Haifa," "Haifa," "Haifa," "Haifa," "Haifa," "Haifa," "Haifa," "Haifa," "Haifa," "Haifa," "Haifa," "Haifa," "Haifa," "Haifa," "Haifa," "Haifa," "Haifa," "Haifa," "Haifa," "Haifa," "Haifa," "Haifa," "Haifa," "Haifa," "Haifa," "

[7/7] Category 7: entity_tracking_persistence
Question: At what timestamp does the license plate 55:007 34 first become visible in the clip?
Prediction: The license plate 55:007 34 first becomes visible in the clip at approximately 1:00 seconds into the video.

Saved predictions: benchmarks_results/results/InternVL2-1B/VQA_InternVL2-1B_996.json
Saved metrics: benchmarks_results/results/InternVL2-1B/eval_results_996.csv

======================================================================
VIDEO 997
/home2/gagandeep/benchmark/videos/900/997.mp4
Questions: 7
======================================================================

[1/7] Category 1: spatial_ordinal_navigation
Question: What lies to the right of the marked zebra crossing as the vehicle approaches the junction?
Prediction: As the vehicle approaches the junction, it passes by a bus that is parked on the right side of the road. The bus is white with a black roof and has a large advertisement on its side.

[2/7] Category 2: entity_aggregation_semantic_filtering
Question: How many distinct signboards containing numbers are visible on the right side of the road at the start of the clip?
Prediction: There are two distinct signboards containing numbers visible on the right side of the road at the start of the clip. One sign is a large billboard with a white background and a red border, and the other is a smaller sign with a black background and a white border.

[3/7] Category 3: temporal_sequencing_order
Question: What landmark is encountered on the far left after the vehicle passes the signboard 9999?
Prediction: After passing the signboard 9999, the vehicle encounters a large billboard advertising a product.

[4/7] Category 4: navigational_reasoning_hazard_awareness
Question: Based on the visible text on the signboard 9999, are there any explicit driving actions or constraints implied?
Prediction: The signboard in the background has text that reads "9999," which is a common abbreviation for the emergency number in Israel. This suggests that the driver is likely in a situation where they need to call for help or report an emergency. The presence of the signboard implies that the driver is aware of the need to communicate with emergency services, which is a standard practice in many countries to ensure safety and prompt response in case of an emergency.

[5/7] Category 5: semantic_area_inference
Question: What does the presence of a multi-lane curved road, a gas station, and a signboard suggest about the driving environment?
Prediction: The presence of a multi-lane curved road, a gas station, and a signboard suggests that the driving environment is likely to be a busy urban or suburban area with a mix of commercial and residential zones. The curved road indicates that the road is designed to accommodate vehicles in a way that allows for a smooth flow of traffic, which is common in areas with significant vehicular traffic. The gas station, with its visible fuel pumps, implies that the area is accessible to residents and possibly has a commercial aspect to it, catering to the needs of the local population. The signboard, although not legible in the video, is likely to

[6/7] Category 6: cultural_language_inference
Question: What script or numbering system is used for the text on the signboard on the right?
Prediction: The text on the signboard on the right uses Hebrew script, which is a script used for writing the Hebrew language. The numbers are not clearly visible in the video, so it's not possible to determine the exact script or numbering system used for the text.

[7/7] Category 7: entity_tracking_persistence
Question: At what timestamp does the signboard 9999 first become visible, and when is it passed by the ego vehicle?
Prediction: The signboard 9999 first becomes visible at the beginning of the video, just before the ego vehicle starts moving. It is passed by the ego vehicle at approximately 10:00 AM, as indicated by the timestamp on the signboard.

Saved predictions: benchmarks_results/results/InternVL2-1B/VQA_InternVL2-1B_997.json
Saved metrics: benchmarks_results/results/InternVL2-1B/eval_results_997.csv

======================================================================
VIDEO 998
/home2/gagandeep/benchmark/videos/900/998.mp4
Questions: 7
======================================================================

[1/7] Category 1: spatial_ordinal_navigation
Question: Which restaurant is located to the right of the BARBERSHOP on the left side of the street?
Prediction: The restaurant located to the right of the BARBERSHOP on the left side of the street is the McDonald's.

[2/7] Category 2: entity_aggregation_semantic_filtering
Question: How many distinct license plates are mentioned on the grey vehicles in the traffic lane?
Prediction: Based on the video, there are two distinct license plates mentioned on the grey vehicles in the traffic lane. One plate is visible on the rear of the silver sedan, and the other is on the rear of the black SUV.

[3/7] Category 3: temporal_sequencing_order
Question: What is the chronological order in which the license plates HJG-2334 and FHN-9486 are encountered or approached by the camera vehicle?
Prediction: The license plates HJG-2334 and FHN-9486 are encountered or approached by the camera vehicle in the following order:

[4/7] Category 4: navigational_reasoning_hazard_awareness
Question: Does any visible text in the clip indicate a driving hazard, speed limit, or regulatory constraint?
Prediction: Yes, there is visible text in the clip that indicates a driving hazard. The text "NO TRUCKS" is prominently displayed on a sign in the distance, which is a clear warning to drivers to avoid any trucks on the road. This is a common regulatory measure to prevent accidents due to the presence of heavy vehicles that can cause congestion and potential collisions.

[5/7] Category 5: semantic_area_inference
Question: What type of driving environment is suggested by the presence of storefronts, a gas station, and a car wash?
Prediction: The presence of storefronts, a gas station, and a car wash suggests a commercial driving environment. The gas station is a common sight in urban areas, providing fuel services to drivers. The car wash, indicated by the presence of a vehicle and the visible car, is a typical service for vehicles, which is common in city settings. The combination of these elements implies that the driver is likely in a city or a town where such services are readily available, and the environment is likely to be busy and active, with a mix of commercial and personal transportation.

[6/7] Category 6: cultural_language_inference
Question: What regional area code is shared by the phone numbers visible on the storefronts in this scene?
Prediction: Based on the visible phone numbers on the storefronts, the regional area code shared by the phone numbers is 718. This can be deduced from the pattern of the numbers, which are all in the format of 718, which is a common area code for the New York metropolitan area.

[7/7] Category 7: entity_tracking_persistence
Question: At what timestamp does the car wash facility displaying the CAR and WASH signs first become clearer on the right?
Prediction: The car wash facility displaying the CAR and WASH signs first becomes clearer on the right at approximately 1:00 seconds into the video.

Saved predictions: benchmarks_results/results/InternVL2-1B/VQA_InternVL2-1B_998.json
Saved metrics: benchmarks_results/results/InternVL2-1B/eval_results_998.csv

======================================================================
VIDEO 999
/home2/gagandeep/benchmark/videos/900/999.mp4
Questions: 7
======================================================================

[1/7] Category 1: spatial_ordinal_navigation
Question: What store is located to the left of the pharmacy named PIEKIELKO ONE PHARMACY?
Prediction: The store located to the left of the pharmacy named PIEKIELKO ONE PHARMACY is a convenience store.

[2/7] Category 2: entity_aggregation_semantic_filtering
Question: How many distinct text entities are displayed on the corner building featuring BUFFALO JO'S?
Prediction: Based on the video, there are two distinct text entities displayed on the corner building featuring BUFFALO JO'S.

[3/7] Category 3: temporal_sequencing_order
Question: What is the order in which FOREST, BUFFALO JO'S, and SPEED are encountered by the vehicle?
Prediction: The order in which FOREST, BUFFALO JO'S, and SPEED are encountered by the vehicle is as follows:

1. The vehicle is seen approaching FOREST, a store with a red and white sign.
2. As the vehicle approaches BUFFALO JO'S, a store with a red and white sign.
3. Finally, the vehicle reaches SPEED, a store with a red and white sign.

[4/7] Category 4: navigational_reasoning_hazard_awareness
Question: What text on the road sign indicates a speed restriction after the vehicle turns left past the corner building?
Prediction: The text on the road sign that indicates a speed restriction after the vehicle turns left past the corner building is "25 mph."

[5/7] Category 5: semantic_area_inference
Question: Based on the density of storefronts, pharmacies, and medical offices, what type of driving environment is depicted?
Prediction: The driving environment depicted in the video is likely a suburban or urban setting with a mix of commercial and residential areas. The presence of multiple storefronts, including a pharmacy, suggests a community with a variety of businesses catering to different needs. The density of the buildings and the variety of storefronts indicate a neighborhood with a mix of residential and commercial activity. The mix of vehicles, including cars and a red SUV, implies a typical urban traffic scenario with a mix of personal and public transportation. The overall environment suggests a suburban or urban setting with a blend of commercial and residential zones.

[6/7] Category 6: cultural_language_inference
Question: Which telephone area code visible on the corner building's signage suggests the driving location is in New York City?
Prediction: The telephone area code visible on the corner building's signage is 714, which is associated with the New York City area. This code is often used by New York City residents and businesses to identify their location.

[7/7] Category 7: entity_tracking_persistence
Question: During which time range is the speed limit sign displaying SPEED visible as the vehicle continues forward?
Prediction: The speed limit sign displaying SPEED is visible during the time range where the vehicle is continuing forward. This is indicated by the presence of the sign in the frame, which is positioned to the right of the vehicle and is clearly visible against the background of the street scene.

Saved predictions: benchmarks_results/results/InternVL2-1B/VQA_InternVL2-1B_999.json
Saved metrics: benchmarks_results/results/InternVL2-1B/eval_results_999.csv

======================================================================
VIDEO 1000
/home2/gagandeep/benchmark/videos/900/1000.mp4
Questions: 7
======================================================================

[1/7] Category 1: spatial_ordinal_navigation
Question: As the vehicle drives forward from the wrapping business at 0.0s, what is the spatial position of the HOME TILE CENTER SHOWROOM relative to the LETTERS & WRAPS SIGN?
Prediction: The HOME TILE CENTER SHOWROOM is located to the right of the lettering and wrapping sign, which is situated to the left of the white van.

[2/7] Category 2: entity_aggregation_semantic_filtering
Question: How many distinct text instances containing numbers, such as phone numbers or license plates, are mentioned in the clip?
Prediction: There are two distinct instances of text containing numbers, such as the phone number "416-555-1234" and the license plate "JH 1234."

[3/7] Category 3: temporal_sequencing_order
Question: What is the order in which the vehicle passes the LETTERS & WRAPS SIGN and the HOME TILE CENTER?
Prediction: The vehicle passes the LETTERS & WRAPS sign first, then the HOME TILE CENTER.

[4/7] Category 4: navigational_reasoning_hazard_awareness
Question: Does any visible text in the clip indicate a driving constraint or warning, and where is it located?
Prediction: Yes, there is a visible text in the clip that reads "NO TRUCKS" located on a sign on the right side of the road. This text is located on a sign that is part of the road's infrastructure, indicating a restriction or warning for drivers to avoid driving trucks.

[5/7] Category 5: semantic_area_inference
Question: Based on the density and type of storefronts and commercial vehicles, what kind of driving environment does this clip depict?
Prediction: The driving environment depicted in the clip shows a busy urban street with a mix of commercial and residential vehicles. The presence of a variety of storefronts, including a "HOME CENTER" and a "VAN WASHING," suggests a commercial area with a mix of retail and service businesses. The vehicles, including cars and vans, are parked and moving, indicating that the street is used for both personal and commercial traffic. The traffic lights and the presence of construction barriers suggest that the area is undergoing development or maintenance, which is common in urban settings. Overall, the driving environment is one of active commercial activity with a mix of personal and commercial

[6/7] Category 6: cultural_language_inference
Question: What language or script is the visible text on the storefronts and vehicles written in?
Prediction: The visible text on the storefronts and vehicles is written in English. The storefronts have signs with the words "HOME CENTER" and "LETTERS & WRAPS," and the vehicles have license plates that are not clearly readable.

[7/7] Category 7: entity_tracking_persistence
Question: For what time range is the LETTERS & WRAPS SIGN visible before transitioning to the HOME TILE CENTER?
Prediction: The LETTERS & WRAPS SIGN is visible in the first part of the video, before transitioning to the HOME TILE CENTER. It is located on the left side of the road, near the intersection, and is clearly visible against the background of the other vehicles and buildings.

Saved predictions: benchmarks_results/results/InternVL2-1B/VQA_InternVL2-1B_1000.json
Saved metrics: benchmarks_results/results/InternVL2-1B/eval_results_1000.csv

======================================================================
FINAL SUMMARY
       model  videos_evaluated  questions_evaluated     ANLS  ANLS_star   BLEU_1  BERTScore_F1  mean_inference_time_sec
InternVL2-1B               100                  700 0.110197   0.172694 0.056893      0.822685                 2.612378

Saved: benchmarks_results/results/InternVL2-1B/summary.csv

Benchmark complete.
