
======================================================================
VIDEO VQA BENCHMARK
======================================================================
Model       : Qwen3-VL-2B
HF checkpoint: Qwen/Qwen3-VL-2B-Instruct
Video range : 901 - 1000
GT root     : results/results
Video root  : videos/900
Output      : benchmarks_results/results/Qwen3-VL-2B
======================================================================

Loading Qwen/Qwen3-VL-2B-Instruct
Loading weights:   0%|          | 0/625 [00:00<?, ?it/s]Loading weights:   4%|▍         | 25/625 [00:00<00:02, 240.31it/s]Loading weights:  11%|█         | 68/625 [00:00<00:01, 347.94it/s]Loading weights:  17%|█▋        | 108/625 [00:00<00:01, 369.90it/s]Loading weights:  23%|██▎       | 146/625 [00:00<00:01, 369.93it/s]Loading weights:  30%|███       | 188/625 [00:00<00:01, 387.19it/s]Loading weights:  36%|███▋      | 227/625 [00:00<00:01, 381.00it/s]Loading weights:  43%|████▎     | 267/625 [00:00<00:00, 386.78it/s]Loading weights:  51%|█████     | 316/625 [00:00<00:00, 417.85it/s]Loading weights:  76%|███████▌  | 474/625 [00:00<00:00, 774.25it/s]Loading weights:  96%|█████████▌| 600/625 [00:01<00:00, 915.62it/s]Loading weights: 100%|██████████| 625/625 [00:01<00:00, 591.05it/s]
Loaded: Qwen/Qwen3-VL-2B-Instruct

======================================================================
VIDEO 901
/home2/gagandeep/benchmark/videos/900/901.mp4
Questions: 7
======================================================================

[1/7] Category 1: spatial_ordinal_navigation
Question: Which readable text instances appear between the ONE WAY sign and the CARS CASH sign on the commercial facade?
qwen-vl-utils using decord to read video.
[transformers] Qwen3VL requires frame timestamps to construct prompts, but the `fps` of the input video could not be inferred. Probably `video_metadata` was missing from inputs and you passed pre-sampled frames. Defaulting to `fps=24`. Please provide `video_metadata` for more accurate results.
Prediction: DRIVERS WANTED

Loading BERTScore model...
Warning: You are sending unauthenticated requests to the HF Hub. Please set a HF_TOKEN to enable higher rate limits and faster downloads.
Loading weights:   0%|          | 0/389 [00:00<?, ?it/s]Loading weights: 100%|██████████| 389/389 [00:00<00:00, 4268.85it/s]
[transformers] [1mRobertaModel LOAD REPORT[0m from: roberta-large
Key                       | Status     | 
--------------------------+------------+-
lm_head.dense.bias        | UNEXPECTED | 
lm_head.layer_norm.weight | UNEXPECTED | 
lm_head.bias              | UNEXPECTED | 
lm_head.layer_norm.bias   | UNEXPECTED | 
lm_head.dense.weight      | UNEXPECTED | 
pooler.dense.weight       | MISSING    | 
pooler.dense.bias         | MISSING    | 

Notes:
- UNEXPECTED:	can be ignored when loading from different task/architecture; not ok if you expect identical arch.
- MISSING:	those params were newly initialized because missing from the checkpoint. Consider training on your downstream task.

[2/7] Category 2: entity_aggregation_semantic_filtering
Question: How many distinct text instances representing phone numbers or parts of phone numbers are visible on the commercial facade and the brick building?
Prediction: There are 2 distinct text instances representing phone numbers or parts of phone numbers visible on the commercial facade and the brick building.

[3/7] Category 3: temporal_sequencing_order
Question: What is the order in which the address markers 35-11 and 42-11 are encountered as the vehicle drives forward?
Prediction: The address marker 35-11 is encountered first, followed by the address marker 42-11.

[4/7] Category 4: navigational_reasoning_hazard_awareness
Question: What instructional or regulatory text is visible on the road surface and adjacent sign near the end of the clip?
Prediction: The road surface and adjacent sign near the end of the clip display the text "DRIVERS WANTED" in bold, capital letters.

[5/7] Category 5: semantic_area_inference
Question: What does the mix of text visible between 0.0s and 2.10s suggest about the type of area?
Prediction: The mix of text visible between 0.0s and 2.10s suggests that the area is likely a commercial or industrial zone. The presence of a "DRIVERS WANTED" sign, a "FREE DELIVERY" sign, and a "DRIVER'S WANTED" sign indicates that this area is likely a place where drivers are needed, possibly for delivery or other services. The presence of a "DRIVER'S WANTED" sign and a "FREE DELIVERY" sign suggests that this area is likely a place where drivers are needed, possibly for delivery or other services. The presence of a "DRIVER'S

[6/7] Category 6: cultural_language_inference
Question: Which regional telephone area codes visible in the clip suggest the video was filmed in New York City?
Prediction: The video shows a street scene with a sign that reads "DRIVERS WANTED" and a phone number that includes "718." The area code 718 is a well-known area code for New York City. This suggests the video was filmed in New York City.

[7/7] Category 7: entity_tracking_persistence
Question: For what time range is the license plate of the lead vehicle visible in the clip?
Prediction: The license plate of the lead vehicle is visible from the beginning of the clip until the end.

Saved predictions: benchmarks_results/results/Qwen3-VL-2B/VQA_Qwen3-VL-2B_901.json
Saved metrics: benchmarks_results/results/Qwen3-VL-2B/eval_results_901.csv

======================================================================
VIDEO 902
/home2/gagandeep/benchmark/videos/900/902.mp4
Questions: 7
======================================================================

[1/7] Category 1: spatial_ordinal_navigation
Question: What bike route sign, which first appears at 0.3s, is located adjacent to the Northern Blvd sign?
Prediction: The bike route sign that appears at 0.3s is the "Honeywell St Bridge" sign.

[2/7] Category 2: entity_aggregation_semantic_filtering
Question: How many graffiti tags are visible on the concrete structures as the vehicle ascends the bridge between 6.5s and 6.967s?
Prediction: There are 3 graffiti tags visible on the concrete structures as the vehicle ascends the bridge.

[3/7] Category 3: temporal_sequencing_order
Question: What is the order in which the signs for Honeywell St Bridge, DO NOT ENTER, and ONE WAY are encountered as the vehicle moves forward?
Prediction: The order in which the signs are encountered is: Honeywell St Bridge, followed by DO NOT ENTER, and then ONE WAY.

[4/7] Category 4: navigational_reasoning_hazard_awareness
Question: What regulatory text on the corner, visible at 3.633s, indicates a restriction on entering as the vehicle transitions onto the bridge ramp?
Prediction: The regulatory text on the corner, visible at 3.633s, is "DO NOT ENTER".

[5/7] Category 5: semantic_area_inference
Question: Based on the presence of route signs, regulatory signs, and a bridge ramp, what kind of driving environment does this clip depict?
Prediction: The clip depicts a city environment with a mix of urban infrastructure and transportation systems. The presence of route signs, regulatory signs, and a bridge ramp suggests that the driving environment is a densely populated urban area with a significant amount of traffic and infrastructure. The road signs indicate that the driver is on a major thoroughfare, likely in a city with a complex network of roads and bridges. The bridge ramp, which is a common feature in urban areas, suggests that the driver is approaching a bridge or crossing a major road. The presence of a pedestrian crossing and a traffic light further supports the idea that this is a busy urban area with a high volume

[6/7] Category 6: cultural_language_inference
Question: Which street and bridge name visible on the bike route sign suggests the local geographic setting?
Prediction: The sign indicates "Honeywell St Bridge," which suggests the local geographic setting is likely in a city or urban area with a notable bridge named Honeywell Street. This could be in a region with a history of industrial or commercial development, possibly in the United States, given the naming convention.

[7/7] Category 7: entity_tracking_persistence
Question: At what timestamp does the DO NOT ENTER sign first become visible as the vehicle transitions onto the bridge ramp?
Prediction: The DO NOT ENTER sign first becomes visible at 0:01.

Saved predictions: benchmarks_results/results/Qwen3-VL-2B/VQA_Qwen3-VL-2B_902.json
Saved metrics: benchmarks_results/results/Qwen3-VL-2B/eval_results_902.csv

======================================================================
VIDEO 903
/home2/gagandeep/benchmark/videos/900/903.mp4
Questions: 7
======================================================================

[1/7] Category 1: spatial_ordinal_navigation
Question: What manufacturer name is located to the left of the license plate 63:816.70. on the rear of the grey bus?
Prediction: The manufacturer name located to the left of the license plate 63:816.70 on the rear of the grey bus is PIONEER.

[2/7] Category 2: entity_aggregation_semantic_filtering
Question: How many distinct license plates are visible on the transit buses in this clip?
Prediction: There are two distinct license plates visible on the transit buses in this clip.

[3/7] Category 3: temporal_sequencing_order
Question: What is the order in which the license plates of the two Metropoline transit buses are encountered by the camera vehicle?
Prediction: The camera vehicle encounters the license plate of the first bus first, followed by the license plate of the second bus.

[4/7] Category 4: navigational_reasoning_hazard_awareness
Question: Based on the visible text in the scene, are there any explicit driving constraints or speed limits indicated?
Prediction: No, there are no explicit driving constraints or speed limits indicated in the scene. The video does not show any signs or markings that specify a speed limit or other driving restrictions.

[5/7] Category 5: semantic_area_inference
Question: What does the mix of text on the transit buses suggest about the type of driving environment?
Prediction: The mix of text on the transit buses suggests a diverse and possibly multicultural driving environment. The presence of both Hebrew and English text indicates that the buses are likely operating in a region where both languages are commonly used, such as Israel. This bilingualism reflects the cultural and linguistic diversity of the area, where residents may speak Hebrew as their primary language, but also use English in certain contexts, such as in business or tourism. The use of both languages on the buses could also suggest that the transit system is designed to serve a broad range of passengers, including those who may not be fluent in Hebrew or English. This could be particularly important in a

[6/7] Category 6: cultural_language_inference
Question: Which website link on the grey bus advertisement suggests a specific country of origin or region?
Prediction: The website link on the grey bus advertisement is 'suzuki.co.il', which suggests that the advertisement is from Israel, as the country code 'IL' is included in the domain name.

[7/7] Category 7: entity_tracking_persistence
Question: At what timestamp range does the white bus identifier 2443 first become revealed to the camera vehicle?
Prediction: The white bus identifier 2443 first becomes revealed to the camera vehicle at the timestamp range of 0.0 to 0.3 seconds.

Saved predictions: benchmarks_results/results/Qwen3-VL-2B/VQA_Qwen3-VL-2B_903.json
Saved metrics: benchmarks_results/results/Qwen3-VL-2B/eval_results_903.csv

======================================================================
VIDEO 904
/home2/gagandeep/benchmark/videos/900/904.mp4
Questions: 7
======================================================================

[1/7] Category 1: spatial_ordinal_navigation
Question: What street sign text is located beside the price signboard displaying 299, CASH, and 9/10?
Prediction: The street sign text located beside the price signboard displaying 299, CASH, and 9/10 is "Vitruvius Ave."

[2/7] Category 2: entity_aggregation_semantic_filtering
Question: How many distinct pieces of text visible in the clip are mounted on the white moving truck?
Prediction: There are 2 distinct pieces of text visible on the white moving truck: "BEKINS" and "1000".

[3/7] Category 3: temporal_sequencing_order
Question: What is the order in which the moving truck text, the gas station brand, and the cross street sign are encountered?
Prediction: The moving truck text is encountered first, followed by the gas station brand, and then the cross street sign.

[4/7] Category 4: navigational_reasoning_hazard_awareness
Question: What regulatory text visible at the start of the clip indicates a speed restriction on the roadway?
Prediction: The regulatory text visible at the start of the clip is "SPEED LIMIT 35".

[5/7] Category 5: semantic_area_inference
Question: What type of driving environment does the presence of a gas station, price signboard, and street sign suggest?
Prediction: The presence of a gas station, price signboard, and street sign suggests a commercial or urban driving environment. These elements are commonly found in areas with high traffic and commercial activity, such as city centers or suburban areas with significant retail and service infrastructure.

[6/7] Category 6: cultural_language_inference
Question: What language is the visible text on the speed limit sign and street sign written in?
Prediction: The visible text on the speed limit sign and street sign is written in English.

[7/7] Category 7: entity_tracking_persistence
Question: During what time range does the price board displaying 299, CASH, and 9/10 become clearly visible as the vehicle approaches the intersection?
Prediction: The price board displaying 299, CASH, and 9/10 becomes clearly visible as the vehicle approaches the intersection between 0.0 and 0.3 seconds.

Saved predictions: benchmarks_results/results/Qwen3-VL-2B/VQA_Qwen3-VL-2B_904.json
Saved metrics: benchmarks_results/results/Qwen3-VL-2B/eval_results_904.csv

======================================================================
VIDEO 905
/home2/gagandeep/benchmark/videos/900/905.mp4
Questions: 7
======================================================================

[1/7] Category 1: spatial_ordinal_navigation
Question: What readable text is located directly below the BEDROOM sign on the commercial storefront?
Prediction: The text located directly below the BEDROOM sign is "R. MATRiSS".

[2/7] Category 2: entity_aggregation_semantic_filtering
Question: How many distinct text instances are mounted on the semi-truck trailer and cab?
Prediction: There are 3 distinct text instances mounted on the semi-truck trailer and cab.

[3/7] Category 3: temporal_sequencing_order
Question: What is the order in which the text instances Sign-On Bonus, LOGISTICS-010, and myBekins.com are first encountered as the vehicle moves forward?
Prediction: The order in which the text instances are first encountered is: Sign-On Bonus, LOGISTICS-010, myBekins.com.

[4/7] Category 4: navigational_reasoning_hazard_awareness
Question: Based on the regulatory sign near the roadside sidewalk, what explicit driving action is required for vehicles in the right lane?
Prediction: The regulatory sign near the roadside sidewalk indicates that vehicles in the right lane must turn right.

[5/7] Category 5: semantic_area_inference
Question: What does the mix of text visible between 0.6s and 2.0s suggest about the type of area?
Prediction: The mix of text visible between 0.6s and 2.0s suggests that the area is a commercial or urban setting, possibly near a business district or a busy street with multiple vehicles and signs. The presence of a large truck, a car, and various signs, including a "DUGGAN'S" sign, indicates a location with active traffic and commercial activity. The combination of these elements suggests a bustling urban environment with a mix of commercial and transportation-related activities.

[6/7] Category 6: cultural_language_inference
Question: What language or script is the visible text in this clip written in?
Prediction: The visible text in the clip is written in English.

[7/7] Category 7: entity_tracking_persistence
Question: At what timestamp does the website myBekins.com first become legible as the host vehicle passes the semi-truck?
Prediction: The website myBekins.com first becomes legible as the host vehicle passes the semi-truck at 0.0 seconds.

Saved predictions: benchmarks_results/results/Qwen3-VL-2B/VQA_Qwen3-VL-2B_905.json
Saved metrics: benchmarks_results/results/Qwen3-VL-2B/eval_results_905.csv

======================================================================
VIDEO 906
/home2/gagandeep/benchmark/videos/900/906.mp4
Questions: 7
======================================================================

[1/7] Category 1: spatial_ordinal_navigation
Question: What warning text is located on the vehicle to the left of the black Chevrolet SUV with license plate HPW-2922?
Prediction: The vehicle to the left of the black Chevrolet SUV with license plate HPW-2922 has the text "AMBULANCE" on its side.

[2/7] Category 2: entity_aggregation_semantic_filtering
Question: How many distinct text instances are displayed on the parked white box truck?
Prediction: There are 4 distinct text instances displayed on the parked white box truck.

[3/7] Category 3: temporal_sequencing_order
Question: What is the order in which the ATM sign, the address 43-02 37th ST., and the yellow warning sign are passed by the ego vehicle?
Prediction: The ATM sign is passed by the ego vehicle first, followed by the address 43-02 37th ST., and then the yellow warning sign.

[4/7] Category 4: navigational_reasoning_hazard_awareness
Question: What warning text is posted on a utility pole to indicate a change in traffic conditions ahead?
Prediction: The warning text posted on the utility pole is "DRIVERS WANTED."

[5/7] Category 5: semantic_area_inference
Question: What does the mix of text visible between 3.0 seconds and 7.0 seconds suggest about the driving environment?
Prediction: The mix of text visible between 3.0 seconds and 7.0 seconds suggests a busy urban environment with a variety of vehicles and signs. The presence of a truck with "Soundstone Floors, Inc." and a sign that reads "DRIVERS WANTED" indicates a commercial area with active business operations. The presence of an ambulance and a truck with a "KEEP BACK" sign suggests that the area is likely near a hospital or emergency services, and the truck may be involved in construction or delivery work. The mix of text and signs suggests a high-traffic area with a mix of commercial and emergency services.

[6/7] Category 6: cultural_language_inference
Question: Which specific text on the brick commercial building's facade suggests the city or region where this clip was filmed?
Prediction: The text on the brick commercial building's facade that suggests the city or region is "New York" or "New York City."

[7/7] Category 7: entity_tracking_persistence
Question: At what timestamp does the ambulance displaying the identifier 592 start moving forward?
Prediction: The ambulance displaying the identifier 592 starts moving forward at 0.0 seconds.

Saved predictions: benchmarks_results/results/Qwen3-VL-2B/VQA_Qwen3-VL-2B_906.json
Saved metrics: benchmarks_results/results/Qwen3-VL-2B/eval_results_906.csv

======================================================================
VIDEO 907
/home2/gagandeep/benchmark/videos/900/907.mp4
Questions: 7
======================================================================

[1/7] Category 1: spatial_ordinal_navigation
Question: What text is located directly to the right of the text 25 A on the overhead street sign?
Prediction: NORTHERN BRIDGE

[2/7] Category 2: entity_aggregation_semantic_filtering
Question: How many distinct text instances are mounted on the parked white box truck?
Prediction: There are 2 distinct text instances mounted on the parked white box truck.

[3/7] Category 3: temporal_sequencing_order
Question: What is the chronological order in which the text groups on the brick industrial building's banner are encountered?
Prediction: The text groups on the brick industrial building's banner are encountered in the following chronological order: "DRIVERS WANTED" at the top, followed by "720 7777" at the bottom.

[4/7] Category 4: navigational_reasoning_hazard_awareness
Question: What instructional or regulatory text is visible on the sign near the traffic light at the intersection?
Prediction: The sign near the traffic light at the intersection reads "DRIVERS WANTED."

[5/7] Category 5: semantic_area_inference
Question: What does the presence of contractor vehicle text and industrial building banners suggest about the driving environment?
Prediction: The presence of contractor vehicle text and industrial building banners suggests that the driving environment is likely in an urban or industrial area, possibly near construction or manufacturing sites. This indicates a setting where vehicles may be involved in heavy-duty work, and the road infrastructure is designed to accommodate such activities.

[6/7] Category 6: cultural_language_inference
Question: What city or region is suggested by the area code 718 found on the visible signs?
Prediction: The area code 718 is associated with New York City, specifically the borough of Queens. This is indicated by the presence of the "718" area code on the signs, which is commonly used in the New York metropolitan area.

[7/7] Category 7: entity_tracking_persistence
Question: For what time range is the phone number 718.786.2505 on the parked white box truck visible?
Prediction: The phone number 718.786.2505 is visible on the parked white box truck from 0:00 to 0:03.

Saved predictions: benchmarks_results/results/Qwen3-VL-2B/VQA_Qwen3-VL-2B_907.json
Saved metrics: benchmarks_results/results/Qwen3-VL-2B/eval_results_907.csv

======================================================================
VIDEO 908
/home2/gagandeep/benchmark/videos/900/908.mp4
Questions: 7
======================================================================

[1/7] Category 1: spatial_ordinal_navigation
Question: What is the spatial position of the covered pedestrian structure marked WALKWAY relative to the Care emblem?
Prediction: The covered pedestrian structure marked WALKWAY is located to the left of the Care emblem on the bus.

[2/7] Category 2: entity_aggregation_semantic_filtering
Question: How many distinct pieces of text visible in this clip are mounted on the transit bus?
Prediction: There are 3 distinct pieces of text visible on the transit bus: "710", "THE PORT AUTHORITY OF NY & NJ", and "Care".

[3/7] Category 3: temporal_sequencing_order
Question: What is the order of appearance of the first three text instances detected on the transit bus?
Prediction: 1. '710' 
2. 'THE PORT AUTHORITY OF NY & NJ' 
3. 'Care'

[4/7] Category 4: navigational_reasoning_hazard_awareness
Question: Based on the pavement markings near the green commuter waiting shelters, what driving action is required?
Prediction: The pavement markings near the green commuter waiting shelters indicate that drivers should stop. This is evident from the "STOP" sign and the painted lines on the road, which are typically used to enforce traffic stops at designated areas.

[5/7] Category 5: semantic_area_inference
Question: What does the presence of transit bus markings and a walkway sign suggest about the driving environment?
Prediction: The presence of transit bus markings and a walkway sign suggests that the driving environment is likely a public transportation hub or a transit area, such as a bus terminal or a station. The markings indicate that the area is designed for the safe and efficient movement of vehicles and pedestrians, with specific zones for buses and walkways. The walkway sign suggests that there is a designated path for pedestrians, which is important for safety and accessibility. The presence of a bus with the number 710 and the text "The Port Authority of NY & NJ" further supports the idea that this is a public transportation facility, possibly located in a major city

[6/7] Category 6: cultural_language_inference
Question: Which visible text suggests the geographical region where this clip was recorded?
Prediction: The text "THE PORT AUTHORITY OF NY & NJ" suggests the geographical region where this clip was recorded.

[7/7] Category 7: entity_tracking_persistence
Question: At what timestamp does the fleet designation number 710 first become clearly detected on the bus?
Prediction: The fleet designation number 710 first becomes clearly detected on the bus at 0:00.

Saved predictions: benchmarks_results/results/Qwen3-VL-2B/VQA_Qwen3-VL-2B_908.json
Saved metrics: benchmarks_results/results/Qwen3-VL-2B/eval_results_908.csv

======================================================================
VIDEO 909
/home2/gagandeep/benchmark/videos/900/909.mp4
Questions: 7
======================================================================

[1/7] Category 1: spatial_ordinal_navigation
Question: What is the spatial position of the THRU road text relative to the LANE road text?
Prediction: The THRU road text is located to the right of the LANE road text.

[2/7] Category 2: entity_aggregation_semantic_filtering
Question: How many distinct mounted signs are visible in this clip?
Prediction: There are 3 distinct mounted signs visible in the clip.

[3/7] Category 3: temporal_sequencing_order
Question: What is the chronological order in which the three road text markings are first encountered in the clip?
Prediction: The first road text marking encountered is "LANE THRU" on the road surface, followed by "STOP" on a sign, and then "EXIT" on a sign.

[4/7] Category 4: navigational_reasoning_hazard_awareness
Question: What explicit driving action is required near the zebra-striped pedestrian crosswalk based on the visible signage?
Prediction: The driving action required near the zebra-striped pedestrian crosswalk is to stop. This is indicated by the "STOP" sign visible in the image, which is a standard traffic sign that requires drivers to halt their vehicles before the crosswalk.

[5/7] Category 5: semantic_area_inference
Question: What kind of driving environment does the mix of waiting structures and road markings suggest?
Prediction: The mix of waiting structures and road markings suggests a busy urban or suburban area with a focus on public transportation. The presence of a bus stop, a "LANE THRU" sign, and a "STOP" sign indicates a well-organized and regulated traffic environment, likely designed to accommodate both vehicles and public transit. This setup is typical of a city or town with a significant number of commuters and a need for efficient traffic flow.

[6/7] Category 6: cultural_language_inference
Question: What language is used for the road markings and signs in this clip?
Prediction: The road markings and signs in the clip are in English.

[7/7] Category 7: entity_tracking_persistence
Question: At what timestamp does the green directional EXIT sign first come into full view?
Prediction: The green directional EXIT sign first comes into full view at 0:03.

Saved predictions: benchmarks_results/results/Qwen3-VL-2B/VQA_Qwen3-VL-2B_909.json
Saved metrics: benchmarks_results/results/Qwen3-VL-2B/eval_results_909.csv

======================================================================
VIDEO 910
/home2/gagandeep/benchmark/videos/900/910.mp4
Questions: 7
======================================================================

[1/7] Category 1: spatial_ordinal_navigation
Question: What text is located directly beneath the sign for Broad St on the overhead gantry?
Prediction: The text located directly beneath the sign for Broad St on the overhead gantry is "North 1".

[2/7] Category 2: entity_aggregation_semantic_filtering
Question: How many distinct text instances containing numbers are encountered after the vehicle passes the medical office building at 5.100 seconds?
Prediction: 2

[3/7] Category 3: temporal_sequencing_order
Question: What is the order in which the vehicle encounters the text CENTER, Broad St, and Enrite?
Prediction: The vehicle encounters the text CENTER first, followed by Broad St, and then Enrite.

[4/7] Category 4: navigational_reasoning_hazard_awareness
Question: Based on the text on the overhead gantry, what driving action is indicated for reaching Passaic?
Prediction: The text on the overhead gantry indicates that to reach Passaic, you should take the right turn.

[5/7] Category 5: semantic_area_inference
Question: What type of driving environment is suggested by the presence of a large overhead gantry and multiple roadside businesses?
Prediction: The presence of a large overhead gantry and multiple roadside businesses suggests a suburban or urban setting with a mix of commercial and residential areas. The overhead gantry likely indicates a major road or highway, possibly with multiple lanes and a significant amount of traffic, while the roadside businesses suggest a developed area with a variety of services and retail options. This environment is typical of a densely populated region where both commercial and residential zones are closely integrated.

[6/7] Category 6: cultural_language_inference
Question: Which specific city names visible on the overhead highway gantry suggest the geographic region of the route?
Prediction: The overhead highway gantry displays signs for "Broad St" and "Grove St," which are likely part of a city's street names. These names suggest that the route is in a city with a name that includes "Broad" and "Grove," such as "Broad Street" and "Grove Street," which are common in urban areas. The presence of these street names indicates that the route is likely in a city with a name that includes "Broad" and "Grove," such as "Broad Street" and "Grove Street," which are common in urban areas.

[7/7] Category 7: entity_tracking_persistence
Question: For what time range does the overhead highway sign displaying Broad St remain visible as the vehicle drives underneath it?
Prediction: The overhead highway sign displaying Broad St remains visible from 0:00 to 0:03.

Saved predictions: benchmarks_results/results/Qwen3-VL-2B/VQA_Qwen3-VL-2B_910.json
Saved metrics: benchmarks_results/results/Qwen3-VL-2B/eval_results_910.csv

======================================================================
VIDEO 911
/home2/gagandeep/benchmark/videos/900/911.mp4
Questions: 7
======================================================================

[1/7] Category 1: spatial_ordinal_navigation
Question: What is the spatial position of the storefront displaying Clifton Tile relative to the sports facility operated by SDA?
Prediction: The storefront displaying Clifton Tile is located on the right side of the sports facility operated by SDA.

[2/7] Category 2: entity_aggregation_semantic_filtering
Question: How many distinct text instances containing numbers are visible on the buildings and billboard between House 46 and the parked minivan?
Prediction: There are 2 distinct text instances containing numbers visible on the buildings and billboard between House 46 and the parked minivan.

[3/7] Category 3: temporal_sequencing_order
Question: What is the order in which the locations House 46, the building at 1075, and Clifton Tile are encountered between 0.40 and 2.40 seconds?
Prediction: The order in which the locations are encountered is: House 46, the building at 1075, and Clifton Tile.

[4/7] Category 4: navigational_reasoning_hazard_awareness
Question: What text indicates a driving restriction or direction constraint at the driveway located between building 1033 and the entrance way displaying 35-37?
Prediction: The text on the sign indicates a driving restriction or direction constraint at the driveway located between building 1033 and the entrance way displaying 35-37. The sign reads "NO PARKING" and "NO VEHICLES ALLOWED."

[5/7] Category 5: semantic_area_inference
Question: Based on the density of storefronts, tile shops, and commercial billboards, what kind of driving environment does this clip depict?
Prediction: The clip depicts a commercial driving environment, likely in a suburban or urban area with a mix of retail and commercial establishments. The presence of multiple storefronts, tile shops, and commercial billboards suggests a bustling area with a focus on retail and possibly local businesses. The road is lined with utility poles and overhead wires, which are common in such settings. The presence of a gas station and a parking lot further supports the idea of a commercial zone. The overall scene indicates a well-developed area with a mix of residential and commercial activity.

[6/7] Category 6: cultural_language_inference
Question: Do any business names visible in the clip suggest a specific regional location or city name?
Prediction: Yes, the business name "PUBERTY HOUSE" is visible in the clip. This name is a strong indicator of a specific regional location or city name. The term "Puberty House" is a common name for a store or business in the United States, particularly in the Midwest or Northeast regions. It is not a common name in other regions, so it is likely that the business is located in a specific city or region in the U.S.

[7/7] Category 7: entity_tracking_persistence
Question: At what timestamp does the building at address 1075 first come into view?
Prediction: The building at address 1075 first comes into view at 0:02.

Saved predictions: benchmarks_results/results/Qwen3-VL-2B/VQA_Qwen3-VL-2B_911.json
Saved metrics: benchmarks_results/results/Qwen3-VL-2B/eval_results_911.csv

======================================================================
VIDEO 912
/home2/gagandeep/benchmark/videos/900/912.mp4
Questions: 7
======================================================================

[1/7] Category 1: spatial_ordinal_navigation
Question: What numbers are located directly to the right of the address number 1033 on the low stone retaining wall?
Prediction: The numbers located directly to the right of the address number 1033 on the low stone retaining wall are 35-37.

[2/7] Category 2: entity_aggregation_semantic_filtering
Question: How many distinct numeric text instances are displayed on the low stone retaining wall?
Prediction: There are 4 distinct numeric text instances displayed on the low stone retaining wall.

[3/7] Category 3: temporal_sequencing_order
Question: In what order are the distinct numbers on the stone wall encountered as the vehicle drives forward?
Prediction: The distinct numbers on the stone wall are encountered in the following order: 1033-35-37.

[4/7] Category 4: navigational_reasoning_hazard_awareness
Question: Does any visible text on the stone wall or near the dealership indicate a driving constraint or hazard?
Prediction: No, there is no visible text on the stone wall or near the dealership that indicates a driving constraint or hazard. The image shows a clear view of the road, vehicles, and the dealership, but no signs or warnings are visible on the stone wall or near the dealership.

[5/7] Category 5: semantic_area_inference
Question: What does the mix of a car dealership and address numbers suggest about the driving environment?
Prediction: The mix of a car dealership and address numbers suggests that the driving environment is likely in a commercial or suburban area, possibly near a residential or business district. The presence of a car dealership indicates that the area is likely frequented by people who are either buying or selling vehicles, which could be a sign of a growing local economy or a community with a strong automotive interest. The address numbers, such as "1033-35-37," further support this, as they are typically used for identifying specific locations, which could be a business or a residential area. The combination of these elements suggests that the driving environment is likely

[6/7] Category 6: cultural_language_inference
Question: What script is used for the address and numbers displayed on the stone wall?
Prediction: The script used for the address and numbers displayed on the stone wall is a combination of uppercase and lowercase letters, with the numbers being in a bold, sans-serif font. The address is written in a clear, legible font, and the numbers are in a bold, sans-serif font. The script is not a traditional script like cursive or calligraphy, but rather a modern, clean font style.

[7/7] Category 7: entity_tracking_persistence
Question: At what timestamp does the address number 1033 first become visible on the stone wall?
Prediction: The address number 1033 first becomes visible on the stone wall at timestamp 0.0 seconds.

Saved predictions: benchmarks_results/results/Qwen3-VL-2B/VQA_Qwen3-VL-2B_912.json
Saved metrics: benchmarks_results/results/Qwen3-VL-2B/eval_results_912.csv

======================================================================
VIDEO 913
/home2/gagandeep/benchmark/videos/900/913.mp4
Questions: 7
======================================================================

[1/7] Category 1: spatial_ordinal_navigation
Question: What readable text is located to the right of the orange construction signboard containing the word ROAD?
Prediction: AHEAD

[2/7] Category 2: entity_aggregation_semantic_filtering
Question: How many distinct pieces of text are displayed on the orange construction signboard mounted on the left side of the ramp?
Prediction: There are 3 distinct pieces of text displayed on the orange construction signboard mounted on the left side of the ramp.

[3/7] Category 3: temporal_sequencing_order
Question: What is the order in which the text on the orange construction signboard is encountered from timestamp 0.0 to 0.5?
Prediction: The text on the orange construction signboard is encountered in the following order: 'ROAD WORK AHEAD', '20 MPH', 'YOUR', '20 MPH', 'YOUR', '20 MPH', 'YOUR', '20 MPH', 'YOUR', '20 MPH', 'YOUR', '20 MPH', 'YOUR', '20 MPH', 'YOUR', '20 MPH', 'YOUR', '20 MPH', 'YOUR', '20 MPH', 'YOUR', '20 MPH', 'YOUR', '20 MPH', 'YOUR', '20 MPH', 'YOUR', '20

[4/7] Category 4: navigational_reasoning_hazard_awareness
Question: Does any visible text in the clip indicate a hazard or road condition ahead, and where is it located?
Prediction: Yes, there is visible text on a sign that indicates a hazard or road condition ahead. The sign reads "ROAD WORK AHEAD" and is located on the left side of the road, near the bridge. This sign is clearly visible and provides important information about the road conditions.

[5/7] Category 5: semantic_area_inference
Question: Based on the visible signs, including construction and speed display signs, what kind of driving environment does this clip depict?
Prediction: The clip depicts a busy urban environment with a mix of road and rail infrastructure. The presence of a speed limit sign indicating 25 mph, a construction sign, and a "ROAD WORK AHEAD" sign suggests that the area is undergoing some form of development or maintenance. The elevated train tracks and the surrounding buildings indicate that this is a densely populated city, likely in a metropolitan area. The combination of these elements suggests a complex and dynamic urban setting where traffic and public transportation intersect.

[6/7] Category 6: cultural_language_inference
Question: What language is used for the text on the construction signboard and the digital display sign?
Prediction: The text on the construction signboard and the digital display sign is in English.

[7/7] Category 7: entity_tracking_persistence
Question: At what timestamp does the word SPEED first become legible on the digital display sign?
Prediction: The word SPEED first becomes legible on the digital display sign at timestamp 0.0 seconds.

Saved predictions: benchmarks_results/results/Qwen3-VL-2B/VQA_Qwen3-VL-2B_913.json
Saved metrics: benchmarks_results/results/Qwen3-VL-2B/eval_results_913.csv

======================================================================
VIDEO 914
/home2/gagandeep/benchmark/videos/900/914.mp4
Questions: 7
======================================================================

[1/7] Category 1: spatial_ordinal_navigation
Question: What sign is located directly to the right of the digital YOUR SPEED MPH feedback sign?
Prediction: The sign located directly to the right of the digital YOUR SPEED MPH feedback sign is a yellow sign with a black arrow pointing to the right.

[2/7] Category 2: entity_aggregation_semantic_filtering
Question: How many distinct regulatory or feedback signs are located on the right side of the exit ramp?
Prediction: There are two distinct regulatory or feedback signs located on the right side of the exit ramp.

[3/7] Category 3: temporal_sequencing_order
Question: In what order does the camera vehicle pass the ONE WAY sign, the digital YOUR SPEED MPH feedback sign, and the ONLY sign?
Prediction: The camera vehicle passes the ONE WAY sign first, followed by the digital YOUR SPEED MPH feedback sign, and then the ONLY sign.

[4/7] Category 4: navigational_reasoning_hazard_awareness
Question: Which sign indicates that traffic must flow in a single direction at the start of the ramp?
Prediction: The sign that indicates traffic must flow in a single direction at the start of the ramp is the yellow sign with a black arrow pointing to the right.

[5/7] Category 5: semantic_area_inference
Question: Based on the exit ramp, elevated structure, and multi-story brick buildings, what kind of driving environment is depicted?
Prediction: The driving environment depicted is an urban setting with a mix of elevated structures and multi-story brick buildings. The presence of a ramp and the surrounding infrastructure suggests a city with a dense network of roads and bridges, likely in a metropolitan area. The combination of elevated structures and brick buildings indicates a historical or industrial district, possibly in a city with a rich architectural heritage.

[6/7] Category 6: cultural_language_inference
Question: What language is used for the text on the regulatory and feedback signs along the ramp?
Prediction: The text on the regulatory and feedback signs along the ramp is in English.

[7/7] Category 7: entity_tracking_persistence
Question: At what timestamp does the ONLY sign first become visible as the vehicle enters the underpass?
Prediction: The ONLY sign first becomes visible at timestamp 0.0 seconds.

Saved predictions: benchmarks_results/results/Qwen3-VL-2B/VQA_Qwen3-VL-2B_914.json
Saved metrics: benchmarks_results/results/Qwen3-VL-2B/eval_results_914.csv

======================================================================
VIDEO 915
/home2/gagandeep/benchmark/videos/900/915.mp4
Questions: 7
======================================================================

[1/7] Category 1: spatial_ordinal_navigation
Question: What text is located directly to the right of the ARROWHEAD brand on the red delivery truck?
Prediction: direct

[2/7] Category 2: entity_aggregation_semantic_filtering
Question: How many distinct text instances visible in the clip are mounted on delivery trucks?
Prediction: There are 3 distinct text instances visible on delivery trucks in the clip.

[3/7] Category 3: temporal_sequencing_order
Question: What is the order in which the text instances TAXI, Odwalla, and ARROWHEAD are encountered as the vehicle moves forward?
Prediction: The order in which the text instances TAXI, Odwalla, and ARROWHEAD are encountered as the vehicle moves forward is: TAXI, Odwalla, ARROWHEAD.

[4/7] Category 4: navigational_reasoning_hazard_awareness
Question: What overhead warning signs indicate height clearance limits for vehicles entering the covered underpass?
Prediction: The overhead warning signs indicate height clearance limits for vehicles entering the covered underpass. These signs are typically marked with a height restriction symbol, which is a triangle with a line through it, and they specify the maximum height that vehicles can have to pass through the underpass. The exact height limit is usually displayed on the sign, and it is important for drivers to adhere to this limit to avoid accidents or damage to the underpass structure.

[5/7] Category 5: semantic_area_inference
Question: What does the mix of text and landmarks visible in this clip suggest about the driving environment?
Prediction: The mix of text and landmarks visible in the clip suggests that the driving environment is an airport or a large transportation hub. The presence of a "Lodwalla" truck, which is a brand name, and the "Arrowhead Direct" truck, which is a company name, indicates that the area is likely a commercial or logistics zone. The "Lodwalla" truck is a common sight in such areas, often used for transporting goods or services. The "Arrowhead Direct" truck is also a common sight in such areas, often used for transporting goods or services. The presence of a "Lodwalla" truck

[6/7] Category 6: cultural_language_inference
Question: What country's measurement system and phone format are indicated by the visible text?
Prediction: The text "1-800-123-4567" indicates a phone number format used in the United States, which uses a three-digit area code followed by a seven-digit number. The measurement system used is the metric system, which is commonly used in the United States.

[7/7] Category 7: entity_tracking_persistence
Question: At what timestamp does the TAXI sign first become visible in the segregated transit lane?
Prediction: The TAXI sign first becomes visible in the segregated transit lane at 0:00.

Saved predictions: benchmarks_results/results/Qwen3-VL-2B/VQA_Qwen3-VL-2B_915.json
Saved metrics: benchmarks_results/results/Qwen3-VL-2B/eval_results_915.csv

======================================================================
VIDEO 916
/home2/gagandeep/benchmark/videos/900/916.mp4
Questions: 7
======================================================================

[1/7] Category 1: spatial_ordinal_navigation
Question: Where is the overhead Terminal sign located relative to the delivery truck?
Prediction: The overhead Terminal sign is located to the right of the delivery truck.

[2/7] Category 2: entity_aggregation_semantic_filtering
Question: How many distinct text instances in this clip are mounted on vehicles?
Prediction: 3

[3/7] Category 3: temporal_sequencing_order
Question: What is the chronological order of the legible text instances encountered by the vehicle between 2.0 seconds and 5.0 seconds?
Prediction: Terminal, 20, 20, 20, 20, 20, 20, 20, 20, 20, 20, 20, 20, 20, 20, 20, 20, 20, 20, 20, 20, 20, 20, 20, 20, 20, 20, 20, 20, 20, 20, 20, 2

[4/7] Category 4: navigational_reasoning_hazard_awareness
Question: What road markings indicating driving constraints or lane designations are painted on the road surface just before passing the shuttle van?
Prediction: The road surface has a white line painted on it, which is likely a lane marking or a guide line for traffic flow. This line is positioned just before the shuttle van, indicating a specific lane or direction for vehicles. The presence of this marking suggests that the road is designed to manage traffic flow efficiently, possibly to separate different types of vehicles or to guide drivers to specific lanes.

[5/7] Category 5: semantic_area_inference
Question: What kind of driving environment is suggested by the presence of terminal, bus, and cell phone lot signs?
Prediction: The presence of terminal, bus, and cell phone lot signs suggests a busy airport environment.

[6/7] Category 6: cultural_language_inference
Question: In what language are all the legible signs and road markings written?
Prediction: The legible signs and road markings are written in English.

[7/7] Category 7: entity_tracking_persistence
Question: At what timestamp does the phone number 1-800-497-4972 first become legible on the delivery truck?
Prediction: The phone number 1-800-497-4972 first becomes legible on the delivery truck at timestamp 0.0 seconds.

Saved predictions: benchmarks_results/results/Qwen3-VL-2B/VQA_Qwen3-VL-2B_916.json
Saved metrics: benchmarks_results/results/Qwen3-VL-2B/eval_results_916.csv

======================================================================
VIDEO 917
/home2/gagandeep/benchmark/videos/900/917.mp4
Questions: 7
======================================================================

[1/7] Category 1: spatial_ordinal_navigation
Question: Where is the pavement marking showing AXI located relative to the designated taxi lane?
Prediction: The pavement marking showing AXI is located on the left side of the designated taxi lane.

[2/7] Category 2: entity_aggregation_semantic_filtering
Question: How many distinct pavement or infrastructure markings are visible on the roadway throughout the entire clip?
Prediction: There are 10 distinct pavement or infrastructure markings visible on the roadway throughout the entire clip. These include:

1. White dashed lines on the road surface.
2. White solid lines marking the edge of the road.
3. A white dashed line on the road surface.
4. A white solid line on the road surface.
5. A white dashed line on the road surface.
6. A white solid line on the road surface.
7. A white dashed line on the road surface.
8. A white solid line on the road surface.
9. A white dashed line on the road surface.
10. A white solid line

[3/7] Category 3: temporal_sequencing_order
Question: What is the order in which the pavement markings '03', 'AXI', and '06' are encountered by the vehicle?
Prediction: The pavement markings '03', 'AXI', and '06' are encountered in the following order: '03' is encountered first, followed by 'AXI', and then '06'.

[4/7] Category 4: navigational_reasoning_hazard_awareness
Question: What text on the pavement designates the lane reserved for specific transport vehicles on the left?
Prediction: The text on the pavement designates the lane reserved for specific transport vehicles on the left as "Taxi".

[5/7] Category 5: semantic_area_inference
Question: Based on the presence of taxi lanes, terminal seating, and airline signage, what type of environment is depicted?
Prediction: The environment depicted is an airport terminal. The presence of taxi lanes, terminal seating, and airline signage indicates that this is a transportation hub designed for air travel.

[6/7] Category 6: cultural_language_inference
Question: What language is used for the airline signage and pavement markings in this scene?
Prediction: The airline signage and pavement markings in the scene are in English.

[7/7] Category 7: entity_tracking_persistence
Question: At what timestamp is the pavement marking showing AXI passed by the host vehicle?
Prediction: The pavement marking showing AXI is passed by the host vehicle at 0.0 seconds.

Saved predictions: benchmarks_results/results/Qwen3-VL-2B/VQA_Qwen3-VL-2B_917.json
Saved metrics: benchmarks_results/results/Qwen3-VL-2B/eval_results_917.csv

======================================================================
VIDEO 918
/home2/gagandeep/benchmark/videos/900/918.mp4
Questions: 7
======================================================================

[1/7] Category 1: spatial_ordinal_navigation
Question: What specific text is located directly to the right of the highway shield 280 on the overhead gantry?
Prediction: San Francisco

[2/7] Category 2: entity_aggregation_semantic_filtering
Question: How many distinct text instances on the overhead highway gantry contain numbers?
Prediction: 2

[3/7] Category 3: temporal_sequencing_order
Question: What is the order in which the text instances 49A, EXIT, and John Daly Blvd become clearly visible or readable between 4.00 and 5.50 seconds?
Prediction: The text instances appear in the following order: 49A, EXIT, John Daly Blvd.

[4/7] Category 4: navigational_reasoning_hazard_awareness
Question: Based on the overhead gantry signs, what action is implied for a driver wishing to reach John Daly Blvd?
Prediction: The overhead gantry signs indicate that the driver should turn left to reach John Daly Blvd.

[5/7] Category 5: semantic_area_inference
Question: Based on the presence of overhead gantry signs with highway shields and exit numbers, what kind of driving environment is depicted?
Prediction: The driving environment depicted is a highway with multiple lanes and overhead gantry signs indicating highway shields and exit numbers. This suggests a well-organized and structured highway system, likely in a major urban or suburban area. The presence of such signs indicates that the road is part of a larger transportation network, possibly in a region with significant traffic and infrastructure.

[6/7] Category 6: cultural_language_inference
Question: Which destination name visible on the overhead gantry suggests the vehicle is traveling near a major city in California?
Prediction: San Francisco

[7/7] Category 7: entity_tracking_persistence
Question: At what timestamp does the exit number 49A first become clearly visible on the right panel of the gantry?
Prediction: The exit number 49A first becomes clearly visible on the right panel of the gantry at 0:02.

Saved predictions: benchmarks_results/results/Qwen3-VL-2B/VQA_Qwen3-VL-2B_918.json
Saved metrics: benchmarks_results/results/Qwen3-VL-2B/eval_results_918.csv

======================================================================
VIDEO 919
/home2/gagandeep/benchmark/videos/900/919.mp4
Questions: 7
======================================================================

[1/7] Category 1: spatial_ordinal_navigation
Question: What text is located across the street relative to the overhead crossing sign displaying AHE?
Prediction: The text located across the street relative to the overhead crossing sign displaying AHE is "NO PARKING".

[2/7] Category 2: entity_aggregation_semantic_filtering
Question: How many distinct text instances are marked or mounted on the yellow school bus parked along the right curb?
Prediction: There are 2 distinct text instances marked or mounted on the yellow school bus parked along the right curb.

[3/7] Category 3: temporal_sequencing_order
Question: What is the chronological order of the first three text instances encountered from the start of the clip up to 3.0 seconds?
Prediction: The first three text instances encountered from the start of the clip up to 3.0 seconds are: 'NO', 'NO', 'NO'.

[4/7] Category 4: navigational_reasoning_hazard_awareness
Question: What regulatory text on the utility post on the right sidewalk constrains parking near the end of the clip?
Prediction: NO PARKING

[5/7] Category 5: semantic_area_inference
Question: What does the mix of text visible between 0.267 seconds and 3.200 seconds suggest about the type of area?
Prediction: The mix of text visible between 0.267 seconds and 3.200 seconds suggests that the area is likely a commercial or urban zone, possibly near a school or a public transportation hub. The presence of a school bus, traffic lights, and a bus stop indicates that this is a busy area with a significant amount of vehicular and pedestrian activity. The text on the bus and the signs likely provide information about the location, such as the name of the school or the route of the bus, which is common in such areas.

[6/7] Category 6: cultural_language_inference
Question: What city is suggested by the contact number displayed on the side of the school bus?
Prediction: The contact number displayed on the side of the school bus is 212-555-1234, which is a typical phone number format used in New York City. Therefore, the city suggested by this contact number is New York City.

[7/7] Category 7: entity_tracking_persistence
Question: For what time range does the regulatory parking sign remain continuously visible in the clip?
Prediction: The regulatory parking sign remains continuously visible from 0:00 to 0:03.

Saved predictions: benchmarks_results/results/Qwen3-VL-2B/VQA_Qwen3-VL-2B_919.json
Saved metrics: benchmarks_results/results/Qwen3-VL-2B/eval_results_919.csv

======================================================================
VIDEO 920
/home2/gagandeep/benchmark/videos/900/920.mp4
Questions: 7
======================================================================

[1/7] Category 1: spatial_ordinal_navigation
Question: What yellow clearance warning text is located directly to the right of the overhead sign containing Terminals?
Prediction: The yellow clearance warning text located directly to the right of the overhead sign containing Terminals is "CLEARANCE 11:00".

[2/7] Category 2: entity_aggregation_semantic_filtering
Question: How many distinct license plates are visible on vehicles in this clip?
Prediction: There are 3 distinct license plates visible on vehicles in this clip.

[3/7] Category 3: temporal_sequencing_order
Question: What is the order of the first three distinct vehicle-mounted text instances encountered on the NYPD cruiser?
Prediction: The first three distinct vehicle-mounted text instances encountered on the NYPD cruiser are: '50341', 'NYPD', and '50341'.

[4/7] Category 4: navigational_reasoning_hazard_awareness
Question: What warning text on the yellow sign indicates a height restriction for vehicles passing under the gantry?
Prediction: The warning text on the yellow sign indicates a height restriction for vehicles passing under the gantry.

[5/7] Category 5: semantic_area_inference
Question: What type of facility does the mix of overhead and roadside signs indicate the vehicle is approaching?
Prediction: The mix of overhead and roadside signs indicates the vehicle is approaching an airport.

[6/7] Category 6: cultural_language_inference
Question: Which city's police department is indicated by the markings on the parked patrol cruiser?
Prediction: The markings on the parked patrol cruiser indicate the New York City Police Department.

[7/7] Category 7: entity_tracking_persistence
Question: At what timestamp does the license plate N202894C first become visible in the travel lane?
Prediction: The license plate N202894C first becomes visible in the travel lane at 0:00.

Saved predictions: benchmarks_results/results/Qwen3-VL-2B/VQA_Qwen3-VL-2B_920.json
Saved metrics: benchmarks_results/results/Qwen3-VL-2B/eval_results_920.csv

======================================================================
VIDEO 921
/home2/gagandeep/benchmark/videos/900/921.mp4
Questions: 7
======================================================================

[1/7] Category 1: spatial_ordinal_navigation
Question: What is the spatial position of the MUST EXIT sign relative to the WORK ZONE sign that appears around 0.467 seconds?
Prediction: The MUST EXIT sign is located to the right of the WORK ZONE sign.

[2/7] Category 2: entity_aggregation_semantic_filtering
Question: How many distinct license plates are visible in this video clip?
Prediction: There are 2 distinct license plates visible in the video clip.

[3/7] Category 3: temporal_sequencing_order
Question: What is the order of signs encountered on the right side of the road between 0.0 and 1.0 seconds?
Prediction: The order of signs encountered on the right side of the road between 0.0 and 1.0 seconds is: a sign indicating "Speed Limit 20", a sign indicating "Right Lane Must Exit", and a sign indicating "Construction Entrance Ahead".

[4/7] Category 4: navigational_reasoning_hazard_awareness
Question: What warning sign is located beside the construction flagger holding the STOP paddle near the end of the clip?
Prediction: The warning sign located beside the construction flagger holding the STOP paddle is a "STOP" sign.

[5/7] Category 5: semantic_area_inference
Question: What type of area does the mix of airport terminal, parking, and exit signs suggest?
Prediction: The mix of airport terminal, parking, and exit signs suggests that the area is an airport or a major transportation hub.

[6/7] Category 6: cultural_language_inference
Question: What language is used on the signs such as ROAD WORK AHEAD and MUST EXIT?
Prediction: The signs such as "ROAD WORK AHEAD" and "MUST EXIT" are in English.

[7/7] Category 7: entity_tracking_persistence
Question: For what time range is the RAMP speed limit sign visible in the clip?
Prediction: The RAMP speed limit sign is visible from 0:00 to 0:01.

Saved predictions: benchmarks_results/results/Qwen3-VL-2B/VQA_Qwen3-VL-2B_921.json
Saved metrics: benchmarks_results/results/Qwen3-VL-2B/eval_results_921.csv

======================================================================
VIDEO 922
/home2/gagandeep/benchmark/videos/900/922.mp4
Questions: 7
======================================================================

[1/7] Category 1: spatial_ordinal_navigation
Question: What lane indicator is visible overhead at 0.0 seconds to the right of the Airport Exit sign?
Prediction: The lane indicator visible overhead at 0.0 seconds to the right of the Airport Exit sign is a green sign that reads "Airport Exit" with an arrow pointing to the right.

[2/7] Category 2: entity_aggregation_semantic_filtering
Question: How many distinct street, regulatory, or warning text elements are visible in this clip?
Prediction: There are 4 distinct street, regulatory, or warning text elements visible in this clip.

[3/7] Category 3: temporal_sequencing_order
Question: What is the order of the text elements on the orange warning sign encountered after passing the concrete overpass?
Prediction: The order of the text elements on the orange warning sign is: "ROAD WORK AHEAD".

[4/7] Category 4: navigational_reasoning_hazard_awareness
Question: What text on the sign held by the construction flagger at 0.0 seconds indicates an immediate driving constraint?
Prediction: STOP

[5/7] Category 5: semantic_area_inference
Question: Based on the visible signs like Airport Exit and ROAD WORK AHEAD, what kind of driving environment is depicted?
Prediction: The driving environment depicted is a construction zone with roadwork and traffic control measures. The presence of signs like "Airport Exit" and "ROAD WORK AHEAD" indicates that the road is undergoing maintenance or development, likely near an airport or a major transportation hub. The area is likely to be busy with vehicles, including trucks and cars, and there are barriers and signs to manage traffic flow and ensure safety.

[6/7] Category 6: cultural_language_inference
Question: What language is used for the text on the overhead and warning signs in this clip?
Prediction: The text on the overhead and warning signs in the clip is in English.

[7/7] Category 7: entity_tracking_persistence
Question: During what time range is the STOP sign held by the construction flagger visible and legible?
Prediction: The STOP sign held by the construction flagger is visible and legible from 0.0 to 0.2 seconds.

Saved predictions: benchmarks_results/results/Qwen3-VL-2B/VQA_Qwen3-VL-2B_922.json
Saved metrics: benchmarks_results/results/Qwen3-VL-2B/eval_results_922.csv

======================================================================
VIDEO 923
/home2/gagandeep/benchmark/videos/900/923.mp4
Questions: 7
======================================================================

[1/7] Category 1: spatial_ordinal_navigation
Question: What destination text is located directly below the route name Van Wyck Expwy on the overhead gantry?
Prediction: Kennedy Airport

[2/7] Category 2: entity_aggregation_semantic_filtering
Question: How many distinct text instances are visible on the overhead highway gantry signs at the start of the clip?
Prediction: There are 4 distinct text instances visible on the overhead highway gantry signs at the start of the clip.

[3/7] Category 3: temporal_sequencing_order
Question: In what order are the overhead sign Kennedy Airport and the taxi license plate T642185C encountered as legible text in the clip?
Prediction: The overhead sign Kennedy Airport is encountered before the taxi license plate T642185C.

[4/7] Category 4: navigational_reasoning_hazard_awareness
Question: Based on the indicators below the Exit 6 sign, what explicit driving constraint is implied for that lane?
Prediction: The sign indicates that the lane is for "EXIT ONLY," meaning that vehicles must exit the highway at this point and cannot continue forward.

[5/7] Category 5: semantic_area_inference
Question: What type of driving environment is depicted in this clip based on the overhead signs and road layout?
Prediction: The driving environment depicted in the clip is a highway with multiple lanes and an overpass, indicating a high-traffic urban or suburban area. The presence of overhead signs directing to Kennedy Airport and Jamaica Avenue suggests a major transportation hub, likely in a city with significant commercial or airport activity. The road layout and the presence of multiple lanes and an overpass suggest a well-developed infrastructure designed to handle heavy traffic, typical of a major metropolitan area.

[6/7] Category 6: cultural_language_inference
Question: Which specific destination and route names visible on the overhead gantry suggest this clip is filmed in the New York City area?
Prediction: The overhead gantry signs indicate the route as the Van Wyck Expressway (I-78) and the destination as Kennedy Airport. These are well-known routes in New York City, particularly in the borough of Queens, which is a major hub for air travel and transportation in the city. The presence of the "Kennedy Airport" sign is a strong indicator that the location is in New York City.

[7/7] Category 7: entity_tracking_persistence
Question: At what timestamp does the license plate T642185C on the lime-green taxi first become readable?
Prediction: The license plate T642185C on the lime-green taxi first becomes readable at 0.0 seconds.

Saved predictions: benchmarks_results/results/Qwen3-VL-2B/VQA_Qwen3-VL-2B_923.json
Saved metrics: benchmarks_results/results/Qwen3-VL-2B/eval_results_923.csv

======================================================================
VIDEO 924
/home2/gagandeep/benchmark/videos/900/924.mp4
Questions: 7
======================================================================

[1/7] Category 1: spatial_ordinal_navigation
Question: What readable text is located to the left of the B C D Terminals RIGHT LANE sign on the overhead gantry?
Prediction: B C D Terminals RIGHT LANE

[2/7] Category 2: entity_aggregation_semantic_filtering
Question: How many distinct text instances are visible on the green overhead exit sign located on the left side of the roadway?
Prediction: There are 2 distinct text instances visible on the green overhead exit sign located on the left side of the roadway.

[3/7] Category 3: temporal_sequencing_order
Question: What is the order in which the text on the overhead gantry, the roadside infrastructure, and the green exit sign are first encountered as the vehicle moves forward?
Prediction: The green exit sign is first encountered, followed by the roadside infrastructure, and then the overhead gantry.

[4/7] Category 4: navigational_reasoning_hazard_awareness
Question: What directional or instructional text is displayed on the large overhead gantry above the multi-lane roadway?
Prediction: The text displayed on the large overhead gantry above the multi-lane roadway is "TERMINALS BCD RIGHT LANE."

[5/7] Category 5: semantic_area_inference
Question: Based on the visible signs indicating terminals and parking, what type of facility is this roadway accessing?
Prediction: The roadway is accessing an airport, as indicated by the signs for "Terminals BCD" and "Parking." The presence of an airport control tower and construction activity further supports this conclusion.

[6/7] Category 6: cultural_language_inference
Question: In what language and script is the text on the overhead gantry and exit signs written?
Prediction: The text on the overhead gantry and exit signs is written in English, using the Latin alphabet.

[7/7] Category 7: entity_tracking_persistence
Question: At what timestamp does the text B C D first become visible, and when does the full layout of that gantry sign become readable?
Prediction: The text B C D first becomes visible at 0:01, and the full layout of the gantry sign becomes readable at 0:02.

Saved predictions: benchmarks_results/results/Qwen3-VL-2B/VQA_Qwen3-VL-2B_924.json
Saved metrics: benchmarks_results/results/Qwen3-VL-2B/eval_results_924.csv

======================================================================
VIDEO 925
/home2/gagandeep/benchmark/videos/900/925.mp4
Questions: 7
======================================================================

[1/7] Category 1: spatial_ordinal_navigation
Question: What is the spatial position of the word Eastern relative to the word EAST on the overhead gantry?
Prediction: The word Eastern is located to the right of the word EAST on the overhead gantry.

[2/7] Category 2: entity_aggregation_semantic_filtering
Question: How many distinct text instances are located on the overhead steel gantry?
Prediction: There are 4 distinct text instances on the overhead steel gantry.

[3/7] Category 3: temporal_sequencing_order
Question: What sign is encountered on the right side of the road immediately after the vehicle passes the roadside sign displaying Grand Central Pkwy on the left?
Prediction: The sign encountered on the right side of the road immediately after passing the roadside sign displaying Grand Central Pkwy is a green sign indicating "Grand Central Pkwy" with directions to "WEST Triboro Br" and "EAST Eastern L I".

[4/7] Category 4: navigational_reasoning_hazard_awareness
Question: Which direction is indicated for Triboro Br on the roadside sign passed at 0.0s?
Prediction: The roadside sign at 0.0s indicates that Triboro Br is to the left.

[5/7] Category 5: semantic_area_inference
Question: Based on the presence of signs like Grand Central Pkwy and Terminals, what type of driving environment is depicted?
Prediction: The driving environment depicted is a major urban area with extensive infrastructure, likely near a transportation hub such as a major airport or a large city center. The presence of signs like Grand Central Pkwy and Terminals suggests a high-traffic, commercial, and possibly international transportation zone.

[6/7] Category 6: cultural_language_inference
Question: What airline brand is visible on the terminal building at 9.933s?
Prediction: The airline brand visible on the terminal building at 9.933s is American Airlines.

[7/7] Category 7: entity_tracking_persistence
Question: At what timestamp does the license plate AJC-1541 first become clearly visible on the grey sedan?
Prediction: The license plate AJC-1541 first becomes clearly visible on the grey sedan at 0:02.

Saved predictions: benchmarks_results/results/Qwen3-VL-2B/VQA_Qwen3-VL-2B_925.json
Saved metrics: benchmarks_results/results/Qwen3-VL-2B/eval_results_925.csv

======================================================================
VIDEO 926
/home2/gagandeep/benchmark/videos/900/926.mp4
Questions: 7
======================================================================

[1/7] Category 1: spatial_ordinal_navigation
Question: What is the spatial position of the safety sign marked with AMER relative to the vehicle with license plate T679966C?
Prediction: The safety sign marked with AMER is located on the right side of the vehicle with license plate T679966C.

[2/7] Category 2: entity_aggregation_semantic_filtering
Question: How many distinct text instances belong to the highway direction sign pointing toward the wait area?
Prediction: 2

[3/7] Category 3: temporal_sequencing_order
Question: What is the order in which the airport facility sign, the highway direction sign, and the license plate are encountered between 0.9 and 5.0 seconds?
Prediction: The airport facility sign is encountered first, followed by the highway direction sign, and then the license plate.

[4/7] Category 4: navigational_reasoning_hazard_awareness
Question: Does any visible text in the clip indicate a hazard, warning, or driving constraint? If so, what does it say and where is it located?
Prediction: Yes, there is visible text in the clip that indicates a hazard, warning, or driving constraint. The text on the green highway sign reads "No Parking" and is located on the right side of the road, near the construction area. This sign is likely indicating that parking is not allowed in that area, which could be a hazard for drivers. Additionally, the sign says "No Parking" and is located on the right side of the road, near the construction area. This sign is likely indicating that parking is not allowed in that area, which could be a hazard for drivers.

[5/7] Category 5: semantic_area_inference
Question: Based on the visible text mentioning airlines and long term wait area, what type of driving environment is depicted?
Prediction: The driving environment depicted is a highway with a construction zone, as indicated by the presence of a construction vehicle and signs for a long-term wait area. The presence of an airline sign suggests that the location is near an airport or a major transportation hub.

[6/7] Category 6: cultural_language_inference
Question: What language or script is the visible text on the airport hangar and highway direction sign written in?
Prediction: The visible text on the airport hangar and highway direction sign is written in English.

[7/7] Category 7: entity_tracking_persistence
Question: At what timestamp does the license plate on the gold lead SUV become clearly visible?
Prediction: The license plate on the gold lead SUV becomes clearly visible at 0:02.

Saved predictions: benchmarks_results/results/Qwen3-VL-2B/VQA_Qwen3-VL-2B_926.json
Saved metrics: benchmarks_results/results/Qwen3-VL-2B/eval_results_926.csv

======================================================================
VIDEO 927
/home2/gagandeep/benchmark/videos/900/927.mp4
Questions: 7
======================================================================

[1/7] Category 1: spatial_ordinal_navigation
Question: What is the spatial position of the text New Jersey relative to the G W Bridge text?
Prediction: The text New Jersey is located below the G W Bridge text.

[2/7] Category 2: entity_aggregation_semantic_filtering
Question: How many distinct text instances are displayed on the overhead gantry signs in this clip?
Prediction: There are 6 distinct text instances displayed on the overhead gantry signs in this clip.

[3/7] Category 3: temporal_sequencing_order
Question: What is the order of visibility for the texts NORTH and New Jersey as the vehicle drives?
Prediction: The text NORTH is visible first, followed by the text New Jersey.

[4/7] Category 4: navigational_reasoning_hazard_awareness
Question: What specific text on the overhead gantry indicates driving restrictions or instructions for trucks?
Prediction: The text on the overhead gantry that indicates driving restrictions or instructions for trucks is "ALL TRUCKS TO N1".

[5/7] Category 5: semantic_area_inference
Question: What does the density and type of overhead text suggest about the driving environment?
Prediction: The density and type of overhead text suggest that the driving environment is a busy urban or suburban area with a high volume of traffic. The presence of multiple signs, including those indicating directions to major highways and specific destinations, indicates that the road is likely part of a major transportation network. The signs are likely designed to guide drivers efficiently through the area, which is common in densely populated regions where traffic flow is crucial. The combination of multiple signs and the presence of vehicles in the lanes further supports the idea of a high-traffic, well-maintained roadway.

[6/7] Category 6: cultural_language_inference
Question: Which metropolitan area is suggested by the visible overhead signs, and what text supports this?
Prediction: The visible overhead signs suggest that the location is in New York, as indicated by the text "Cr Bronx Expy" and "G W Bridge New Jersey." The "Cr Bronx Expy" refers to the Bronx Expressway, which is a major highway in New York City, and "G W Bridge New Jersey" indicates the G W Bridge, a bridge crossing into New Jersey. These signs are typical of the New York metropolitan area.

[7/7] Category 7: entity_tracking_persistence
Question: At what timestamp do the texts New Jersey, LOWER LEVEL, NO TRUCKS, and ALL TRUCKS TO NJ first become legible?
Prediction: The texts New Jersey, LOWER LEVEL, NO TRUCKS, and ALL TRUCKS TO NJ first become legible at 0.0 seconds.

Saved predictions: benchmarks_results/results/Qwen3-VL-2B/VQA_Qwen3-VL-2B_927.json
Saved metrics: benchmarks_results/results/Qwen3-VL-2B/eval_results_927.csv

======================================================================
VIDEO 928
/home2/gagandeep/benchmark/videos/900/928.mp4
Questions: 7
======================================================================

[1/7] Category 1: spatial_ordinal_navigation
Question: What sign is located directly to the right of the guide sign indicating Bron EXPWY?
Prediction: The sign located directly to the right of the guide sign indicating Bron EXPWY is a green sign with white text that reads "W 170 ST".

[2/7] Category 2: entity_aggregation_semantic_filtering
Question: How many distinct text instances containing numbers are visible in this clip?
Prediction: 2

[3/7] Category 3: temporal_sequencing_order
Question: What is the order in which the roadside marker, the speed limit sign, and the Bron EXPWY guide sign are first encountered?
Prediction: The order in which the roadside marker, the speed limit sign, and the Bron EXPWY guide sign are first encountered is: the roadside marker, followed by the speed limit sign, and then the Bron EXPWY guide sign.

[4/7] Category 4: navigational_reasoning_hazard_awareness
Question: What warning text is displayed on the overhead structure to indicate a height restriction?
Prediction: The overhead structure displays the text "CLEARANCE 12-6" to indicate a height restriction.

[5/7] Category 5: semantic_area_inference
Question: Based on the presence of guide signs, speed limits, and clearance warnings, what type of driving environment is depicted?
Prediction: The driving environment depicted is a highway at night, with multiple lanes and a clear view of the road ahead. The presence of guide signs, speed limits, and clearance warnings indicates that the road is likely a major highway or expressway, designed for high-speed travel and with specific safety measures in place. The road is well-lit with streetlights, and the vehicles are moving in a controlled manner, suggesting a typical urban or suburban highway setting.

[6/7] Category 6: cultural_language_inference
Question: What region or city is suggested by the guide sign indicating Bron EXPWY?
Prediction: The guide sign indicating "Cr. Bronx Expwy" suggests that the location is in the Bronx, a borough of New York City, USA.

[7/7] Category 7: entity_tracking_persistence
Question: At what timestamp does the license plate on the vehicle directly ahead become clearly readable?
Prediction: The license plate on the vehicle directly ahead becomes clearly readable at 0:03.

Saved predictions: benchmarks_results/results/Qwen3-VL-2B/VQA_Qwen3-VL-2B_928.json
Saved metrics: benchmarks_results/results/Qwen3-VL-2B/eval_results_928.csv

======================================================================
VIDEO 929
/home2/gagandeep/benchmark/videos/900/929.mp4
Questions: 7
======================================================================

[1/7] Category 1: spatial_ordinal_navigation
Question: What is the spatial position of the signboard displaying Gabinst relative to the signboard displaying Natural?
Prediction: The signboard displaying Gabinst is located to the right of the signboard displaying Natural.

[2/7] Category 2: entity_aggregation_semantic_filtering
Question: How many distinct pieces of text belonging to storefront or real estate signboards are visible in this clip?
Prediction: 3

[3/7] Category 3: temporal_sequencing_order
Question: What is the order in which the signboards displaying TILE, Gabinst, and KAPLON are encountered by the vehicle?
Prediction: The signboard displaying TILE is encountered first, followed by the signboard displaying Gabinst, and finally the signboard displaying KAPLON.

[4/7] Category 4: navigational_reasoning_hazard_awareness
Question: Does any visible text in the clip indicate a hazard, warning, or driving constraint?
Prediction: No, there is no visible text in the clip that indicates a hazard, warning, or driving constraint.

[5/7] Category 5: semantic_area_inference
Question: What does the mix of storefront signboards and real estate signs suggest about this driving environment?
Prediction: The mix of storefront signboards and real estate signs suggests that this driving environment is likely a commercial or mixed-use area, possibly in a city or urban neighborhood. The presence of both retail and real estate signs indicates that the area is bustling with activity, with businesses and property developments coexisting. This could be a commercial district where shops, restaurants, and possibly residential units are located, contributing to a vibrant and dynamic atmosphere.

[6/7] Category 6: cultural_language_inference
Question: What regional convention is suggested by the phone number format containing the area code (718)?
Prediction: The phone number format with the area code 718 suggests that the convention is likely taking place in New York City. The area code 718 is commonly associated with New York, and the presence of a phone number with this code indicates a connection to the city.

[7/7] Category 7: entity_tracking_persistence
Question: At what timestamp does the real estate sign displaying KAPLON first align with the camera, and when does the vehicle pass the area code (718)?
Prediction: The real estate sign displaying KAPLON first aligns with the camera at 0:02, and the vehicle passes the area code (718) at 0:03.

Saved predictions: benchmarks_results/results/Qwen3-VL-2B/VQA_Qwen3-VL-2B_929.json
Saved metrics: benchmarks_results/results/Qwen3-VL-2B/eval_results_929.csv

======================================================================
VIDEO 930
/home2/gagandeep/benchmark/videos/900/930.mp4
Questions: 7
======================================================================

[1/7] Category 1: spatial_ordinal_navigation
Question: Which storefront text, passed by the vehicle before 3.9 seconds, is located between the party hall and the deli grocery?
Prediction: The storefront text located between the party hall and the deli grocery is "The Venue".

[2/7] Category 2: entity_aggregation_semantic_filtering
Question: How many distinct storefront or sign text instances are passed by the vehicle between 3.9 and 5.6 seconds?
Prediction: 4

[3/7] Category 3: temporal_sequencing_order
Question: What sign text is encountered immediately after the vehicle passes the sign for The Best?
Prediction: The sign text encountered immediately after the vehicle passes the sign for The Best is "The Venue Party Hall".

[4/7] Category 4: navigational_reasoning_hazard_awareness
Question: What driving constraints, hazards, or speed limits are indicated by the visible text in this clip?
Prediction: The visible text in the clip indicates the following driving constraints, hazards, or speed limits:

1. **Speed Limit**: The speed limit is 30 mph, as indicated by the text "30 mph" on the road sign.

2. **Traffic Signs**: The road sign with "30 mph" is a speed limit sign, which is a common traffic control device used to regulate vehicle speed.

3. **Road Conditions**: The road appears to be wet, which could affect visibility and traction, potentially increasing the risk of hydroplaning or skidding.

4. **Pedestrian and Cyclist Hazards**: The presence

[5/7] Category 5: semantic_area_inference
Question: Based on the density and type of storefront signs visible throughout the clip, what kind of driving environment is depicted?
Prediction: The driving environment depicted is a densely populated urban area with a mix of commercial and residential buildings. The presence of various storefronts, including a deli grocery, a liquor store, and a restaurant, suggests a bustling neighborhood with a high concentration of businesses. The street is lined with parked cars and pedestrians, indicating a busy and active area. The architecture and signage suggest a mix of older and newer buildings, typical of a city with a rich history and ongoing development.

[6/7] Category 6: cultural_language_inference
Question: What language is used for all the storefront signs encountered by the vehicle?
Prediction: The language used for all the storefront signs encountered by the vehicle is Chinese.

[7/7] Category 7: entity_tracking_persistence
Question: During what time range is the sign for The Best continuously visible to the camera vehicle?
Prediction: The sign for The Best is continuously visible from 0.0 seconds to 0.3 seconds.

Saved predictions: benchmarks_results/results/Qwen3-VL-2B/VQA_Qwen3-VL-2B_930.json
Saved metrics: benchmarks_results/results/Qwen3-VL-2B/eval_results_930.csv

======================================================================
VIDEO 931
/home2/gagandeep/benchmark/videos/900/931.mp4
Questions: 7
======================================================================

[1/7] Category 1: spatial_ordinal_navigation
Question: What text is located between RAY'S TRUCKS and Elizabeth N.J. on the semi-truck?
Prediction: 808-438-0018

[2/7] Category 2: entity_aggregation_semantic_filtering
Question: How many distinct vehicle-mounted text elements are visible on the semi-truck on the right side of the host vehicle?
Prediction: There are 2 distinct vehicle-mounted text elements visible on the semi-truck on the right side of the host vehicle.

[3/7] Category 3: temporal_sequencing_order
Question: What is the order of appearance of the text elements FUEL CO, milea, and HINO as the host vehicle moves forward?
Prediction: The text elements appear in the following order: FUEL CO, milea, HINO.

[4/7] Category 4: navigational_reasoning_hazard_awareness
Question: Does any visible text in the clip indicate a hazard, warning, or driving constraint?
Prediction: No, there is no visible text in the clip that indicates a hazard, warning, or driving constraint.

[5/7] Category 5: semantic_area_inference
Question: Based on the presence of route number 278 and multiple commercial trucks, what type of road is the host vehicle traveling on?
Prediction: The host vehicle is traveling on a highway, as indicated by the presence of route number 278 and multiple commercial trucks. The road is likely a major highway with multiple lanes and a clear, well-maintained surface, typical of a highway designed for high-speed travel and commercial traffic.

[6/7] Category 6: cultural_language_inference
Question: Which specific text on the semi-truck suggests the vehicle is associated with a city in New Jersey?
Prediction: The text on the semi-truck that suggests the vehicle is associated with a city in New Jersey is "Newark, NJ."

[7/7] Category 7: entity_tracking_persistence
Question: During which time range do the text elements FUEL CO and S J first become visible on the semi-truck?
Prediction: The text elements FUEL CO and S J first become visible on the semi-truck in the time range of 0.0 to 0.2 seconds.

Saved predictions: benchmarks_results/results/Qwen3-VL-2B/VQA_Qwen3-VL-2B_931.json
Saved metrics: benchmarks_results/results/Qwen3-VL-2B/eval_results_931.csv

======================================================================
VIDEO 932
/home2/gagandeep/benchmark/videos/900/932.mp4
Questions: 7
======================================================================

[1/7] Category 1: spatial_ordinal_navigation
Question: What business name is located adjacent to the storefront of COAST FOR GOLD on the right side of the street?
Prediction: The business name located adjacent to the storefront of COAST FOR GOLD on the right side of the street is "GOLD COAST".

[2/7] Category 2: entity_aggregation_semantic_filtering
Question: How many distinct text instances are visible on the regulatory sign post to the right of the lane marking?
Prediction: There are 2 distinct text instances visible on the regulatory sign post to the right of the lane marking.

[3/7] Category 3: temporal_sequencing_order
Question: What is the order of appearance of the text instances ONLY, BUSES ONLY, and SCHOOL BUS in the clip?
Prediction: The text instances appear in the following order: ONLY, then BUSES ONLY, and finally SCHOOL BUS.

[4/7] Category 4: navigational_reasoning_hazard_awareness
Question: What text on the regulatory sign post indicates a direction restriction for vehicle movement?
Prediction: The text on the regulatory sign post indicates "ONLY BUS" which restricts vehicle movement to buses only.

[5/7] Category 5: semantic_area_inference
Question: Based on storefronts like COAST FOR GOLD and CLEANERS, what type of driving environment is depicted?
Prediction: The driving environment depicted is a residential area with a mix of commercial and residential buildings. The presence of storefronts like COAST FOR GOLD and CLEANERS suggests a neighborhood with a mix of commercial activity and residential living. The street is lined with parked cars and a school bus, indicating a typical urban setting with a mix of residential and commercial elements.

[6/7] Category 6: cultural_language_inference
Question: What specific phone number on the first school bus suggests a New York City location?
Prediction: The phone number on the first school bus is 718-555-1234, which is a common area code for New York City. This number is likely associated with a local service or organization in the city.

[7/7] Category 7: entity_tracking_persistence
Question: At what timestamp does the text BUSES ONLY first become visible in the clip?
Prediction: The text BUSES ONLY first becomes visible at 0:00.

Saved predictions: benchmarks_results/results/Qwen3-VL-2B/VQA_Qwen3-VL-2B_932.json
Saved metrics: benchmarks_results/results/Qwen3-VL-2B/eval_results_932.csv

======================================================================
VIDEO 933
/home2/gagandeep/benchmark/videos/900/933.mp4
Questions: 7
======================================================================

[1/7] Category 1: spatial_ordinal_navigation
Question: What sign is located directly beneath the sign TRAFFIC on the wooden utility pole?
Prediction: The sign located directly beneath the sign that says "TRAFFIC" on the wooden utility pole is a "NO TURN" sign.

[2/7] Category 2: entity_aggregation_semantic_filtering
Question: How many distinct street or regulatory signs are visible on the wooden utility pole and the adjacent signpost combined?
Prediction: There are three distinct street or regulatory signs visible on the wooden utility pole and the adjacent signpost combined.

[3/7] Category 3: temporal_sequencing_order
Question: What is the order in which the signs on the adjacent signpost are encountered after the vehicle completes its turn?
Prediction: The signs on the adjacent signpost are encountered in the following order: first, the "ALL TRAFFIC" sign, followed by the "NO TURN" sign, and finally the "NO ENTRY" sign.

[4/7] Category 4: navigational_reasoning_hazard_awareness
Question: What detour instruction is displayed on the wooden utility pole at the T-junction?
Prediction: The detour instruction displayed on the wooden utility pole at the T-junction is "ALL TRAFFIC DETOUR."

[5/7] Category 5: semantic_area_inference
Question: Based on the presence of a detour sign, concrete barriers, orange barrels, and a light tower, what type of zone is this?
Prediction: This is a construction zone. The presence of a detour sign, concrete barriers, orange barrels, and a light tower are all typical indicators of a construction zone, which is designed to manage traffic and ensure safety during construction activities.

[6/7] Category 6: cultural_language_inference
Question: What language is used for the text on the signs visible along the road?
Prediction: The text on the signs is in English.

[7/7] Category 7: entity_tracking_persistence
Question: At what timestamp does the sign 56"Road first become visible to the camera?
Prediction: The sign 56"Road first becomes visible to the camera at 0:00.

Saved predictions: benchmarks_results/results/Qwen3-VL-2B/VQA_Qwen3-VL-2B_933.json
Saved metrics: benchmarks_results/results/Qwen3-VL-2B/eval_results_933.csv

======================================================================
VIDEO 934
/home2/gagandeep/benchmark/videos/900/934.mp4
Questions: 7
======================================================================

[1/7] Category 1: spatial_ordinal_navigation
Question: What is located to the left of the pavement marking 'ONLY' as the vehicle moves forward?
Prediction: To the left of the pavement marking 'ONLY', there is a snow-covered area.

[2/7] Category 2: entity_aggregation_semantic_filtering
Question: How many pavement markings with legible text are visible in the lane after the vehicle completes its left turn?
Prediction: There are two pavement markings with legible text visible in the lane after the vehicle completes its left turn.

[3/7] Category 3: temporal_sequencing_order
Question: What is the chronological order of the legible text instances encountered on the road surface during the clip?
Prediction: 1. "ONLY" - appears on the road surface at the beginning of the clip.
2. "ONLY" - appears again on the road surface later in the clip.
3. "ONLY" - appears once more on the road surface at the end of the clip.

[4/7] Category 4: navigational_reasoning_hazard_awareness
Question: What instructional text is painted on the lane surface to guide the driver's lane choice after turning?
Prediction: The instructional text painted on the lane surface is "ONLY".

[5/7] Category 5: semantic_area_inference
Question: What does the presence of snow-covered sidewalks, parked vehicles, and a chain-link fence bordering an open space suggest about the driving environment?
Prediction: The presence of snow-covered sidewalks, parked vehicles, and a chain-link fence bordering an open space suggests that the driving environment is likely in a residential or suburban area, possibly during winter. The snow indicates cold weather, and the parked vehicles suggest that the area is not a busy commercial zone. The chain-link fence might be part of a park or recreational area, and the open space could be a park or a recreational area. The presence of a crosswalk and traffic lights indicates that the area is well-organized and likely has a significant amount of traffic.

[6/7] Category 6: cultural_language_inference
Question: What language is the pavement marking 'ONLY' written in?
Prediction: The pavement marking 'ONLY' is written in English.

[7/7] Category 7: entity_tracking_persistence
Question: At what timestamp does the pavement marking 'ONLY' first become visible in the clip?
Prediction: The pavement marking 'ONLY' first becomes visible at 0:01.

Saved predictions: benchmarks_results/results/Qwen3-VL-2B/VQA_Qwen3-VL-2B_934.json
Saved metrics: benchmarks_results/results/Qwen3-VL-2B/eval_results_934.csv

======================================================================
VIDEO 935
/home2/gagandeep/benchmark/videos/900/935.mp4
Questions: 7
======================================================================

[1/7] Category 1: spatial_ordinal_navigation
Question: Where is the painted road marking SCHOOL, passed at 0.967 seconds, located relative to the MPH marking?
Prediction: The painted road marking 'SCHOOL' is located to the left of the 'MPH' marking.

[2/7] Category 2: entity_aggregation_semantic_filtering
Question: How many distinct text instances painted directly on the road pavement does the vehicle pass over in the first second of the clip?
Prediction: 2

[3/7] Category 3: temporal_sequencing_order
Question: What is the order in which the vehicle encounters the road marking SCHOOL, the storefront JACKSON HO, and the sign RECTAURA?
Prediction: The vehicle encounters the road marking SCHOOL first, followed by the storefront JACKSON HO, and finally the sign RECTAURA.

[4/7] Category 4: navigational_reasoning_hazard_awareness
Question: What speed limit and warning text markings are passed by the vehicle on the road pavement before 1.0 second?
Prediction: The vehicle passes a speed limit of 20 MPH and a warning text marking that says "SCHOOL" on the road pavement.

[5/7] Category 5: semantic_area_inference
Question: What type of driving environment is suggested by the storefronts JACKSON HO and RECTAURA appearing on the right side of the street at 2.533 seconds?
Prediction: The presence of storefronts with signs like JACKSON HO and RECTAURA suggests a commercial or retail area, likely a shopping district or a neighborhood with a mix of retail and possibly residential buildings. This environment is typical of urban areas where businesses are concentrated along the street, providing a vibrant and active atmosphere.

[6/7] Category 6: cultural_language_inference
Question: Based on the road markings and storefronts encountered between 0.867 and 2.533 seconds, what language is used in this area?
Prediction: The language used in this area is English.

[7/7] Category 7: entity_tracking_persistence
Question: At what timestamp does the vehicle drive past the painted SCHOOL zone marker on the road?
Prediction: The vehicle drives past the painted SCHOOL zone marker on the road at 0.0 seconds.

Saved predictions: benchmarks_results/results/Qwen3-VL-2B/VQA_Qwen3-VL-2B_935.json
Saved metrics: benchmarks_results/results/Qwen3-VL-2B/eval_results_935.csv

======================================================================
VIDEO 936
/home2/gagandeep/benchmark/videos/900/936.mp4
Questions: 7
======================================================================

[1/7] Category 1: spatial_ordinal_navigation
Question: What sign is located directly to the right of the green overhead exit sign for Industrial Boulevard and Hesperian Boulevard?
Prediction: A yellow sign with the number 35 is located directly to the right of the green overhead exit sign for Industrial Boulevard and Hesperian Boulevard.

[2/7] Category 2: entity_aggregation_semantic_filtering
Question: How many distinct signs containing text or numbers appear on the right shoulder between 0:02 and 0:05?
Prediction: There are 2 distinct signs containing text or numbers on the right shoulder between 0:02 and 0:05.

[3/7] Category 3: temporal_sequencing_order
Question: What is the chronological order in which the orange road work sign, the green overhead exit sign, and the dark overpass bridge are encountered?
Prediction: The orange road work sign is encountered first, followed by the green overhead exit sign, and finally the dark overpass bridge.

[4/7] Category 4: navigational_reasoning_hazard_awareness
Question: What warning and speed advisory information is displayed on the right shoulder between 0:02 and 0:05?
Prediction: The warning and speed advisory information displayed on the right shoulder is "35 MPH" with a red diamond sign.

[5/7] Category 5: semantic_area_inference
Question: What type of driving environment is suggested by the green overhead exit sign and multi-lane setup?
Prediction: The green overhead exit sign and multi-lane setup suggest a highway or major road with multiple lanes for traffic, likely designed for high-speed travel and efficient movement of vehicles.

[6/7] Category 6: cultural_language_inference
Question: What language is used for the street names on the green overhead exit sign?
Prediction: The street names on the green overhead exit sign are in English.

[7/7] Category 7: entity_tracking_persistence
Question: During what time range is the green overhead guide sign for Industrial Boulevard and Hesperian Boulevard visible before the vehicle passes underneath it?
Prediction: The green overhead guide sign for Industrial Boulevard and Hesperian Boulevard is visible from 0:00 to 0:03.

Saved predictions: benchmarks_results/results/Qwen3-VL-2B/VQA_Qwen3-VL-2B_936.json
Saved metrics: benchmarks_results/results/Qwen3-VL-2B/eval_results_936.csv

======================================================================
VIDEO 937
/home2/gagandeep/benchmark/videos/900/937.mp4
Questions: 7
======================================================================

[1/7] Category 1: spatial_ordinal_navigation
Question: What is the spatial position of the ONE WAY sign relative to the word RIGHT near the intersection?
Prediction: The ONE WAY sign is located to the left of the word RIGHT near the intersection.

[2/7] Category 2: entity_aggregation_semantic_filtering
Question: How many distinct text instances are displayed on the large promotional billboard structure on the left side of the road?
Prediction: There are 3 distinct text instances on the large promotional billboard structure on the left side of the road.

[3/7] Category 3: temporal_sequencing_order
Question: What is the order of the words on the street-side pole sign passed at the 6.533s mark?
Prediction: The order of the words on the street-side pole sign passed at the 6.533s mark is "KEEP RIGHT".

[4/7] Category 4: navigational_reasoning_hazard_awareness
Question: What directional or regulatory text must the driver follow near the Vernon Blvd intersection at the start of the clip?
Prediction: The driver must follow the traffic light at the intersection of Vernon Blvd and another street, as indicated by the green light.

[5/7] Category 5: semantic_area_inference
Question: What does the presence of a large movie billboard and multiple street signs suggest about the driving environment?
Prediction: The presence of a large movie billboard and multiple street signs suggests that the driving environment is urban and likely in a densely populated area. The billboard, which advertises a movie titled "Life," indicates that the area may have a significant cultural or entertainment presence, possibly near a major commercial or entertainment district. The street signs, including directional signs and traffic signals, further emphasize the structured and regulated nature of the urban environment. This combination of elements suggests that the driver is in a city with a high degree of infrastructure and activity, likely with a mix of residential, commercial, and possibly entertainment zones.

[6/7] Category 6: cultural_language_inference
Question: Which specific borough or region is suggested by the street-side pole sign passed at 6.533s?
Prediction: The street-side pole sign passed at 6.533s suggests the borough of Queens.

[7/7] Category 7: entity_tracking_persistence
Question: At what time range do the movie tagline and release date on the billboard come into full view?
Prediction: The movie tagline and release date on the billboard come into full view at the 0.0 to 0.2 seconds mark.

Saved predictions: benchmarks_results/results/Qwen3-VL-2B/VQA_Qwen3-VL-2B_937.json
Saved metrics: benchmarks_results/results/Qwen3-VL-2B/eval_results_937.csv

======================================================================
VIDEO 938
/home2/gagandeep/benchmark/videos/900/938.mp4
Questions: 7
======================================================================

[1/7] Category 1: spatial_ordinal_navigation
Question: What readable sign is located directly to the left of the Parking sign on the overhead gantry, which becomes visible at 0.767s?
Prediction: The sign that is directly to the left of the Parking sign on the overhead gantry is a blue sign that reads "Airport Exit" and "KEEP RIGHT".

[2/7] Category 2: entity_aggregation_semantic_filtering
Question: How many street, regulatory, or airport signs are identified in the scene description, including those passed between 0.0s and 2.933s?
Prediction: There are 4 signs identified in the scene description, including those passed between 0.0s and 2.933s.

[3/7] Category 3: temporal_sequencing_order
Question: What is the chronological order in which the Airport sign, the Blue Parking sign, and the ONE WAY sign are first encountered by the camera vehicle?
Prediction: The Airport sign is first encountered by the camera vehicle, followed by the Blue Parking sign, and then the ONE WAY sign.

[4/7] Category 4: navigational_reasoning_hazard_awareness
Question: What regulatory sign on a roadside post, passed at 2.933s, indicates a directional constraint for drivers?
Prediction: The regulatory sign on the roadside post, passed at 2.933s, indicates a directional constraint for drivers. It is a blue sign with white text that reads "Parking Terminal 4 KEEP LEFT KEEP RIGHT," which suggests that drivers must keep to the left or right side of the road as per the sign's instructions.

[5/7] Category 5: semantic_area_inference
Question: What type of driving environment is depicted, given the presence of the Terminal and Parking signs on the gantry and the Blue Parking Garage?
Prediction: The driving environment depicted is an airport terminal area, specifically a parking lot with a blue parking garage. The presence of the Terminal and Parking signs on the gantry indicates that the vehicle is in a controlled, organized area with designated parking and access points. The Blue Parking Garage is likely a designated parking facility for vehicles, and the surrounding infrastructure suggests a busy, high-traffic area with multiple lanes and traffic signals.

[6/7] Category 6: cultural_language_inference
Question: What language is used for the text on the overhead gantry signs and the ONE WAY sign?
Prediction: The text on the overhead gantry signs and the ONE WAY sign is in English.

[7/7] Category 7: entity_tracking_persistence
Question: At what timestamp does the Blue Parking Garage structure first become fully visible on the left side of the roadway?
Prediction: The Blue Parking Garage structure first becomes fully visible on the left side of the roadway at 0:00.

Saved predictions: benchmarks_results/results/Qwen3-VL-2B/VQA_Qwen3-VL-2B_938.json
Saved metrics: benchmarks_results/results/Qwen3-VL-2B/eval_results_938.csv

======================================================================
VIDEO 939
/home2/gagandeep/benchmark/videos/900/939.mp4
Questions: 7
======================================================================

[1/7] Category 1: spatial_ordinal_navigation
Question: What promotional signs are located directly overhead of the Big K mart storefront?
Prediction: The promotional signs located directly overhead of the Big K mart storefront include "Payless Kids" and "Payless Shoesource."

[2/7] Category 2: entity_aggregation_semantic_filtering
Question: How many distinct promotional text instances are associated with the Danice storefront?
Prediction: There are 2 distinct promotional text instances associated with the Danice storefront.

[3/7] Category 3: temporal_sequencing_order
Question: What is the order of the first three storefronts passed by the vehicle starting from 4.8 seconds?
Prediction: The first three storefronts passed by the vehicle starting from 4.8 seconds are: Payless Kids, Payless Shoesource, and Nails Essence.

[4/7] Category 4: navigational_reasoning_hazard_awareness
Question: Based on the visible text, are there any explicit driving actions or constraints implied near the storefronts? If none is present, state that.
Prediction: No, there are no explicit driving actions or constraints implied near the storefronts.

[5/7] Category 5: semantic_area_inference
Question: Based on the density and type of legible storefront text, what kind of driving environment does this clip depict?
Prediction: The clip depicts a commercial shopping district with a variety of retail stores, including a Big K Mart, Payless Kids, and Nails Essence. The presence of multiple storefronts with clear signage and the parking lot filled with cars suggest a busy, urban shopping environment. The scene is likely set in a suburban or urban area with a focus on retail and consumer goods.

[6/7] Category 6: cultural_language_inference
Question: What language or script is the visible text written in?
Prediction: The visible text is written in English.

[7/7] Category 7: entity_tracking_persistence
Question: During what time range is the vehicle passing and parallel to the storefront of NAILS Essence SPA?
Prediction: The vehicle is passing and parallel to the storefront of NAILS Essence SPA from 0.0 to 0.4 seconds.

Saved predictions: benchmarks_results/results/Qwen3-VL-2B/VQA_Qwen3-VL-2B_939.json
Saved metrics: benchmarks_results/results/Qwen3-VL-2B/eval_results_939.csv

======================================================================
VIDEO 940
/home2/gagandeep/benchmark/videos/900/940.mp4
Questions: 7
======================================================================

[1/7] Category 1: spatial_ordinal_navigation
Question: What signs are located directly adjacent to the parking area on the right side of the driving lane?
Prediction: The signs located directly adjacent to the parking area on the right side of the driving lane are for "FALLAS" and "Danice."

[2/7] Category 2: entity_aggregation_semantic_filtering
Question: How many distinct pieces of text belong to storefront signs or banners on the left side of the driving lane?
Prediction: There are 5 distinct pieces of text belonging to storefront signs or banners on the left side of the driving lane.

[3/7] Category 3: temporal_sequencing_order
Question: What is the order in which the storefront of FALLAS and the signs for Danice are first encountered by the camera vehicle?
Prediction: The storefront of FALLAS is encountered first, followed by the signs for Danice.

[4/7] Category 4: navigational_reasoning_hazard_awareness
Question: What explicit driving action is implied by the painted road marking adjacent to the concrete sidewalk on the left?
Prediction: The painted road marking adjacent to the concrete sidewalk on the left indicates a "STOP" sign, which is a clear directive for drivers to come to a complete stop before proceeding. This marking is typically used to ensure safety and order in the parking lot, especially in areas where vehicles are parked or where pedestrian traffic is expected.

[5/7] Category 5: semantic_area_inference
Question: Based on the storefront signs and parking area visible throughout the clip, what type of driving environment is depicted?
Prediction: The driving environment depicted is a commercial shopping center with multiple stores, including a "FALLAS" store, a "Danice" store, and a "MORRIS'S" store. The parking area is filled with cars, and there are several people walking around, indicating a busy and active commercial area. The presence of a "STOP" sign and a "School Uniforms" sign suggests that this is a public and accessible area, likely designed for both shopping and pedestrian activity.

[6/7] Category 6: cultural_language_inference
Question: What language is used for the storefront signs and promotional banners visible in this clip?
Prediction: The storefront signs and promotional banners visible in the clip are in English.

[7/7] Category 7: entity_tracking_persistence
Question: For what time range does the camera vehicle approach the storefront windows of FALLAS showing promotional text?
Prediction: The camera vehicle approaches the storefront windows of FALLAS showing promotional text between 0:00 and 0:03.

Saved predictions: benchmarks_results/results/Qwen3-VL-2B/VQA_Qwen3-VL-2B_940.json
Saved metrics: benchmarks_results/results/Qwen3-VL-2B/eval_results_940.csv

======================================================================
VIDEO 941
/home2/gagandeep/benchmark/videos/900/941.mp4
Questions: 7
======================================================================

[1/7] Category 1: spatial_ordinal_navigation
Question: What regulatory sign is located directly below the overhead sign that says "To Belt Pkwy"?
Prediction: The regulatory sign located directly below the overhead sign that says "To Belt Pkwy" is a yellow diamond-shaped sign with a red circle and a white arrow pointing to the right. This sign indicates a right turn.

[2/7] Category 2: entity_aggregation_semantic_filtering
Question: How many distinct text instances are painted on the road surface or function as regulatory signs in this clip?
Prediction: 10

[3/7] Category 3: temporal_sequencing_order
Question: What is the order of encounter for the first overhead sign structure, the road marking, and the second overhead gantry?
Prediction: The first overhead sign structure is encountered first, followed by the road marking, and then the second overhead gantry.

[4/7] Category 4: navigational_reasoning_hazard_awareness
Question: What regulatory instruction is displayed on the lane surface below the sign that says "KEEP RIGHT"?
Prediction: The lane surface below the sign that says "KEEP RIGHT" has a white arrow pointing to the right.

[5/7] Category 5: semantic_area_inference
Question: What type of transportation hub is the vehicle navigating, based on the visible signs?
Prediction: The vehicle is navigating an airport, as indicated by the signs that read "Airport Exit via JFK Expwy" and "Airport Exit via Van Wyck Expwy."

[6/7] Category 6: cultural_language_inference
Question: Which specific New York airport expressway is indicated by the signs on the first overhead structure?
Prediction: The signs on the first overhead structure indicate the "Van Wyck Expressway" as the route to the airport exit.

[7/7] Category 7: entity_tracking_persistence
Question: At what timestamp does the vehicle pass over the road marking that says "ONLY"?
Prediction: The vehicle passes over the road marking that says "ONLY" at timestamp 0.0 seconds.

Saved predictions: benchmarks_results/results/Qwen3-VL-2B/VQA_Qwen3-VL-2B_941.json
Saved metrics: benchmarks_results/results/Qwen3-VL-2B/eval_results_941.csv

======================================================================
VIDEO 942
/home2/gagandeep/benchmark/videos/900/942.mp4
Questions: 7
======================================================================

[1/7] Category 1: spatial_ordinal_navigation
Question: What is the spatial position of the text Without relative to the Studio Prices text on the first billboard?
Prediction: The text 'Without' is positioned to the left of 'Studio Prices' on the first billboard.

[2/7] Category 2: entity_aggregation_semantic_filtering
Question: How many distinct pieces of text belong to street, highway, or regulatory signs in this clip?
Prediction: There are 4 distinct pieces of text belonging to street, highway, or regulatory signs in this clip.

[3/7] Category 3: temporal_sequencing_order
Question: What is the order in which the billboard displaying Studio Closses and the billboard displaying eatenlightened.com are encountered?
Prediction: The billboard displaying Studio Closses is encountered first, followed by the billboard displaying eatenlightened.com.

[4/7] Category 4: navigational_reasoning_hazard_awareness
Question: Does any visible text in the clip indicate a height restriction constraint? If so, what does it say and where is it located?
Prediction: Yes, there is visible text in the clip that indicates a height restriction constraint. The text says "100 feet" and is located on the green overhead sign above the bridge. This sign is positioned above the road, and it is clearly visible to the driver. The text is part of the sign that provides directions for the road, and it is located in the upper portion of the frame, above the road.

[5/7] Category 5: semantic_area_inference
Question: Based on the visible highway signs and large billboards, what kind of driving environment is depicted?
Prediction: The driving environment depicted is an urban setting with a mix of commercial and residential areas. The presence of tall buildings, streetlights, and large billboards suggests a densely populated city. The highway signs indicate a major thoroughfare with multiple lanes and a bridge, which is typical of a city with extensive road networks. The combination of these elements points to a bustling urban environment with a high degree of traffic and infrastructure.

[6/7] Category 6: cultural_language_inference
Question: Do any street or highway names visible on the overhead signs suggest a specific city? If so, what text supports this?
Prediction: Yes, the overhead signs indicate a specific city. The text on the signs reads "FOR DRIVE SOUTH" and "Lexington Avenue." This suggests that the location is in a city where these streets are part of the local road network. The presence of "Lexington Avenue" is a strong indicator that the location is in a city with a name that includes "Lexington," such as Lexington, Massachusetts, or possibly a city with a similar name. The sign also mentions "24" and "24 Fitness," which could be a reference to a fitness center or a local business, further supporting the idea that the location is in a

[7/7] Category 7: entity_tracking_persistence
Question: At what time range does the overhead highway sign for 2 Avenue remain visible to the camera vehicle?
Prediction: The overhead highway sign for 2 Avenue remains visible to the camera vehicle from 0:00 to 0:03.

Saved predictions: benchmarks_results/results/Qwen3-VL-2B/VQA_Qwen3-VL-2B_942.json
Saved metrics: benchmarks_results/results/Qwen3-VL-2B/eval_results_942.csv

======================================================================
VIDEO 943
/home2/gagandeep/benchmark/videos/900/943.mp4
Questions: 7
======================================================================

[1/7] Category 1: spatial_ordinal_navigation
Question: What is the spatial position of the Lexington Avenue sign relative to the 2 Avenue sign when they become visible between timestamps 4.433 and 4.500?
Prediction: The Lexington Avenue sign is located to the right of the 2 Avenue sign.

[2/7] Category 2: entity_aggregation_semantic_filtering
Question: How many height clearance signs are visible on the right side of the road after the bridge ends between timestamps 8.600 and 8.800?
Prediction: There are 2 height clearance signs visible on the right side of the road after the bridge ends between timestamps 8.600 and 8.800.

[3/7] Category 3: temporal_sequencing_order
Question: What is the order in which the 12-0 clearance sign and the 15 M P H speed sign are encountered after the bridge ends?
Prediction: The 12-0 clearance sign is encountered first, followed by the 15 M P H speed sign.

[4/7] Category 4: navigational_reasoning_hazard_awareness
Question: What warning text indicates a lane closure ahead near the end of the clip at timestamp 9.733, and where is it located?
Prediction: The warning text "RIGHT LANE CLOSED 500 FT" is located on the right side of the road, near the end of the clip.

[5/7] Category 5: semantic_area_inference
Question: What does the mix of overhead lane guidance, exit signs, and clearance signs visible throughout the clip suggest about the type of road?
Prediction: The mix of overhead lane guidance, exit signs, and clearance signs visible throughout the clip suggests that the road is a major urban highway or a significant arterial road within a city. These signs are typically used to guide drivers through complex traffic patterns, manage vehicle flow, and ensure safety by indicating lane usage, exits, and road conditions. The presence of such signs indicates that the road is likely part of a well-organized and regulated transportation network, designed to handle high volumes of traffic efficiently.

[6/7] Category 6: cultural_language_inference
Question: Which street and highway names visible in the clip suggest this is located in New York City?
Prediction: The street and highway names visible in the clip, such as "Lexington Avenue" and "2 Avenue," are characteristic of the New York City area. These names are commonly found in the boroughs of Manhattan and Brooklyn, which are part of New York City. Additionally, the presence of a bridge with a large metal structure and the overall urban environment further support the location as New York City.

[7/7] Category 7: entity_tracking_persistence
Question: At what timestamp do the overhead exit signs for FDR Drive SOUTH and EXIT ONLY first become legible?
Prediction: The overhead exit signs for FDR Drive SOUTH and EXIT ONLY first become legible at 0:00.

Saved predictions: benchmarks_results/results/Qwen3-VL-2B/VQA_Qwen3-VL-2B_943.json
Saved metrics: benchmarks_results/results/Qwen3-VL-2B/eval_results_943.csv

======================================================================
VIDEO 944
/home2/gagandeep/benchmark/videos/900/944.mp4
Questions: 7
======================================================================

[1/7] Category 1: spatial_ordinal_navigation
Question: Where is the PASSENGER CARS ONLY sign located relative to the Drive SOUTH sign?
Prediction: The PASSENGER CARS ONLY sign is located to the right of the Drive SOUTH sign.

[2/7] Category 2: entity_aggregation_semantic_filtering
Question: How many distinct text entities make up the construction warning sign visible at the start of the clip?
Prediction: The construction warning sign visible at the start of the clip has three distinct text entities: "RIGHT LANE CLOSED", "900 FT", and "12-6".

[3/7] Category 3: temporal_sequencing_order
Question: In what order does the vehicle encounter the low clearance warning sign, the construction warning signs, and the PASSENGER CARS ONLY sign?
Prediction: The vehicle encounters the low clearance warning sign first, followed by the construction warning signs, and finally the PASSENGER CARS ONLY sign.

[4/7] Category 4: navigational_reasoning_hazard_awareness
Question: What low clearance limit is indicated by the warning sign to the right of the concrete barrier?
Prediction: The warning sign to the right of the concrete barrier indicates a low clearance limit of 500 feet.

[5/7] Category 5: semantic_area_inference
Question: What type of driving environment does the transition from a curved ramp with construction signs to a highway depict?
Prediction: The transition from a curved ramp with construction signs to a highway depicts a change from a more confined, urban environment to a wider, more open highway setting. This shift suggests a move from a local, possibly residential or commercial area to a more expansive, high-speed roadway, likely designed for higher traffic volumes and greater speed. The presence of construction signs and barriers indicates ongoing development or maintenance, which might be part of a larger infrastructure project. The highway's design, with its wide lanes and clear signage, suggests it is a major thoroughfare, possibly serving as a key route for regional or intercity travel.

[6/7] Category 6: cultural_language_inference
Question: What language is used for the text on the construction warning signs and overhead directional signs?
Prediction: The text on the construction warning signs and overhead directional signs is in English.

[7/7] Category 7: entity_tracking_persistence
Question: At what timestamp does the Drive SOUTH sign first come into view, and when does the vehicle pass it?
Prediction: The Drive SOUTH sign first comes into view at 0:01, and the vehicle passes it at 0:02.

Saved predictions: benchmarks_results/results/Qwen3-VL-2B/VQA_Qwen3-VL-2B_944.json
Saved metrics: benchmarks_results/results/Qwen3-VL-2B/eval_results_944.csv

======================================================================
VIDEO 945
/home2/gagandeep/benchmark/videos/900/945.mp4
Questions: 7
======================================================================

[1/7] Category 1: spatial_ordinal_navigation
Question: What sign is located to the left of the regulatory notice warning about doubled speeding fines?
Prediction: The sign located to the left of the regulatory notice warning about doubled speeding fines is a speed limit sign indicating 30 mph.

[2/7] Category 2: entity_aggregation_semantic_filtering
Question: How many distinct, legible text instances are encountered by the vehicle between 0.2 seconds and 2.0 seconds?
Prediction: 3

[3/7] Category 3: temporal_sequencing_order
Question: What is the sequence in which the speed limit sign, the sidewalk closed placard, and the road work warning sign are encountered?
Prediction: The speed limit sign is encountered first, followed by the sidewalk closed placard, and finally the road work warning sign.

[4/7] Category 4: navigational_reasoning_hazard_awareness
Question: What driving constraint is indicated by the speed limit sign located to the left of the sidewalk closed placard?
Prediction: The speed limit sign indicates a limit of 30 miles per hour.

[5/7] Category 5: semantic_area_inference
Question: Based on the signs for exits, street names, and work zones, what kind of driving environment is depicted?
Prediction: The driving environment depicted is a city street with a mix of urban and construction elements. The presence of a speed limit sign indicating 30 mph, a highway overpass, and construction barriers suggests a busy urban area with ongoing infrastructure work. The road is likely part of a major thoroughfare, possibly near a commercial or residential district, given the mix of buildings and the presence of a bridge. The road is also marked with signs for exits, indicating it's a well-organized and frequently used route. The overall scene suggests a typical city environment with a focus on traffic flow and safety.

[6/7] Category 6: cultural_language_inference
Question: Do any street names visible on the overhead gantry suggest a specific city? What text supports this?
Prediction: Yes, the overhead gantry has a sign that reads "SOUTH BROADWAY" and "SOUTH BROADWAY" is visible. This indicates that the location is in a city with a street named South Broadway. The text "SOUTH BROADWAY" is clearly visible on the sign, which supports the idea that the location is in a city with this street name.

[7/7] Category 7: entity_tracking_persistence
Question: At what timestamp does the regulatory sign warning about doubled speeding fines first become legible, and when does it become illegible?
Prediction: The regulatory sign warning about doubled speeding fines first becomes legible at 0:02 and becomes illegible at 0:03.

Saved predictions: benchmarks_results/results/Qwen3-VL-2B/VQA_Qwen3-VL-2B_945.json
Saved metrics: benchmarks_results/results/Qwen3-VL-2B/eval_results_945.csv

======================================================================
VIDEO 946
/home2/gagandeep/benchmark/videos/900/946.mp4
Questions: 7
======================================================================

[1/7] Category 1: spatial_ordinal_navigation
Question: What is the spatial position of G Washington Br relative to the route sign 19-N-S-W?
Prediction: G Washington Br is located to the right of the route sign 19-N-S-W.

[2/7] Category 2: entity_aggregation_semantic_filtering
Question: How many distinct highway or regulatory signs are visible on the overhead gantry in this clip?
Prediction: There are 5 distinct highway or regulatory signs visible on the overhead gantry in this clip.

[3/7] Category 3: temporal_sequencing_order
Question: What is the chronological order in which the signs NORTH, PASSENGER CARS ONLY, and Hutechinson Pkwy become visible?
Prediction: The sign for NORTH becomes visible first, followed by the sign for PASSENGER CARS ONLY, and finally the sign for Hutechinson Pkwy.

[4/7] Category 4: navigational_reasoning_hazard_awareness
Question: Which overhead sign indicates a vehicle type restriction on the highway lanes?
Prediction: The overhead sign that indicates a vehicle type restriction on the highway lanes is the one that says "Passenger Cars Only."

[5/7] Category 5: semantic_area_inference
Question: Based on the overhead signs visible between 8.2 and 8.9 seconds, what type of road is the vehicle traveling on?
Prediction: The vehicle is traveling on a highway, as indicated by the overhead signs that direct the driver to various destinations and the presence of multiple lanes and traffic lights.

[6/7] Category 6: cultural_language_inference
Question: Which destination name on the overhead gantry suggests the vehicle is in the New York metropolitan area?
Prediction: The destination name on the overhead gantry that suggests the vehicle is in the New York metropolitan area is "New Haven CT".

[7/7] Category 7: entity_tracking_persistence
Question: At what timestamp does the route marker 278 first become fully displayed?
Prediction: The route marker 278 first becomes fully displayed at 0:00.

Saved predictions: benchmarks_results/results/Qwen3-VL-2B/VQA_Qwen3-VL-2B_946.json
Saved metrics: benchmarks_results/results/Qwen3-VL-2B/eval_results_946.csv

======================================================================
VIDEO 947
/home2/gagandeep/benchmark/videos/900/947.mp4
Questions: 7
======================================================================

[1/7] Category 1: spatial_ordinal_navigation
Question: What is the spatial position of the sign containing the text STATE relative to the speed warning sign?
Prediction: The sign containing the text STATE is located to the right of the speed warning sign.

[2/7] Category 2: entity_aggregation_semantic_filtering
Question: How many distinct text instances are mounted on the silver minivan?
Prediction: There are 3 distinct text instances mounted on the silver minivan.

[3/7] Category 3: temporal_sequencing_order
Question: What is the order in which the green exit sign, the white regulatory sign, and the minivan's license plate are first encountered?
Prediction: The green exit sign is first encountered, followed by the white regulatory sign, and then the minivan's license plate.

[4/7] Category 4: navigational_reasoning_hazard_awareness
Question: What text on the regulatory sign indicates a financial penalty for driving too fast?
Prediction: The text on the regulatory sign that indicates a financial penalty for driving too fast is "STATE LAW FINES DOUBLED FOR SPEEDING."

[5/7] Category 5: semantic_area_inference
Question: What type of road environment is suggested by the presence of exit signs, speed warning signs, and regulatory signs?
Prediction: The presence of exit signs, speed warning signs, and regulatory signs suggests a highway or major road environment. These signs are typically used to guide drivers, indicate speed limits, and provide information about upcoming exits or road conditions. This type of road environment is common in urban or suburban areas with significant traffic flow and infrastructure.

[6/7] Category 6: cultural_language_inference
Question: Which specific state or region is indicated by the text on the silver minivan's license plate?
Prediction: The text on the silver minivan's license plate indicates "New York."

[7/7] Category 7: entity_tracking_persistence
Question: For what time range is the license plate HEG-1344 clearly legible on the silver minivan?
Prediction: The license plate HEG-1344 is clearly legible on the silver minivan from 0.0 to 0.4 seconds.

Saved predictions: benchmarks_results/results/Qwen3-VL-2B/VQA_Qwen3-VL-2B_947.json
Saved metrics: benchmarks_results/results/Qwen3-VL-2B/eval_results_947.csv

======================================================================
VIDEO 948
/home2/gagandeep/benchmark/videos/900/948.mp4
Questions: 7
======================================================================

[1/7] Category 1: spatial_ordinal_navigation
Question: Which sign, located directly below the FDR DR SOUTH sign on the overhead gantry, comes into view between 2.4 and 2.567 seconds?
Prediction: The sign that comes into view between 2.4 and 2.567 seconds is the "Harlem River Drive" sign.

[2/7] Category 2: entity_aggregation_semantic_filtering
Question: How many distinct signs containing lane designations or lane restrictions are visible on the overhead gantry before the vehicle enters the steel truss structure?
Prediction: There are two distinct signs visible on the overhead gantry before the vehicle enters the steel truss structure. The first sign indicates "Harlem River Drive" and the second sign shows "Passing & Lane Change Restrictions."

[3/7] Category 3: temporal_sequencing_order
Question: What is the order in which the signs 2 Ave-12S st, FDR DR SOUTH, and FINE + POINTS are encountered by the vehicle?
Prediction: The vehicle encounters the signs in the following order: FDR DR SOUTH, 2 Ave-12S st, and FINE + POINTS.

[4/7] Category 4: navigational_reasoning_hazard_awareness
Question: What warning text, located to the left of the STRICTLY ENFORCED sign, becomes visible at 2.733 seconds to indicate traffic penalties?
Prediction: The warning text that becomes visible at 2.733 seconds is 'PASSENGER & LANE CHARGE VEHICLES'.

[5/7] Category 5: semantic_area_inference
Question: What does the mix of highway signs and lane restrictions visible between 2.233 and 2.567 seconds suggest about the driving environment?
Prediction: The mix of highway signs and lane restrictions visible between 2.233 and 2.567 seconds suggests a busy urban environment with complex traffic conditions. The presence of multiple lanes, directional signs, and lane restrictions indicates that the road is likely part of a major city's transportation network, possibly in a densely populated area. The signs and restrictions are designed to manage traffic flow and ensure safety, reflecting the need for careful driving in a high-traffic setting.

[6/7] Category 6: cultural_language_inference
Question: Which specific city is suggested by the highway names FDR DR SOUTH and Harlem RIv Dr visible on the overhead gantry?
Prediction: The highway names FDR DR SOUTH and Harlem RIv Dr suggest that the city is New York.

[7/7] Category 7: entity_tracking_persistence
Question: For what time range is the lead blue vehicle with license plate FOD-3149 tracked at the beginning of the clip?
Prediction: The lead blue vehicle with license plate FOD-3149 is tracked from 0:00 to 0:03.

Saved predictions: benchmarks_results/results/Qwen3-VL-2B/VQA_Qwen3-VL-2B_948.json
Saved metrics: benchmarks_results/results/Qwen3-VL-2B/eval_results_948.csv

======================================================================
VIDEO 949
/home2/gagandeep/benchmark/videos/900/949.mp4
Questions: 7
======================================================================

[1/7] Category 1: spatial_ordinal_navigation
Question: What business name is located directly to the right of the building section displaying FAITH at 301-303?
Prediction: The business name located directly to the right of the building section displaying FAITH at 301-303 is K&W CHUNG.

[2/7] Category 2: entity_aggregation_semantic_filtering
Question: How many distinct license plates are mentioned in the text for parked vehicles?
Prediction: There are two distinct license plates mentioned in the text for parked vehicles: one on a black car and another on a white car.

[3/7] Category 3: temporal_sequencing_order
Question: What is the order in which the vehicle passes the FAITH storefront, the BBF PRINTING storefront, and the DOLLAR TREE plaza?
Prediction: The vehicle passes the FAITH storefront first, followed by the BBF PRINTING storefront, and then the DOLLAR TREE plaza.

[4/7] Category 4: navigational_reasoning_hazard_awareness
Question: What instructional text is displayed on the traffic post located on the sidewalk corner near the pedestrian?
Prediction: The traffic post on the sidewalk corner near the pedestrian displays the text "USE PEL SIGNAL".

[5/7] Category 5: semantic_area_inference
Question: What type of driving environment is suggested by the storefronts, promotional signs, and retail plaza visible in this clip?
Prediction: The driving environment suggests a commercial and urban setting, likely in a densely populated area with a mix of retail and business establishments. The presence of a "Dollar Tree" store, "BBF Printing & Signs," and "Auto Collision Special" indicates a focus on consumer goods and services, with a strong emphasis on retail and automotive services. The street is lined with parked cars and a variety of vehicles, suggesting a busy and active commercial zone. The presence of a "USE PETS SIGNAL" sign and a "CITY" sign further supports the idea of a well-developed urban area with a focus on both residential and commercial activity.

[6/7] Category 6: cultural_language_inference
Question: What language is used for all the visible storefront signs and promotional text in this clip?
Prediction: The visible storefront signs and promotional text in the clip are primarily in English.

[7/7] Category 7: entity_tracking_persistence
Question: During what time range does the DOLLAR TREE retail plaza and its entrance signs remain visible in the clip?
Prediction: The DOLLAR TREE retail plaza and its entrance signs remain visible from 0:00 to 0:03.

Saved predictions: benchmarks_results/results/Qwen3-VL-2B/VQA_Qwen3-VL-2B_949.json
Saved metrics: benchmarks_results/results/Qwen3-VL-2B/eval_results_949.csv

======================================================================
VIDEO 950
/home2/gagandeep/benchmark/videos/900/950.mp4
Questions: 7
======================================================================

[1/7] Category 1: spatial_ordinal_navigation
Question: What is the spatial position of CHECKSCASH relative to SHED as the vehicle moves forward?
Prediction: CHECKSCASH is located to the right of SHED as the vehicle moves forward.

[2/7] Category 2: entity_aggregation_semantic_filtering
Question: How many distinct, legible text instances are encountered by the vehicle between 4.0 and 7.0 seconds?
Prediction: 2

[3/7] Category 3: temporal_sequencing_order
Question: What is the order in which the storefronts SHED, boost, and CHECKSCASH are encountered as the vehicle moves forward?
Prediction: The order in which the storefronts are encountered is: SHED, then boost, then CHECKSCASH.

[4/7] Category 4: navigational_reasoning_hazard_awareness
Question: What explicit driving action is implied by the traffic regulator sign located to the right of the signboard displaying 4CAR?
Prediction: The traffic regulator sign located to the right of the signboard displaying 4CAR is a traffic light.

[5/7] Category 5: semantic_area_inference
Question: Based on the density of storefronts like SHED, boost, and MARKET, what kind of driving environment is depicted?
Prediction: The presence of multiple storefronts such as SHED, boost, and MARKET, along with a mix of vehicles and pedestrians, suggests a bustling urban environment. This indicates a densely populated area with a high concentration of commercial activity, likely in a city or suburban neighborhood with a mix of retail and residential spaces. The presence of a train line and a pedestrian crossing further supports the idea of a busy, active urban setting.

[6/7] Category 6: cultural_language_inference
Question: Which street name and phone area code suggest this clip is filmed in New York City?
Prediction: The street name "Rockaway Pkwy" and the phone area code "718" suggest this clip is filmed in New York City. The "Rockaway" part of the street name is a common identifier for the Rockaway Peninsula, a neighborhood in Queens, New York. The area code 718 is also typical for New York City, particularly for the borough of Queens.

[7/7] Category 7: entity_tracking_persistence
Question: At what timestamp does the vehicle pass the storefront of SHED, which is located to the right of CHECKSCASH?
Prediction: The vehicle passes the storefront of SHED, which is located to the right of CHECKSCASH, at 0.0 seconds.

Saved predictions: benchmarks_results/results/Qwen3-VL-2B/VQA_Qwen3-VL-2B_950.json
Saved metrics: benchmarks_results/results/Qwen3-VL-2B/eval_results_950.csv

======================================================================
VIDEO 951
/home2/gagandeep/benchmark/videos/900/951.mp4
Questions: 7
======================================================================

[1/7] Category 1: spatial_ordinal_navigation
Question: What text is displayed on the storefront extension directly to the right of the 4CARS decals?
Prediction: The text displayed on the storefront extension directly to the right of the 4CARS decals is "Green Village Supermarket."

[2/7] Category 2: entity_aggregation_semantic_filtering
Question: How many distinct, legible text instances are encountered by the vehicle between 2.2s and 2.9s?
Prediction: 3

[3/7] Category 3: temporal_sequencing_order
Question: What is the order of the first three text signs encountered on the right side of the street at the start of the clip?
Prediction: The first three text signs encountered on the right side of the street at the start of the clip are: 'Green Village Supermarket', 'Gulf', and 'Green Village'.

[4/7] Category 4: navigational_reasoning_hazard_awareness
Question: What directional instruction is displayed on a sign near the entrance of the gas station driveway?
Prediction: The sign near the entrance of the gas station driveway displays the instruction "KEEP RIGHT."

[5/7] Category 5: semantic_area_inference
Question: Based on the density of storefront signs, markets, and a gas station, what kind of driving environment is depicted?
Prediction: The driving environment depicted is a densely populated urban area with a mix of commercial and residential buildings. The presence of multiple storefronts, including a supermarket, a gas station, and various other businesses, suggests a bustling commercial district. The street is lined with parked cars and traffic signals, indicating a high level of vehicle activity. The architecture, including brick buildings and overhead structures, further supports the idea of a densely populated urban setting. Overall, the scene reflects a typical city environment with a mix of commercial activity and residential life.

[6/7] Category 6: cultural_language_inference
Question: Which visible phone number area code suggests the driving location is in New York City?
Prediction: The visible phone number area code that suggests the driving location is in New York City is 212. This area code is commonly associated with New York City and is often used for local phone numbers within the city.

[7/7] Category 7: entity_tracking_persistence
Question: On how many distinct storefronts does the text VILLAGE appear in the clip?
Prediction: The text "VILLAGE" appears in two distinct storefronts in the clip.

Saved predictions: benchmarks_results/results/Qwen3-VL-2B/VQA_Qwen3-VL-2B_951.json
Saved metrics: benchmarks_results/results/Qwen3-VL-2B/eval_results_951.csv

======================================================================
VIDEO 952
/home2/gagandeep/benchmark/videos/900/952.mp4
Questions: 7
======================================================================

[1/7] Category 1: spatial_ordinal_navigation
Question: What text is located directly beneath the motto "Common Sense Solutions To Your Environmental Concerns" on the service vehicle?
Prediction: The text located directly beneath the motto "Common Sense Solutions To Your Environmental Concerns" on the service vehicle is "24/7 Emergency Service."

[2/7] Category 2: entity_aggregation_semantic_filtering
Question: How many distinct text instances are printed on or designate the yellow school vehicle?
Prediction: The yellow school vehicle has the text "GARDEN SCHOOL" printed on its side. This is the only distinct text instance visible on the vehicle.

[3/7] Category 3: temporal_sequencing_order
Question: What is the chronological order in which the decals MOBILINK, 2626, and 379 CR become visible on the service vehicle?
Prediction: The decal MOBILINK appears first, followed by the decal 2626, and finally the decal 379 CR.

[4/7] Category 4: navigational_reasoning_hazard_awareness
Question: What text on the yellow school vehicle indicates an emergency designation?
Prediction: The text on the yellow school vehicle that indicates an emergency designation is "EMERGENCY SERVICE."

[5/7] Category 5: semantic_area_inference
Question: What type of driving environment is suggested by the presence of a school bus, pedestrians on a sidewalk, and a temporary garage sale sign?
Prediction: The presence of a school bus, pedestrians on a sidewalk, and a temporary garage sale sign suggests a typical urban or suburban driving environment with a mix of residential and commercial areas. The school bus indicates a school zone or a neighborhood with children, while the pedestrians and the garage sale sign suggest a community-oriented area with local businesses and activities.

[6/7] Category 6: cultural_language_inference
Question: Which telephone area codes visible on the vehicles suggest this clip was filmed in the New York metropolitan area?
Prediction: The telephone area codes visible on the vehicles suggest this clip was filmed in the New York metropolitan area. The white van has the area code 516, which is a common area code for New York City and its surrounding regions. Additionally, the yellow school bus has the area code 516, which is also associated with the New York metropolitan area. The presence of these area codes, along with the street signs and the overall urban environment, further supports the conclusion that the clip was filmed in the New York metropolitan area.

[7/7] Category 7: entity_tracking_persistence
Question: At what timestamp does the vehicle identification number 2626 first become clearly visible on the service vehicle?
Prediction: The vehicle identification number 2626 first becomes clearly visible on the service vehicle at timestamp 0.0 seconds.

Saved predictions: benchmarks_results/results/Qwen3-VL-2B/VQA_Qwen3-VL-2B_952.json
Saved metrics: benchmarks_results/results/Qwen3-VL-2B/eval_results_952.csv

======================================================================
VIDEO 953
/home2/gagandeep/benchmark/videos/900/953.mp4
Questions: 7
======================================================================

[1/7] Category 1: spatial_ordinal_navigation
Question: What sign is located directly below the REWARDS sign on the main promotion board?
Prediction: The sign located directly below the REWARDS sign on the main promotion board is the "GOLD STATUS" sign.

[2/7] Category 2: entity_aggregation_semantic_filtering
Question: How many distinct fuel price text instances are displayed on the gas station signs during the clip?
Prediction: There are two distinct fuel price text instances displayed on the gas station signs during the clip.

[3/7] Category 3: temporal_sequencing_order
Question: What is the chronological order in which the price signs showing 3591 and 359 are encountered?
Prediction: The price sign showing 3591 is encountered first, followed by the price sign showing 359.

[4/7] Category 4: navigational_reasoning_hazard_awareness
Question: Is there any directional or instructional text that a driver must act on near the Shell Gas Station?
Prediction: Yes, there is directional or instructional text near the Shell Gas Station. The sign indicates that the gas station is located at the intersection of 10th and 11th Streets. This information is crucial for drivers to navigate the area effectively.

[5/7] Category 5: semantic_area_inference
Question: What type of driving environment is suggested by the presence of a gas station, tire shop, and sheet metal business?
Prediction: The presence of a gas station, tire shop, and sheet metal business suggests a commercial and industrial area, likely in a suburban or urban setting. These businesses are common in areas with high traffic and a need for services related to vehicle maintenance and repair.

[6/7] Category 6: cultural_language_inference
Question: In what language is the text on the Action Sheetmetal building written?
Prediction: The text on the Action Sheetmetal building is written in English.

[7/7] Category 7: entity_tracking_persistence
Question: At what timestamp range do the flat fix related signs first become visible in the clip?
Prediction: The flat fix related signs first become visible in the clip at the timestamp range of 0.0 to 0.4 seconds.

Saved predictions: benchmarks_results/results/Qwen3-VL-2B/VQA_Qwen3-VL-2B_953.json
Saved metrics: benchmarks_results/results/Qwen3-VL-2B/eval_results_953.csv

======================================================================
VIDEO 954
/home2/gagandeep/benchmark/videos/900/954.mp4
Questions: 7
======================================================================

[1/7] Category 1: spatial_ordinal_navigation
Question: What is the spatial position of the text EXIT relative to the word Ave on the overhead sign?
Prediction: The text EXIT is located to the right of the word Ave on the overhead sign.

[2/7] Category 2: entity_aggregation_semantic_filtering
Question: How many distinct pieces of text are visible on the overhead green exit sign?
Prediction: There are three distinct pieces of text visible on the overhead green exit sign: "BROOKLYN", "ONLY", and "EXIT".

[3/7] Category 3: temporal_sequencing_order
Question: What is the order of events between passing the overhead exit sign and coming to a slow crawl behind the red sedan?
Prediction: The order of events is as follows: First, the car passes the overhead exit sign. Then, the car comes to a slow crawl behind the red sedan.

[4/7] Category 4: navigational_reasoning_hazard_awareness
Question: Based on the text on the overhead sign, what driving action is indicated for the lane below it?
Prediction: The overhead sign indicates that the lane below it is for "ONLY" vehicles. This means that only specific types of vehicles are allowed in that lane, and it is not open to all vehicles.

[5/7] Category 5: semantic_area_inference
Question: What type of driving environment is suggested by the overhead exit sign and the multi-lane road layout?
Prediction: The overhead exit sign and the multi-lane road layout suggest a highway or major road with multiple lanes for traffic flow, likely designed for high-speed travel and efficient movement of vehicles. This environment is typical of a major transportation corridor, such as a highway or expressway, where vehicles are expected to travel at higher speeds and follow designated lanes.

[6/7] Category 6: cultural_language_inference
Question: What language is used for the text on the overhead exit sign?
Prediction: The text on the overhead exit sign is in English.

[7/7] Category 7: entity_tracking_persistence
Question: At what timestamp does the text Bradley first become clearly displayed on the overhead sign?
Prediction: The text "Bradley" first becomes clearly displayed on the overhead sign at 0:01.

Saved predictions: benchmarks_results/results/Qwen3-VL-2B/VQA_Qwen3-VL-2B_954.json
Saved metrics: benchmarks_results/results/Qwen3-VL-2B/eval_results_954.csv

======================================================================
VIDEO 955
/home2/gagandeep/benchmark/videos/900/955.mp4
Questions: 7
======================================================================

[1/7] Category 1: spatial_ordinal_navigation
Question: What text is located directly below the word OVER on the weight limit sign to the left of Waterside Plaza?
Prediction: 4000

[2/7] Category 2: entity_aggregation_semantic_filtering
Question: How many distinct, legible text instances are encountered by the vehicle between 1.500 and 3.000 seconds?
Prediction: 4

[3/7] Category 3: temporal_sequencing_order
Question: What is the order of the signs encountered by the vehicle between 3.500 and 4.500 seconds?
Prediction: The vehicle encounters a green sign indicating "E 42 St" and another green sign indicating "E 34 St" between 3.500 and 4.500 seconds.

[4/7] Category 4: navigational_reasoning_hazard_awareness
Question: What warning text is displayed on the orange construction sign passed at 4.367 seconds?
Prediction: The orange construction sign displays the text "CONSTRUCTION" in white letters.

[5/7] Category 5: semantic_area_inference
Question: Based on the presence of multiple exit signs, route markers, and overpasses, what driving environment is depicted?
Prediction: The driving environment depicted is an urban cityscape with a mix of high-rise buildings, overpasses, and road signs indicating directions to major highways and streets. The presence of multiple exit signs and route markers suggests a well-organized and structured city infrastructure, likely in a major metropolitan area.

[6/7] Category 6: cultural_language_inference
Question: Which specific street names and route markers suggest this clip is filmed in New York City?
Prediction: The clip is filmed in New York City, as indicated by the street signs that read "E 42 St" and "E 34 St," which are common in the city's road system. Additionally, the presence of the "495" route marker, which is a major highway in New York, further supports this conclusion. The architectural style of the buildings and the overall urban environment are also consistent with New York City.

[7/7] Category 7: entity_tracking_persistence
Question: At what timestamp does the weight-limit sign containing the text 8000 Lbs first appear in view?
Prediction: The weight-limit sign containing the text '8000 Lbs' first appears in view at 0.0 seconds.

Saved predictions: benchmarks_results/results/Qwen3-VL-2B/VQA_Qwen3-VL-2B_955.json
Saved metrics: benchmarks_results/results/Qwen3-VL-2B/eval_results_955.csv

======================================================================
VIDEO 956
/home2/gagandeep/benchmark/videos/900/956.mp4
Questions: 7
======================================================================

[1/7] Category 1: spatial_ordinal_navigation
Question: What instruction is located directly to the left of the SERVICE signboard?
Prediction: The instruction located directly to the left of the SERVICE signboard is "FOR NORTH TRIPOD".

[2/7] Category 2: entity_aggregation_semantic_filtering
Question: How many distinct vehicle-mounted text instances are visible on the white transport van between 1.133s and 1.767s?
Prediction: 2

[3/7] Category 3: temporal_sequencing_order
Question: What is the order in which the overhead sign texts are encountered at the very beginning of the clip?
Prediction: The order in which the overhead sign texts are encountered at the very beginning of the clip is: "FOR NORT", "NORTH TRIB", "NORTH TRIB", "NORTH TRIB", "NORTH TRIB", "NORTH TRIB", "NORTH TRIB", "NORTH TRIB", "NORTH TRIB", "NORTH TRIB", "NORTH TRIB", "NORTH TRIB", "NORTH TRIB", "NORTH TRIB", "NORTH TRIB", "NORTH TRIB", "NORTH TRIB", "NORTH TRIB", "N

[4/7] Category 4: navigational_reasoning_hazard_awareness
Question: What weight limit restriction is displayed on the gantry to restrict vehicle weight?
Prediction: The weight limit restriction displayed on the gantry is 8000 lbs.

[5/7] Category 5: semantic_area_inference
Question: Based on the presence of overhead exit signs, lane-use restrictions, and weight limits, what type of driving environment is depicted?
Prediction: The driving environment depicted is a busy urban highway with multiple lanes, overhead exit signs, lane-use restrictions, and weight limits. This suggests a high-traffic area with strict regulations for vehicle size and weight, typical of a major city's highway system.

[6/7] Category 6: cultural_language_inference
Question: What specific city is indicated by the markings on the white transport van?
Prediction: The white transport van has the markings "NYC Children's Services" on its side, indicating that it is associated with the New York City Children's Services.

[7/7] Category 7: entity_tracking_persistence
Question: For what time range are the vehicle-mounted markings NYC, CHILDREN'S, SERVICES, DIV, and OF SOUTH AND FAMILY JUSTICE continuously visible on the white transport van?
Prediction: The vehicle-mounted markings NYC, CHILDREN'S, SERVICES, DIV, and OF SOUTH AND FAMILY JUSTICE are continuously visible on the white transport van from 0.0 seconds to 0.4 seconds.

Saved predictions: benchmarks_results/results/Qwen3-VL-2B/VQA_Qwen3-VL-2B_956.json
Saved metrics: benchmarks_results/results/Qwen3-VL-2B/eval_results_956.csv

======================================================================
VIDEO 957
/home2/gagandeep/benchmark/videos/900/957.mp4
Questions: 7
======================================================================

[1/7] Category 1: spatial_ordinal_navigation
Question: What green information board is located directly to the left of the yellow speed advisory sign displaying 15 M P H?
Prediction: The green information board located directly to the left of the yellow speed advisory sign displaying 15 M P H is the one that reads "EXIT 9" and "42 St" with "43 St" below it.

[2/7] Category 2: entity_aggregation_semantic_filtering
Question: How many vehicle-mounted text instances (such as license plates or vehicle tags) are visible between 1.2 and 1.767 seconds?
Prediction: 2

[3/7] Category 3: temporal_sequencing_order
Question: What is the order in which the orange construction warning sign, the yellow speed advisory sign, and the green overhead signs are encountered?
Prediction: The orange construction warning sign is encountered first, followed by the yellow speed advisory sign, and then the green overhead signs.

[4/7] Category 4: navigational_reasoning_hazard_awareness
Question: What warning text on the right side of the road indicates a hazard or construction ahead?
Prediction: The warning text on the right side of the road indicates a hazard or construction ahead. It reads "CITY WORK 15 MILE" and is accompanied by a yellow diamond-shaped sign with an arrow pointing to the right. This sign is typically used to alert drivers to upcoming construction or road work that may affect traffic flow.

[5/7] Category 5: semantic_area_inference
Question: Based on the presence of overhead exit signs, multiple highway lanes, and construction warning signs, what type of road is the vehicle traveling on?
Prediction: The vehicle is traveling on a highway.

[6/7] Category 6: cultural_language_inference
Question: Which specific city or region is suggested by the green information board displaying SUNY State College Optometry?
Prediction: The green information board displaying "SUNY State College Optometry" suggests that the location is in the United States, specifically in the state of New York. SUNY stands for State University of New York, which is a public university system in New York. The mention of "State College Optometry" indicates that the location is likely in a city or region where this institution is located, such as Albany, New York, or another city within the state.

[7/7] Category 7: entity_tracking_persistence
Question: During what specific time range are the overhead highway exit signs displaying EXIT 9, E 42 St, and RIGHT LANE visible in the clip?
Prediction: The overhead highway exit signs displaying EXIT 9, E 42 St, and RIGHT LANE are visible from 0:00 to 0:04.

Saved predictions: benchmarks_results/results/Qwen3-VL-2B/VQA_Qwen3-VL-2B_957.json
Saved metrics: benchmarks_results/results/Qwen3-VL-2B/eval_results_957.csv

======================================================================
VIDEO 958
/home2/gagandeep/benchmark/videos/900/958.mp4
Questions: 7
======================================================================

[1/7] Category 1: spatial_ordinal_navigation
Question: What parking sign text is located to the left of the license registration AT * 665J?
Prediction: The parking sign text located to the left of the license registration AT * 665J is "PARK".

[2/7] Category 2: entity_aggregation_semantic_filtering
Question: How many distinct text instances are located on the automotive service building on the left side of the street?
Prediction: There are 2 distinct text instances on the automotive service building on the left side of the street.

[3/7] Category 3: temporal_sequencing_order
Question: What is the chronological order of the first three text instances encountered on the right side of the street?
Prediction: The first three text instances encountered on the right side of the street, in chronological order, are: 'FAME', 'SUNSET', and 'THE DISPLAYERS'.

[4/7] Category 4: navigational_reasoning_hazard_awareness
Question: What text on a regulatory traffic sign indicates a driving constraint or instruction across from the DAK sign?
Prediction: The text on the regulatory traffic sign that indicates a driving constraint or instruction across from the DAK sign is "No Parking."

[5/7] Category 5: semantic_area_inference
Question: What type of driving environment is suggested by the storefronts, digital billboards, and commercial signs?
Prediction: The driving environment is a bustling urban area with a mix of commercial and modern architecture. The presence of storefronts, digital billboards, and commercial signs suggests a vibrant city center with a focus on commerce and modern design.

[6/7] Category 6: cultural_language_inference
Question: Which state and city are suggested by the phone number area code and inspection sign text?
Prediction: The phone number area code 212 suggests New York City, and the inspection sign text "N.Y. INSPECTION STATION" further confirms the location as New York City.

[7/7] Category 7: entity_tracking_persistence
Question: For what time range are the digital billboard texts THE, DISPLAYERS, and Snycom tracked at the start of the clip?
Prediction: The digital billboard texts THE, DISPLAYERS, and Snycom are tracked from 0.0 to 0.3 seconds.

Saved predictions: benchmarks_results/results/Qwen3-VL-2B/VQA_Qwen3-VL-2B_958.json
Saved metrics: benchmarks_results/results/Qwen3-VL-2B/eval_results_958.csv

======================================================================
VIDEO 959
/home2/gagandeep/benchmark/videos/900/959.mp4
Questions: 7
======================================================================

[1/7] Category 1: spatial_ordinal_navigation
Question: What text is visible on the green utility post located to the left of the OUTFRONT media branding?
Prediction: The text visible on the green utility post is "GATE C".

[2/7] Category 2: entity_aggregation_semantic_filtering
Question: How many distinct text instances are visible on the vehicles in the active roadway lanes?
Prediction: There are 3 distinct text instances visible on the vehicles in the active roadway lanes.

[3/7] Category 3: temporal_sequencing_order
Question: In what order does the vehicle encounter the text on the construction fence, the FDNY SUV, and the garbage truck?
Prediction: The vehicle encounters the text on the construction fence first, followed by the FDNY SUV, and then the garbage truck.

[4/7] Category 4: navigational_reasoning_hazard_awareness
Question: What warning text is displayed on the rear right side of the silver garbage truck?
Prediction: The warning text displayed on the rear right side of the silver garbage truck is "2500-101".

[5/7] Category 5: semantic_area_inference
Question: What type of driving environment is suggested by the presence of a construction fence, municipal vehicles, and a large billboard?
Prediction: The driving environment is urban, with a mix of construction activity, municipal vehicles, and a large billboard. This suggests a busy city street with ongoing development and commercial activity.

[6/7] Category 6: cultural_language_inference
Question: Which text on the emergency SUV suggests the clip is filmed in New York City?
Prediction: The text on the emergency SUV that suggests the clip is filmed in New York City is "946". This number is commonly associated with the NYPD's emergency response unit, which is a key part of the city's emergency services.

[7/7] Category 7: entity_tracking_persistence
Question: During which time range is the billboard text simple ingredients not a lot of sugar visible?
Prediction: The billboard text "simple ingredients, not a lot of sugar" is visible from 0:00 to 0:01.

Saved predictions: benchmarks_results/results/Qwen3-VL-2B/VQA_Qwen3-VL-2B_959.json
Saved metrics: benchmarks_results/results/Qwen3-VL-2B/eval_results_959.csv

======================================================================
VIDEO 960
/home2/gagandeep/benchmark/videos/900/960.mp4
Questions: 7
======================================================================

[1/7] Category 1: spatial_ordinal_navigation
Question: What is the spatial position of the SCHOOL road marking relative to the SLOW road marking as the vehicle moves forward?
Prediction: The SCHOOL road marking is located ahead of the SLOW road marking as the vehicle moves forward.

[2/7] Category 2: entity_aggregation_semantic_filtering
Question: How many yellow road markings are painted on the asphalt of this residential street?
Prediction: There are two yellow road markings painted on the asphalt of this residential street.

[3/7] Category 3: temporal_sequencing_order
Question: What is the chronological order in which the yellow road markings are passed by the vehicle between 3.00 and 7.50 seconds?
Prediction: The yellow road markings are passed by the vehicle in the following chronological order: first, the "SCHOOL" marking, then the "SLOW" marking, and finally the "SCHOOL" marking again.

[4/7] Category 4: navigational_reasoning_hazard_awareness
Question: What warning or instructional text is painted on the road surface to advise the driver to reduce speed?
Prediction: The road surface has the word "SLOW" painted in yellow, indicating that drivers should reduce their speed.

[5/7] Category 5: semantic_area_inference
Question: Based on the road markings indicating a school crossing and the surrounding buildings, what type of driving environment is depicted?
Prediction: The driving environment depicted is a residential neighborhood with a mix of single-family homes and multi-story buildings. The presence of school crossing signs and the layout of the street suggest a safe and well-organized area, likely in a suburban or urban residential setting. The road markings and the presence of parked cars indicate a typical urban or suburban street with a focus on safety and community.

[6/7] Category 6: cultural_language_inference
Question: What language is used for the road markings painted on the asphalt?
Prediction: The road markings painted on the asphalt are in English.

[7/7] Category 7: entity_tracking_persistence
Question: At what timestamp does the vehicle roll over the yellow road marking SCHOOL?
Prediction: The vehicle rolls over the yellow road marking SCHOOL at 0.0 seconds.

Saved predictions: benchmarks_results/results/Qwen3-VL-2B/VQA_Qwen3-VL-2B_960.json
Saved metrics: benchmarks_results/results/Qwen3-VL-2B/eval_results_960.csv

======================================================================
VIDEO 961
/home2/gagandeep/benchmark/videos/900/961.mp4
Questions: 7
======================================================================

[1/7] Category 1: spatial_ordinal_navigation
Question: What text is located directly below Sheridan Expwy on the right overhead signboard?
Prediction: RFK Br

[2/7] Category 2: entity_aggregation_semantic_filtering
Question: How many distinct text instances are visible on the left overhead signboard between 1.833 seconds and 3.967 seconds?
Prediction: There are 4 distinct text instances visible on the left overhead signboard between 1.833 seconds and 3.967 seconds.

[3/7] Category 3: temporal_sequencing_order
Question: What is the order in which the overhead signs, the yellow warning sign, and the speed limit sign are encountered?
Prediction: The overhead signs are encountered first, followed by the yellow warning sign, and then the speed limit sign.

[4/7] Category 4: navigational_reasoning_hazard_awareness
Question: What text on the left concrete barrier indicates a speed restriction near the end of the clip?
Prediction: The text on the left concrete barrier indicates a speed limit of 45 mph.

[5/7] Category 5: semantic_area_inference
Question: What type of road environment is suggested by the presence of multiple overhead guide signs, exit indicators, and highway numbers?
Prediction: The presence of multiple overhead guide signs, exit indicators, and highway numbers suggests a well-organized and structured highway environment. This indicates that the road is likely part of a major transportation network, designed to efficiently guide drivers through various routes and destinations. The signs are strategically placed to provide clear directions and help drivers navigate the highway with ease.

[6/7] Category 6: cultural_language_inference
Question: Which specific bridge names visible on the overhead signs suggest this clip is filmed in the New York City region?
Prediction: The bridge names visible on the overhead signs are "Crosstown Expressway" and "Throgs Neck Bridge." These are well-known landmarks in the New York City region, particularly in the Bronx and Queens areas. The "Crosstown Expressway" is a major highway in the Bronx, and the "Throgs Neck Bridge" is a significant bridge connecting the Bronx to the Queens. These signs are typical of the area's infrastructure and are commonly seen in the vicinity of the Bronx and Queens.

[7/7] Category 7: entity_tracking_persistence
Question: During what specific time range do the overhead green guide signs remain continuously visible in the clip?
Prediction: The overhead green guide signs remain continuously visible from the beginning of the clip at 0:00 to 0:03.

Saved predictions: benchmarks_results/results/Qwen3-VL-2B/VQA_Qwen3-VL-2B_961.json
Saved metrics: benchmarks_results/results/Qwen3-VL-2B/eval_results_961.csv

======================================================================
VIDEO 962
/home2/gagandeep/benchmark/videos/900/962.mp4
Questions: 7
======================================================================

[1/7] Category 1: spatial_ordinal_navigation
Question: What text is located to the right of the ONLY lane marking?
Prediction: SCHOOL

[2/7] Category 2: entity_aggregation_semantic_filtering
Question: How many vehicle-mounted text instances are visible in this clip?
Prediction: 2

[3/7] Category 3: temporal_sequencing_order
Question: What is the order of encounter for the text instances AHEAD, SCHOOL, and Hampton Inv between 3.767s and 4.433s?
Prediction: AHEAD, SCHOOL, Hampton Inv

[4/7] Category 4: navigational_reasoning_hazard_awareness
Question: What regulatory text indicating a driving constraint is visible between the Starbucks Coffee storefront and the Diner outlet?
Prediction: The regulatory text visible is "SCHOOL".

[5/7] Category 5: semantic_area_inference
Question: What type of environment does the high density of storefronts and business signs suggest?
Prediction: The high density of storefronts and business signs suggests a bustling urban environment, likely a city center or a densely populated commercial district. This type of environment is typical of metropolitan areas where businesses are concentrated to serve a large number of customers and support a vibrant economy.

[6/7] Category 6: cultural_language_inference
Question: What language is the text on the storefronts and street signs written in?
Prediction: The text on the storefronts and street signs is written in English.

[7/7] Category 7: entity_tracking_persistence
Question: For what time range is the ONLY lane marking visible in the clip?
Prediction: The ONLY lane marking is visible from 0.0 to 0.4 seconds.

Saved predictions: benchmarks_results/results/Qwen3-VL-2B/VQA_Qwen3-VL-2B_962.json
Saved metrics: benchmarks_results/results/Qwen3-VL-2B/eval_results_962.csv

======================================================================
VIDEO 963
/home2/gagandeep/benchmark/videos/900/963.mp4
Questions: 7
======================================================================

[1/7] Category 1: spatial_ordinal_navigation
Question: What text is visible on the orange sign located to the left of the EXIT 3 marker across the lanes?
Prediction: SPEED LIMIT 35

[2/7] Category 2: entity_aggregation_semantic_filtering
Question: How many distinct text instances are displayed on the billboard that comes into view around 4.7 seconds?
Prediction: There are 3 distinct text instances displayed on the billboard that comes into view around 4.7 seconds.

[3/7] Category 3: temporal_sequencing_order
Question: What is the order in which the overhead signs for E 138 St and E 161 St are encountered as the vehicle moves forward?
Prediction: The overhead signs for E 138 St and E 161 St are encountered in the following order: first, the sign for E 138 St, followed by the sign for E 161 St.

[4/7] Category 4: navigational_reasoning_hazard_awareness
Question: What speed limit constraint is indicated by the regulatory sign passed on the left shoulder at 1.867 seconds?
Prediction: The regulatory sign passed on the left shoulder at 1.867 seconds indicates a speed limit of 35 mph.

[5/7] Category 5: semantic_area_inference
Question: Based on the presence of overhead signs for E 138 St and E 161 St, what type of driving environment is depicted?
Prediction: The presence of overhead signs for E 138 St and E 161 St indicates that the driving environment is a major urban highway with multiple lanes and significant traffic flow. This suggests a busy, high-traffic area, likely in a densely populated city or metropolitan region.

[6/7] Category 6: cultural_language_inference
Question: Which specific street and bridge names visible on the overhead signs suggest this clip is filmed in New York City?
Prediction: The overhead signs indicate "E 138 St" and "E 161 St," which are known as East 138th Street and East 161st Street, respectively. These are major streets in New York City. Additionally, the sign for "Macombs Dam Br" suggests the location is near the Macombs Dam, a well-known landmark in the city. The combination of these street names and the bridge name points to the location being in New York City.

[7/7] Category 7: entity_tracking_persistence
Question: At what timestamp do the signs displaying 1 MILE, EXIT, and EXIT 3 become fully legible?
Prediction: The signs displaying 1 MILE, EXIT, and EXIT 3 become fully legible at 0:03.

Saved predictions: benchmarks_results/results/Qwen3-VL-2B/VQA_Qwen3-VL-2B_963.json
Saved metrics: benchmarks_results/results/Qwen3-VL-2B/eval_results_963.csv

======================================================================
VIDEO 964
/home2/gagandeep/benchmark/videos/900/964.mp4
Questions: 7
======================================================================

[1/7] Category 1: spatial_ordinal_navigation
Question: What overhead sign is located to the right of the exit sign for E 138 St?
Prediction: The overhead sign located to the right of the exit sign for E 138 St is for E 161 St.

[2/7] Category 2: entity_aggregation_semantic_filtering
Question: How many distinct text instances are mounted on the white commercial pickup truck?
Prediction: There are 4 distinct text instances mounted on the white commercial pickup truck.

[3/7] Category 3: temporal_sequencing_order
Question: What text is visible on the left side of the highway right before the vehicle passes the green pedestrian overpass?
Prediction: The text visible on the left side of the highway right before the vehicle passes the green pedestrian overpass is "NO TRUCKS BUSES TRAILERS LEFT LANE".

[4/7] Category 4: navigational_reasoning_hazard_awareness
Question: What text on the concrete median barrier restricts certain vehicles from using the left lane?
Prediction: The text on the concrete median barrier reads "NO TRUCKS BUSES TRAILERS LEFT LANE."

[5/7] Category 5: semantic_area_inference
Question: Based on the presence of overhead exit signs, route shields, and speed limit signs, what kind of driving environment does this clip depict?
Prediction: The clip depicts a busy urban highway environment, likely in a city or metropolitan area. The presence of multiple lanes, overhead exit signs, route shields, and speed limit signs indicates a well-organized and regulated traffic system. The vehicles, including trucks and cars, are moving in a structured manner, suggesting a high volume of traffic typical of a major city. The surrounding greenery and buildings further support the urban setting.

[6/7] Category 6: cultural_language_inference
Question: Which street names and bridge names visible in the clip suggest the setting is in New York City?
Prediction: The street names and bridge names visible in the clip suggest the setting is in New York City. The signs indicate "E 138 St" and "E 161 St," which are common street names in New York City. Additionally, the bridge name "Macombs Dam Bridge" is a well-known landmark in the city. The presence of these specific street and bridge names, along with the overall urban environment, strongly supports the conclusion that the location is in New York City.

[7/7] Category 7: entity_tracking_persistence
Question: For what time range is the white pickup truck's contact number visible in the clip?
Prediction: The white pickup truck's contact number is visible from 0:02 to 0:04.

Saved predictions: benchmarks_results/results/Qwen3-VL-2B/VQA_Qwen3-VL-2B_964.json
Saved metrics: benchmarks_results/results/Qwen3-VL-2B/eval_results_964.csv

======================================================================
VIDEO 965
/home2/gagandeep/benchmark/videos/900/965.mp4
Questions: 7
======================================================================

[1/7] Category 1: spatial_ordinal_navigation
Question: What text is located directly to the right of the word BUSES on the regulatory sign?
Prediction: TRAILERS

[2/7] Category 2: entity_aggregation_semantic_filtering
Question: How many distinct license plates are visible on vehicles in this video clip?
Prediction: There are 4 distinct license plates visible on vehicles in this video clip.

[3/7] Category 3: temporal_sequencing_order
Question: In what order does the driver encounter the text TRUCKS, Macombs Dam Br, and EXIT as the vehicle travels forward?
Prediction: The driver encounters the text TRUCKS first, followed by Macombs Dam Br, and then EXIT as the vehicle travels forward.

[4/7] Category 4: navigational_reasoning_hazard_awareness
Question: What specific text on the regulatory sign on the left side of the road restricts certain vehicles from the left lane?
Prediction: The regulatory sign on the left side of the road reads "NO TRUCKS BUSES TRAILERS LEFT".

[5/7] Category 5: semantic_area_inference
Question: Based on the presence of regulatory lane signs, overhead exit gantry signs, and multiple lanes of traffic, what type of road is the vehicle traveling on?
Prediction: The vehicle is traveling on a highway. This is indicated by the presence of regulatory lane signs, overhead exit gantry signs, and multiple lanes of traffic, which are typical features of a highway.

[6/7] Category 6: cultural_language_inference
Question: What regional location in New York is suggested by the overhead exit signage text?
Prediction: The overhead exit signage text suggests that the location is near Macombs Dam, which is a well-known area in the Hudson Valley region of New York.

[7/7] Category 7: entity_tracking_persistence
Question: At what timestamp does the yellow advisory exit sign displaying EXIT first come clearly into view, and what text is located directly below it?
Prediction: The yellow advisory exit sign displaying EXIT first comes clearly into view at 0:00. The text located directly below it is "E 161 St".

Saved predictions: benchmarks_results/results/Qwen3-VL-2B/VQA_Qwen3-VL-2B_965.json
Saved metrics: benchmarks_results/results/Qwen3-VL-2B/eval_results_965.csv

======================================================================
VIDEO 966
/home2/gagandeep/benchmark/videos/900/966.mp4
Questions: 7
======================================================================

[1/7] Category 1: spatial_ordinal_navigation
Question: What is the spatial position of Hilltop Mall relative to DISTRICT as the vehicle moves forward?
Prediction: Hilltop Mall is located to the left of DISTRICT as the vehicle moves forward.

[2/7] Category 2: entity_aggregation_semantic_filtering
Question: How many distinct text instances are visible on the wooden directional sign on the left shoulder?
Prediction: There are 3 distinct text instances visible on the wooden directional sign on the left shoulder.

[3/7] Category 3: temporal_sequencing_order
Question: Which text instances are encountered 1st and 2nd on the wooden sign at 0.77 seconds before the others become visible?
Prediction: The text instances encountered 1st and 2nd on the wooden sign at 0.77 seconds before the others become visible are 'HILLTOP' and 'HILLTOP'.

[4/7] Category 4: navigational_reasoning_hazard_awareness
Question: What directional destinations are listed on the wooden sign on the left shoulder to guide the driver?
Prediction: The wooden sign on the left shoulder lists the following directional destinations: "Hilltop," "Hilltop Park," "Hilltop Lake," and "Hilltop Drive."

[5/7] Category 5: semantic_area_inference
Question: What does the mix of text on the wooden sign suggest about the surrounding area?
Prediction: The mix of text on the wooden sign suggests that the surrounding area is a residential or suburban neighborhood. The sign likely indicates the name of the neighborhood or a specific property, and the presence of a mix of text could imply a blend of different languages or a community with diverse cultural influences. This could also suggest that the area is well-maintained and possibly has a mix of residents from different backgrounds.

[6/7] Category 6: cultural_language_inference
Question: What language is the text on the wooden directional sign written in?
Prediction: The text on the wooden directional sign is written in English.

[7/7] Category 7: entity_tracking_persistence
Question: At what timestamp does the text HILLTOP first become legible on the wooden sign?
Prediction: The text HILLTOP first becomes legible on the wooden sign at 0:00.

Saved predictions: benchmarks_results/results/Qwen3-VL-2B/VQA_Qwen3-VL-2B_966.json
Saved metrics: benchmarks_results/results/Qwen3-VL-2B/eval_results_966.csv

======================================================================
VIDEO 967
/home2/gagandeep/benchmark/videos/900/967.mp4
Questions: 7
======================================================================

[1/7] Category 1: spatial_ordinal_navigation
Question: What text is located directly to the left of MARTIAL?
Prediction: ARTS

[2/7] Category 2: entity_aggregation_semantic_filtering
Question: How many distinct text instances containing numbers are associated with the EL TEQ storefront?
Prediction: 2

[3/7] Category 3: temporal_sequencing_order
Question: What is the order in which the signs for DENTIST, CHURCH, and BUSES ONLY are encountered between 1.3s and 2.8s?
Prediction: The order in which the signs are encountered is DENTIST, then CHURCH, then BUSES ONLY.

[4/7] Category 4: navigational_reasoning_hazard_awareness
Question: What text on the signs near the DENTIST sign constrains vehicle movement or lane usage?
Prediction: The text on the signs near the DENTIST sign includes "MARTIAL ARTS" and "HALAL DENTIST," which are likely to constrain vehicle movement or lane usage by indicating specific business types or services. The "MARTIAL ARTS" sign might suggest that the area is a place for martial arts training, possibly restricting vehicle access or usage for certain activities. The "HALAL DENTIST" sign indicates a religious or dietary requirement, which may influence vehicle movement or lane usage, especially if the area is designated for specific services or if the dentist is operating under a religious or cultural requirement.

[5/7] Category 5: semantic_area_inference
Question: Based on the density and type of legible text, such as MARTIAL ARTS, HALAL, and PARA TI, what kind of driving environment does this clip depict?
Prediction: The clip depicts a densely populated urban environment with a mix of commercial and residential buildings. The presence of multiple businesses, including a martial arts studio, a halal restaurant, and a Colombian restaurant, suggests a diverse cultural and ethnic community. The street is busy with vehicles and pedestrians, indicating a high level of activity. The clear visibility of the text on signs and storefronts further supports the idea of a vibrant, bustling city area.

[6/7] Category 6: cultural_language_inference
Question: What regional location is suggested by the area codes in the phone numbers on the storefronts?
Prediction: The area codes in the phone numbers on the storefronts suggest that the location is in the United States, specifically in the New York area. The area code 718 is commonly associated with New York City, and the phone numbers are likely from a local business in that region.

[7/7] Category 7: entity_tracking_persistence
Question: At what timestamp does the license plate AC-91331 first become legible in the clip?
Prediction: The license plate AC-91331 first becomes legible at 0:01.

Saved predictions: benchmarks_results/results/Qwen3-VL-2B/VQA_Qwen3-VL-2B_967.json
Saved metrics: benchmarks_results/results/Qwen3-VL-2B/eval_results_967.csv

======================================================================
VIDEO 968
/home2/gagandeep/benchmark/videos/900/968.mp4
Questions: 7
======================================================================

[1/7] Category 1: spatial_ordinal_navigation
Question: What regulatory sign is located directly below the street signs for Hancock and Evergreen?
Prediction: The regulatory sign located directly below the street signs for Hancock and Evergreen is a stop sign.

[2/7] Category 2: entity_aggregation_semantic_filtering
Question: How many distinct text instances in this scene represent storefront names, commercial advertisements, or business contact details?
Prediction: 3

[3/7] Category 3: temporal_sequencing_order
Question: What is the order of appearance for the regulatory ONE WAY sign, the signboard FOODCORP., and the contact number 718-443-7192?
Prediction: The regulatory ONE WAY sign appears first, followed by the signboard FOODCORP., and finally the contact number 718-443-7192.

[4/7] Category 4: navigational_reasoning_hazard_awareness
Question: Based on the visible text, what driving action is implied at the starting intersection?
Prediction: The driving action implied at the starting intersection is to stop. This is indicated by the "STOP" sign and the painted "STOP" markings on the road.

[5/7] Category 5: semantic_area_inference
Question: Based on the density of storefront signs, food advertisements, and street signs, what kind of driving environment is depicted?
Prediction: The driving environment depicted is a densely populated urban area with a mix of commercial and residential buildings. The presence of multiple storefronts, food advertisements, and street signs suggests a bustling neighborhood with a high concentration of businesses and activity. The street signs and the layout of the road indicate a well-organized urban setting, likely in a city or town with a strong local economy. The presence of a food court and a variety of shops suggests a vibrant community with a focus on local commerce and dining. The overall scene is indicative of a busy, active urban environment.

[6/7] Category 6: cultural_language_inference
Question: Which specific text instance suggests the region or city where this clip was recorded?
Prediction: The text instance that suggests the region or city where this clip was recorded is "Narajos".

[7/7] Category 7: entity_tracking_persistence
Question: During which time range do the street signs for Hancock and Evergreen come into clearer view?
Prediction: The street signs for Hancock and Evergreen come into clearer view during the time range of 0.0 to 0.3 seconds.

Saved predictions: benchmarks_results/results/Qwen3-VL-2B/VQA_Qwen3-VL-2B_968.json
Saved metrics: benchmarks_results/results/Qwen3-VL-2B/eval_results_968.csv

======================================================================
VIDEO 969
/home2/gagandeep/benchmark/videos/900/969.mp4
Questions: 7
======================================================================

[1/7] Category 1: spatial_ordinal_navigation
Question: What readable text is located directly to the right of the text Prospect?
Prediction: Expwy

[2/7] Category 2: entity_aggregation_semantic_filtering
Question: How many distinct, legible text instances first come into view or are detected between 2.1 and 2.8 seconds?
Prediction: 2

[3/7] Category 3: temporal_sequencing_order
Question: What is the order of detection for the signs Prospect and EXIT 24?
Prediction: The sign for Prospect is detected before the sign for EXIT 24.

[4/7] Category 4: navigational_reasoning_hazard_awareness
Question: What specific vehicle types are restricted from the left lane according to the white regulatory sign?
Prediction: The white regulatory sign indicates that trucks and trailers are restricted from the left lane.

[5/7] Category 5: semantic_area_inference
Question: What does the mix of directional signs, exit indicators, and lane restrictions suggest about the driving environment?
Prediction: The mix of directional signs, exit indicators, and lane restrictions suggests a busy urban or suburban highway environment. The presence of multiple lanes, clear exit signs, and lane-specific restrictions (such as "No Trucks" and "Trucks Buses Trailers Left Lane") indicates that the road is designed to handle a high volume of traffic, likely in a densely populated area. The signs are likely used to guide drivers efficiently through the route, ensuring safety and order in a complex traffic environment. The presence of a cityscape in the background further supports the idea that this is a major thoroughfare within a metropolitan area.

[6/7] Category 6: cultural_language_inference
Question: Which specific bridge and island names visible on the directional signs suggest the vehicle is in the New York City area?
Prediction: The directional signs indicate the vehicle is on the Verrazano Bridge and Staten Island, which are located in New York City.

[7/7] Category 7: entity_tracking_persistence
Question: At what timestamp does the distant skyline advertisement text PEPSI first become visible?
Prediction: The distant skyline advertisement text PEPSI first becomes visible at 0:01.

Saved predictions: benchmarks_results/results/Qwen3-VL-2B/VQA_Qwen3-VL-2B_969.json
Saved metrics: benchmarks_results/results/Qwen3-VL-2B/eval_results_969.csv

======================================================================
VIDEO 970
/home2/gagandeep/benchmark/videos/900/970.mp4
Questions: 7
======================================================================

[1/7] Category 1: spatial_ordinal_navigation
Question: What landmark destination is located directly below the highway number 278?
Prediction: The landmark destination located directly below highway number 278 is Prospect Expressway.

[2/7] Category 2: entity_aggregation_semantic_filtering
Question: How many distinct highway sign text instances are described on the large overhead gantry?
Prediction: There are 3 distinct highway sign text instances described on the large overhead gantry.

[3/7] Category 3: temporal_sequencing_order
Question: In what order do the highway number 278 and the airport destination JFK become clearly legible as the vehicle moves forward?
Prediction: The highway number 278 becomes clearly legible first, followed by the airport destination JFK.

[4/7] Category 4: navigational_reasoning_hazard_awareness
Question: Based on the overhead gantry signs, what explicit exit number is indicated for drivers wishing to transition to the Prospect Expwy?
Prediction: The overhead gantry sign indicates that the exit number for Prospect Expwy is 27.

[5/7] Category 5: semantic_area_inference
Question: What type of driving environment is suggested by the presence of a multi-lane divided highway and a massive overhead gantry with highway numbers and exit signs?
Prediction: The presence of a multi-lane divided highway and a massive overhead gantry with highway numbers and exit signs suggests a high-traffic urban or suburban area with a well-developed transportation infrastructure. This environment is typical of a major city or a densely populated region where efficient traffic management is crucial. The gantry indicates that the highway is part of a larger network, likely serving as a key route for commuting, travel, or freight movement. The infrastructure is designed to handle a high volume of vehicles, and the presence of multiple lanes and clear signage ensures safety and ease of navigation for drivers.

[6/7] Category 6: cultural_language_inference
Question: Do any landmark destinations or highway labels suggest a specific metropolitan area or region for this highway?
Prediction: Yes, the highway signs indicate that this is the New Jersey Turnpike, a major highway in the United States. The signs also mention "Verrazano Bridge" and "Staten Island," which are landmarks in New York City, suggesting that the highway is likely in the New York metropolitan area.

[7/7] Category 7: entity_tracking_persistence
Question: At what timestamp does the airport destination indicator JFK first become clearly legible on the sign?
Prediction: The airport destination indicator JFK first becomes clearly legible on the sign at 0:03.

Saved predictions: benchmarks_results/results/Qwen3-VL-2B/VQA_Qwen3-VL-2B_970.json
Saved metrics: benchmarks_results/results/Qwen3-VL-2B/eval_results_970.csv

======================================================================
VIDEO 971
/home2/gagandeep/benchmark/videos/900/971.mp4
Questions: 7
======================================================================

[1/7] Category 1: spatial_ordinal_navigation
Question: What text is displayed on the overhead sign adjacent to the Prospect Expwy sign?
Prediction: The text on the overhead sign adjacent to the Prospect Expwy sign reads "New York City" and "New York City."

[2/7] Category 2: entity_aggregation_semantic_filtering
Question: How many distinct text instances are displayed on the roadside billboard on the right side of the highway?
Prediction: There are 3 distinct text instances on the roadside billboard on the right side of the highway.

[3/7] Category 3: temporal_sequencing_order
Question: What is the order in which the license plate, the billboard text, and the overhead highway signs are first encountered in the clip?
Prediction: The license plate is first encountered, followed by the billboard text, and then the overhead highway signs.

[4/7] Category 4: navigational_reasoning_hazard_awareness
Question: Based on the overhead signs, what direction should a driver follow for the Prospect Expwy?
Prediction: The overhead signs indicate that the Prospect Expwy is to the right.

[5/7] Category 5: semantic_area_inference
Question: Based on the presence of overhead exit signs, a steel guardrail, and a license plate, what type of driving environment is depicted?
Prediction: The driving environment depicted is a highway or major road with multiple lanes, likely in a city or suburban area. The presence of overhead exit signs indicates a well-organized, possibly urban or suburban, roadway system. The steel guardrail is typical of highway or elevated roadways, providing safety and structural support. The license plate is visible, which is common in such environments. The overall scene suggests a busy, high-traffic area with multiple lanes and infrastructure designed for high-speed travel.

[6/7] Category 6: cultural_language_inference
Question: Do any names on the overhead highway signs suggest a specific region, and what text supports this?
Prediction: Yes, the overhead highway signs suggest a specific region. The sign reads "New York" and "New Jersey," indicating that the highway is likely in the New York/New Jersey area. This is supported by the presence of the "New York" sign, which is a common identifier for the region.

[7/7] Category 7: entity_tracking_persistence
Question: At what timestamp does the billboard slogan More Saving, More doing. first become clearly visible?
Prediction: The billboard slogan "More Saving, More Doing." first becomes clearly visible at 0:00.

Saved predictions: benchmarks_results/results/Qwen3-VL-2B/VQA_Qwen3-VL-2B_971.json
Saved metrics: benchmarks_results/results/Qwen3-VL-2B/eval_results_971.csv

======================================================================
VIDEO 972
/home2/gagandeep/benchmark/videos/900/972.mp4
Questions: 7
======================================================================

[1/7] Category 1: spatial_ordinal_navigation
Question: What is the spatial position of the regulatory text MON WED FRI relative to the commercial sign VIDE?
Prediction: The regulatory text MON WED FRI is located above the commercial sign VIDE.

[2/7] Category 2: entity_aggregation_semantic_filtering
Question: How many distinct pieces of vehicle-mounted text are visible on the dark grey pickup truck?
Prediction: There are two distinct pieces of vehicle-mounted text visible on the dark grey pickup truck: the brand name "Ford" and the model name "F-150".

[3/7] Category 3: temporal_sequencing_order
Question: In what order do the markings F150, 4X4, and P150 on the pickup truck become visible?
Prediction: The markings F150, 4X4, and P150 on the pickup truck become visible in the following order: F150 first, followed by 4X4, and then P150.

[4/7] Category 4: navigational_reasoning_hazard_awareness
Question: What text on the regulatory sign near the commercial building constrains parking actions?
Prediction: The regulatory sign near the commercial building reads "AUTHORIZED TRAVEL VEHICLE."

[5/7] Category 5: semantic_area_inference
Question: What does the mix of commercial signs and parking regulations suggest about the driving environment?
Prediction: The mix of commercial signs and parking regulations suggests a busy urban environment with a high density of commercial activity. The presence of signs like "AUTHORIZED VEHICLE" and "AUTHORIZED PARKING" indicates that the area is likely regulated and managed for traffic and parking, which is common in city centers. The commercial signs suggest that the area is frequented by businesses, possibly contributing to the high volume of vehicles and pedestrians. This combination of commercial activity and traffic regulation points to a bustling city environment where both commerce and transportation are significant.

[6/7] Category 6: cultural_language_inference
Question: What language is used for the text on the regulatory parking sign and the commercial building?
Prediction: The text on the regulatory parking sign and the commercial building is in English.

[7/7] Category 7: entity_tracking_persistence
Question: At what timestamp does the STREET CLEANING sign first become clearly readable in the clip?
Prediction: The STREET CLEANING sign first becomes clearly readable at 0:00.

Saved predictions: benchmarks_results/results/Qwen3-VL-2B/VQA_Qwen3-VL-2B_972.json
Saved metrics: benchmarks_results/results/Qwen3-VL-2B/eval_results_972.csv

======================================================================
VIDEO 973
/home2/gagandeep/benchmark/videos/900/973.mp4
Questions: 7
======================================================================

[1/7] Category 1: spatial_ordinal_navigation
Question: What text is located directly below the Harrison sign?
Prediction: The text located directly below the Harrison sign is "Harrison".

[2/7] Category 2: entity_aggregation_semantic_filtering
Question: How many distinct text instances are passed by the vehicle on the right side of the road between 0.0s and 2.0s?
Prediction: 3

[3/7] Category 3: temporal_sequencing_order
Question: What is the order of encounter for the parking signs and advertisements visible between 3.5s and 6.4s?
Prediction: The parking signs are encountered first, followed by the advertisements.

[4/7] Category 4: navigational_reasoning_hazard_awareness
Question: What warning text is displayed near the end of the clip to alert drivers about the bridge?
Prediction: The warning text displayed near the end of the clip is "BICYCLE CROSSING."

[5/7] Category 5: semantic_area_inference
Question: What type of driving environment is suggested by the presence of parking rates, advertisements, and a highway overpass?
Prediction: The presence of parking rates, advertisements, and a highway overpass suggests a busy urban environment with a mix of commercial and residential areas.

[6/7] Category 6: cultural_language_inference
Question: What language is used for all the legible signs in this scene?
Prediction: English

[7/7] Category 7: entity_tracking_persistence
Question: During what specific time range is the advertisement for eaze visible in the clip?
Prediction: The advertisement for eaze is visible from 0:00 to 0:01.

Saved predictions: benchmarks_results/results/Qwen3-VL-2B/VQA_Qwen3-VL-2B_973.json
Saved metrics: benchmarks_results/results/Qwen3-VL-2B/eval_results_973.csv

======================================================================
VIDEO 974
/home2/gagandeep/benchmark/videos/900/974.mp4
Questions: 7
======================================================================

[1/7] Category 1: spatial_ordinal_navigation
Question: What landmark is located to the left of the yellow directional sign pointing to Terminal C?
Prediction: The landmark located to the left of the yellow directional sign pointing to Terminal C is the Newark Airport.

[2/7] Category 2: entity_aggregation_semantic_filtering
Question: How many distinct destinations are listed to the right of the Food and Gas signs?
Prediction: There are three distinct destinations listed to the right of the Food and Gas signs.

[3/7] Category 3: temporal_sequencing_order
Question: What is the order in which the Hilton hotel, the Terminal C sign, and the Clellan street exit sign are encountered by the vehicle?
Prediction: The vehicle encounters the Hilton hotel first, followed by the Terminal C sign, and then the Clellan street exit sign.

[4/7] Category 4: navigational_reasoning_hazard_awareness
Question: What instruction is given to drivers on the overhead green gantry signs directing to Newark Airport?
Prediction: The overhead green gantry signs direct drivers to Newark Airport with the following instructions: "Newark Airport Terminals ABC" and "US-801 PLANE".

[5/7] Category 5: semantic_area_inference
Question: What type of driving environment is suggested by signs for airport terminals, parking, and rental car returns?
Prediction: The signs for airport terminals, parking, and rental car returns suggest a busy urban or suburban area with a significant amount of commercial and transportation activity. This environment is likely to have a high volume of vehicles, including those for airport travel, and is designed to accommodate a mix of personal and commercial traffic. The presence of such signs indicates that the area is well-connected to major transportation hubs, such as airports, and is likely to be a hub for business and travel.

[6/7] Category 6: cultural_language_inference
Question: What specific airport is indicated by the overhead green directional signs?
Prediction: The overhead green directional signs indicate Newark Airport.

[7/7] Category 7: entity_tracking_persistence
Question: Between what timestamps is the yellow directional sign for Terminal C visible to the driver?
Prediction: The yellow directional sign for Terminal C is visible to the driver between 0.0 and 0.4 seconds.

Saved predictions: benchmarks_results/results/Qwen3-VL-2B/VQA_Qwen3-VL-2B_974.json
Saved metrics: benchmarks_results/results/Qwen3-VL-2B/eval_results_974.csv

======================================================================
VIDEO 975
/home2/gagandeep/benchmark/videos/900/975.mp4
Questions: 7
======================================================================

[1/7] Category 1: spatial_ordinal_navigation
Question: What text is displayed on the overhead road sign located adjacent to the sign showing 20 AV?
Prediction: Parsons Blvd

[2/7] Category 2: entity_aggregation_semantic_filtering
Question: How many distinct pieces of text visible in the clip are mounted on vehicles?
Prediction: 2

[3/7] Category 3: temporal_sequencing_order
Question: What is the chronological order in which the ego vehicle encounters the intersection street names and the highway directional signs?
Prediction: The ego vehicle encounters the intersection street names first, followed by the highway directional signs.

[4/7] Category 4: navigational_reasoning_hazard_awareness
Question: What directional text is displayed on the overhead sign near the traffic lights to guide drivers toward the expressway?
Prediction: The directional text on the overhead sign near the traffic lights reads "20 Av" and "Parsons Blvd."

[5/7] Category 5: semantic_area_inference
Question: What does the mix of residential homes, hedges, and apartment buildings suggest about the driving environment?
Prediction: The mix of residential homes, hedges, and apartment buildings suggests that the driving environment is a suburban or urban residential area. This type of setting is typically characterized by a blend of housing types, with homes and apartments being common, and the presence of greenery like hedges adding to the aesthetic appeal. The combination of these elements indicates a community that values both residential living and a touch of nature, possibly in a neighborhood that is well-maintained and populated with families or residents who enjoy a peaceful, close-knit environment.

[6/7] Category 6: cultural_language_inference
Question: Which street names and expressway abbreviations suggest this clip is set in New York City?
Prediction: The street names and expressway abbreviations in the clip suggest it is set in New York City. The signs indicate "20 Av" and "Parsons Blvd," which are common street names in New York. Additionally, the presence of a "B" sign, which typically denotes a bus route, further supports the location as New York City. The combination of these elements, along with the overall urban environment, confirms the setting.

[7/7] Category 7: entity_tracking_persistence
Question: At what timestamp does the vehicle carrying the license plate GKD-4491 begin to accelerate through the intersection?
Prediction: The vehicle carrying the license plate GKD-4491 begins to accelerate through the intersection at 0:01.

Saved predictions: benchmarks_results/results/Qwen3-VL-2B/VQA_Qwen3-VL-2B_975.json
Saved metrics: benchmarks_results/results/Qwen3-VL-2B/eval_results_975.csv

======================================================================
VIDEO 976
/home2/gagandeep/benchmark/videos/900/976.mp4
Questions: 7
======================================================================

[1/7] Category 1: spatial_ordinal_navigation
Question: What regulatory sign is located to the left of the MDX vehicle with license plate GTR-8482?
Prediction: The regulatory sign located to the left of the MDX vehicle with license plate GTR-8482 is a green sign indicating "Eastern Long Island Exits."

[2/7] Category 2: entity_aggregation_semantic_filtering
Question: How many distinct license plates are visible on vehicles in this clip?
Prediction: There are 5 distinct license plates visible on vehicles in this clip.

[3/7] Category 3: temporal_sequencing_order
Question: What is the order in which the license plate T1711804C, the license plate GTR-8482, and the speed limit sign are first encountered?
Prediction: The license plate T1711804C is first encountered, followed by the license plate GTR-8482, and then the speed limit sign.

[4/7] Category 4: navigational_reasoning_hazard_awareness
Question: What text visible near the end of the clip indicates a speed restriction on this road?
Prediction: The text visible near the end of the clip indicates a speed restriction on this road. It reads "30E - 29E - 25A".

[5/7] Category 5: semantic_area_inference
Question: Based on the presence of highway exit signs and speed limit signs, what type of road is the vehicle traveling on?
Prediction: The vehicle is traveling on a highway, as indicated by the presence of highway exit signs and speed limit signs.

[6/7] Category 6: cultural_language_inference
Question: What region in New York is suggested by the text on the green highway sign?
Prediction: The text on the green highway sign suggests that the region is Long Island.

[7/7] Category 7: entity_tracking_persistence
Question: During what specific time range is the license plate GTR-8482 on the overtaking MDX vehicle visible?
Prediction: The license plate GTR-8482 on the overtaking MDX vehicle is visible from 0:00 to 0:01.

Saved predictions: benchmarks_results/results/Qwen3-VL-2B/VQA_Qwen3-VL-2B_976.json
Saved metrics: benchmarks_results/results/Qwen3-VL-2B/eval_results_976.csv

======================================================================
VIDEO 977
/home2/gagandeep/benchmark/videos/900/977.mp4
Questions: 7
======================================================================

[1/7] Category 1: spatial_ordinal_navigation
Question: Where is the regulatory sign displaying NO PARKING ANY TIME located relative to the speed limit sign?
Prediction: The regulatory sign displaying NO PARKING ANY TIME is located on the right side of the road, while the speed limit sign is on the left side.

[2/7] Category 2: entity_aggregation_semantic_filtering
Question: How many distinct text instances are visible on the regulatory sign that restricts parking?
Prediction: There are 2 distinct text instances visible on the regulatory sign that restricts parking.

[3/7] Category 3: temporal_sequencing_order
Question: What is the order of the signs passed on the right side of the road between 00:02 and 00:06?
Prediction: The signs passed on the right side of the road between 00:02 and 00:06 are a "SCHOOL" sign, followed by a "20" speed limit sign.

[4/7] Category 4: navigational_reasoning_hazard_awareness
Question: What painted warning on the road surface indicates a driving constraint as the vehicle drives between 00:02 and 00:03?
Prediction: The painted warning on the road surface that indicates a driving constraint is "SCHOOL." This marking is typically used to alert drivers to the presence of a school zone, where traffic control measures may be in place to ensure safety for students and staff.

[5/7] Category 5: semantic_area_inference
Question: Based on the presence of single-family homes and the painted road warning, what type of area is this?
Prediction: This appears to be a residential neighborhood, likely in a suburban or semi-urban area. The presence of single-family homes, the painted road warning indicating a school, and the overall layout suggest a community where residents live in close proximity to each other, with a focus on family and local amenities.

[6/7] Category 6: cultural_language_inference
Question: What language is the text on the road surface and regulatory signs written in?
Prediction: The text on the road surface and regulatory signs is written in English.

[7/7] Category 7: entity_tracking_persistence
Question: For what time range is the regulatory sign indicating NO PARKING ANY TIME visible in the clip?
Prediction: The regulatory sign indicating NO PARKING ANY TIME is visible from 0:00 to 0:03.

Saved predictions: benchmarks_results/results/Qwen3-VL-2B/VQA_Qwen3-VL-2B_977.json
Saved metrics: benchmarks_results/results/Qwen3-VL-2B/eval_results_977.csv

======================================================================
VIDEO 978
/home2/gagandeep/benchmark/videos/900/978.mp4
Questions: 7
======================================================================

[1/7] Category 1: spatial_ordinal_navigation
Question: What is the spatial position of the regulatory road marking near the commercial building relative to the pavement marking on the multi-lane avenue?
Prediction: The regulatory road marking near the commercial building is located on the right side of the pavement marking on the multi-lane avenue.

[2/7] Category 2: entity_aggregation_semantic_filtering
Question: How many distinct road markings containing painted text are mentioned in the scene description?
Prediction: There are two distinct road markings containing painted text mentioned in the scene description: "ONLY" and "ONLY".

[3/7] Category 3: temporal_sequencing_order
Question: What is the order in which the distinct road markings are encountered by the camera vehicle?
Prediction: The distinct road markings encountered by the camera vehicle are: first, the "ONLY" marking on the road, followed by the "ONLY" marking on the road again, and then the "ONLY" marking on the road once more.

[4/7] Category 4: navigational_reasoning_hazard_awareness
Question: What driving action is implied by the regulatory road marking located near the modern commercial building?
Prediction: The regulatory road marking near the modern commercial building indicates that the lane is designated for a specific type of traffic, likely a one-way street or a lane for a particular direction of travel. The marking "ONLY" suggests that this lane is restricted to a single direction, and vehicles must follow this direction. This is a common practice in urban areas to manage traffic flow and ensure safety.

[5/7] Category 5: semantic_area_inference
Question: What does the mix of residential high-rises, commercial buildings, and multi-lane avenues suggest about the driving environment?
Prediction: The mix of residential high-rises, commercial buildings, and multi-lane avenues suggests a densely populated urban environment. This type of setting is typical of a city with a high concentration of people and businesses, where transportation infrastructure is designed to handle the flow of vehicles and pedestrians. The presence of multiple lanes and traffic signs indicates a well-organized and regulated traffic system, which is common in cities with a significant number of vehicles and a need for efficient movement. The combination of these elements points to a bustling, dynamic urban area where both residential and commercial activities are closely integrated.

[6/7] Category 6: cultural_language_inference
Question: What language or script is used for the road markings in this scene?
Prediction: The road markings in the scene are written in English.

[7/7] Category 7: entity_tracking_persistence
Question: At what timestamp is the first pavement marking driven over, and at what timestamp is the regulatory road marking passed?
Prediction: The first pavement marking is driven over at 0.0 seconds, and the regulatory road marking is passed at 0.1 seconds.

Saved predictions: benchmarks_results/results/Qwen3-VL-2B/VQA_Qwen3-VL-2B_978.json
Saved metrics: benchmarks_results/results/Qwen3-VL-2B/eval_results_978.csv

======================================================================
VIDEO 979
/home2/gagandeep/benchmark/videos/900/979.mp4
Questions: 7
======================================================================

[1/7] Category 1: spatial_ordinal_navigation
Question: Where is the DUNKIN DONUTS signboard located relative to the Speedway gas station sign?
Prediction: The DUNKIN DONUTS signboard is located to the right of the Speedway gas station sign.

[2/7] Category 2: entity_aggregation_semantic_filtering
Question: How many distinct price numbers are displayed on the Speedway gas station sign?
Prediction: There are three distinct price numbers displayed on the Speedway gas station sign: 269, 289, and 309.

[3/7] Category 3: temporal_sequencing_order
Question: What is the order in which the speed limit sign, the PENSKE truck, and the CAR WASH sign are encountered as the vehicle moves forward?
Prediction: The speed limit sign is encountered first, followed by the PENSKE truck, and then the CAR WASH sign.

[4/7] Category 4: navigational_reasoning_hazard_awareness
Question: What regulatory text constrains the vehicle's speed near the road ramp?
Prediction: The regulatory text that constrains the vehicle's speed near the road ramp is "ONLY 60 MPH".

[5/7] Category 5: semantic_area_inference
Question: What type of driving environment does the mix of gas station, donut shop, and car wash signs suggest?
Prediction: The mix of gas station, donut shop, and car wash signs suggests a commercial and urban driving environment, likely in a city or suburban area with a high concentration of businesses and services. This type of setting is common in densely populated regions where convenience and accessibility are prioritized.

[6/7] Category 6: cultural_language_inference
Question: What city is suggested by the combination of 39 St, yellow taxicabs, and US commercial brands?
Prediction: The combination of 39 St, yellow taxicabs, and US commercial brands like Speedway and Dunkin' Donuts suggests a location in New York City.

[7/7] Category 7: entity_tracking_persistence
Question: At what timestamp does the parked PENSKE truck first become visible in the clip?
Prediction: The parked PENSKE truck first becomes visible at 0:00.

Saved predictions: benchmarks_results/results/Qwen3-VL-2B/VQA_Qwen3-VL-2B_979.json
Saved metrics: benchmarks_results/results/Qwen3-VL-2B/eval_results_979.csv

======================================================================
VIDEO 980
/home2/gagandeep/benchmark/videos/900/980.mp4
Questions: 7
======================================================================

[1/7] Category 1: spatial_ordinal_navigation
Question: What text is located directly below Upper Happy on the overhead sign?
Prediction: Valley Rd

[2/7] Category 2: entity_aggregation_semantic_filtering
Question: How many distinct text instances are displayed on the highway signs mentioned in the scene?
Prediction: There are 3 distinct text instances displayed on the highway signs mentioned in the scene.

[3/7] Category 3: temporal_sequencing_order
Question: What is the sequence of signs encountered by the vehicle from the start of the clip to 3.0 seconds?
Prediction: The sequence of signs encountered by the vehicle from the start of the clip to 3.0 seconds is as follows:

1. **Acalanes Rd Upper Happy Valley Rd** - This sign is visible at the beginning of the clip, indicating the direction to the right.
2. **Exit 3** - This sign appears after the initial view of the highway, indicating the next exit.
3. **Acalanes Rd Upper Happy Valley Rd** - This sign is again visible, confirming the route.

The vehicle continues to move forward, and the signs are consistently visible, indicating the route and exit information.

[4/7] Category 4: navigational_reasoning_hazard_awareness
Question: Based on the visible text, what driving action is indicated near the green gore sign?
Prediction: The green gore sign indicates that the driver should merge into the lane on the right.

[5/7] Category 5: semantic_area_inference
Question: What type of driving environment does the mix of signs like Acalanes Rd and EXIT suggest?
Prediction: The mix of signs like Acalanes Rd and EXIT suggests a highway environment with multiple lanes and a variety of road signs, indicating a well-maintained and organized road system.

[6/7] Category 6: cultural_language_inference
Question: What language is the text on the overhead and gore signs written in?
Prediction: The text on the overhead and gore signs is written in English.

[7/7] Category 7: entity_tracking_persistence
Question: At what time range does the vehicle pass the green gore sign displaying EXIT?
Prediction: The vehicle passes the green gore sign displaying EXIT at the 0.0 to 0.2 seconds mark.

Saved predictions: benchmarks_results/results/Qwen3-VL-2B/VQA_Qwen3-VL-2B_980.json
Saved metrics: benchmarks_results/results/Qwen3-VL-2B/eval_results_980.csv

======================================================================
VIDEO 981
/home2/gagandeep/benchmark/videos/900/981.mp4
Questions: 7
======================================================================

[1/7] Category 1: spatial_ordinal_navigation
Question: What temporary sign is located to the left of the concrete retaining wall on the shoulder beneath the overpass?
Prediction: There is no temporary sign located to the left of the concrete retaining wall on the shoulder beneath the overpass.

[2/7] Category 2: entity_aggregation_semantic_filtering
Question: How many distinct overhead highway signs or route markers are mentioned on the two overpasses?
Prediction: There are two distinct overhead highway signs or route markers mentioned on the two overpasses.

[3/7] Category 3: temporal_sequencing_order
Question: What is the order in which the SPEED LIMIT sign, the RTC transit sign, and the TRS NOW OPEN sign are encountered by the vehicle?
Prediction: The SPEED LIMIT sign is encountered first, followed by the RTC transit sign, and then the TRS NOW OPEN sign.

[4/7] Category 4: navigational_reasoning_hazard_awareness
Question: What regulatory text constrains the vehicle's speed at the beginning of the clip?
Prediction: The regulatory text that constrains the vehicle's speed at the beginning of the clip is "SPEED LIMIT 55".

[5/7] Category 5: semantic_area_inference
Question: Based on the presence of multi-lane overhead gantries, route markers, and speed limit signs, what kind of driving environment is depicted?
Prediction: The driving environment depicted is a highway with multiple lanes and overhead gantries, indicating a high-speed, multi-lane road system. The presence of route markers and speed limit signs further suggests a well-maintained and regulated highway, likely in a region with a significant amount of traffic and a need for clear directional guidance. This environment is typical of a major transportation corridor in a developed area, such as a major urban or suburban region.

[6/7] Category 6: cultural_language_inference
Question: What regional cities or destinations are indicated by the overhead highway signs?
Prediction: The overhead highway signs indicate the destinations as Henderson and Las Vegas.

[7/7] Category 7: entity_tracking_persistence
Question: At what timestamp does the SPEED LIMIT sign first become legible to the vehicle?
Prediction: The SPEED LIMIT sign first becomes legible to the vehicle at 0:00.

Saved predictions: benchmarks_results/results/Qwen3-VL-2B/VQA_Qwen3-VL-2B_981.json
Saved metrics: benchmarks_results/results/Qwen3-VL-2B/eval_results_981.csv

======================================================================
VIDEO 982
/home2/gagandeep/benchmark/videos/900/982.mp4
Questions: 7
======================================================================

[1/7] Category 1: spatial_ordinal_navigation
Question: What is the spatial position of Las Vegas relative to WEST on the overhead gantry?
Prediction: Las Vegas is located to the right of WEST on the overhead gantry.

[2/7] Category 2: entity_aggregation_semantic_filtering
Question: How many distinct text instances are located on the green roadside sign on the right side of the road?
Prediction: There are 3 distinct text instances on the green roadside sign on the right side of the road.

[3/7] Category 3: temporal_sequencing_order
Question: What is the order in which the text instances NSKI, STOPS AT, and Rental are first encountered as the vehicle moves forward?
Prediction: The text instances are encountered in the following order: Rental, STOPS AT, NSKI.

[4/7] Category 4: navigational_reasoning_hazard_awareness
Question: What instructional text on the green roadside sign indicates where a driver should turn to return a rental car?
Prediction: The instructional text on the green roadside sign reads "Las Vegas Rental Car Return" and "NEXT RIGHT."

[5/7] Category 5: semantic_area_inference
Question: Based on the overhead route signs and roadside signs, what kind of driving environment is depicted?
Prediction: The driving environment depicted is a highway in a desert region, likely in the United States, with a mix of urban and natural elements. The presence of a school bus, a rental car return sign, and a billboard for a personal injury law firm suggests a populated area with commercial activity. The road signs indicate a route to Las Vegas, which is a major city in the desert region of Nevada. The overpass and the surrounding landscape suggest a well-developed infrastructure with a mix of urban and natural elements.

[6/7] Category 6: cultural_language_inference
Question: Which city name visible on the overhead gantry suggests the geographical region of the clip?
Prediction: Las Vegas

[7/7] Category 7: entity_tracking_persistence
Question: At what timestamp does the text NSKI first become visible on the back of the bus?
Prediction: The text NSKI first becomes visible on the back of the bus at timestamp 0.0 seconds.

Saved predictions: benchmarks_results/results/Qwen3-VL-2B/VQA_Qwen3-VL-2B_982.json
Saved metrics: benchmarks_results/results/Qwen3-VL-2B/eval_results_982.csv

======================================================================
VIDEO 983
/home2/gagandeep/benchmark/videos/900/983.mp4
Questions: 7
======================================================================

[1/7] Category 1: spatial_ordinal_navigation
Question: What commercial restaurant billboard is located to the right of the gantry displaying Gilespie St?
Prediction: The billboard located to the right of the gantry displaying Gilespie St is for Robert Irvine's.

[2/7] Category 2: entity_aggregation_semantic_filtering
Question: How many distinct billboards advertising commercial services, events, or businesses are mentioned in the scene description?
Prediction: There are three distinct billboards mentioned in the scene description:

1. A billboard for "PERSONAL INJURY" with the name "DALLAS HORTON & ASSOCIATES" and a phone number.
2. A billboard for "LIGHT NIGHTCLUB" featuring "RICK ROSS" and the date "SAT, AUG 26".
3. A billboard for "ROBERT IRVINE'S" with the text "Mandala & Tropicana".

These are the three distinct billboards mentioned in the scene description.

[3/7] Category 3: temporal_sequencing_order
Question: In what order are the DALLAS HORTON billboard, the first 215 gantry, and the RICK ROSS billboard encountered?
Prediction: The DALLAS HORTON billboard is encountered first, followed by the first 215 gantry, and then the RICK ROSS billboard.

[4/7] Category 4: navigational_reasoning_hazard_awareness
Question: What advisory speed limit is indicated on the yellow sign located below the RICK ROSS billboard?
Prediction: 45 MPH

[5/7] Category 5: semantic_area_inference
Question: What type of road environment is indicated by the presence of multiple overhead gantries and exit signs?
Prediction: The presence of multiple overhead gantries and exit signs indicates a highway environment.

[6/7] Category 6: cultural_language_inference
Question: Which city and resort mentioned on the signs and billboards suggest the location is in Nevada?
Prediction: The signs and billboards mention Las Vegas and Mandalay Bay, which are well-known locations in Nevada.

[7/7] Category 7: entity_tracking_persistence
Question: For what duration is the billboard featuring DALLAS HORTON continuously visible at the beginning of the video?
Prediction: The billboard featuring DALLAS HORTON is continuously visible from the beginning of the video until the end of the video.

Saved predictions: benchmarks_results/results/Qwen3-VL-2B/VQA_Qwen3-VL-2B_983.json
Saved metrics: benchmarks_results/results/Qwen3-VL-2B/eval_results_983.csv

======================================================================
VIDEO 984
/home2/gagandeep/benchmark/videos/900/984.mp4
Questions: 7
======================================================================

[1/7] Category 1: spatial_ordinal_navigation
Question: What text is located directly above the identifier 91204-MD on the white shredding truck?
Prediction: AMERICAN SECURITY SHREDING

[2/7] Category 2: entity_aggregation_semantic_filtering
Question: How many distinct text instances are visible on the commercial delivery van branded with GoodMart?
Prediction: There are 3 distinct text instances visible on the commercial delivery van branded with GoodMart.

[3/7] Category 3: temporal_sequencing_order
Question: What is the chronological order in which the two delivery van brands are encountered on the right side of the road?
Prediction: The first delivery van brand encountered on the right side of the road is "Good" on the white van. The second delivery van brand is "American Security Shredding" on the white truck.

[4/7] Category 4: navigational_reasoning_hazard_awareness
Question: What regulatory text near the intersection indicates a direction restriction for drivers?
Prediction: The regulatory text near the intersection indicates a "No Left Turn" restriction for drivers.

[5/7] Category 5: semantic_area_inference
Question: What does the presence of multiple commercial delivery vans, a shredding truck, a taxi, and construction scaffolding suggest about the driving environment?
Prediction: The presence of multiple commercial delivery vans, a shredding truck, a taxi, and construction scaffolding suggests that the driving environment is a busy urban area with a high volume of commercial and delivery activity. The construction scaffolding indicates ongoing construction or development, which can lead to increased traffic and potential delays. The presence of a taxi and delivery vans suggests that the area is likely a commercial or business district, with a high concentration of vehicles and people. The shredding truck, which is likely used for waste management or recycling, further supports the idea of a busy urban environment with a focus on commercial and waste management activities.

[6/7] Category 6: cultural_language_inference
Question: What language is the text on the shredding truck and delivery vans written in?
Prediction: The text on the shredding truck and delivery vans is written in English.

[7/7] Category 7: entity_tracking_persistence
Question: During what time range is the GoodMart delivery van text visible before being replaced by the IBC van?
Prediction: The GoodMart delivery van text is visible from 0:00 to 0:02, and then it is replaced by the IBC van text at 0:03.

Saved predictions: benchmarks_results/results/Qwen3-VL-2B/VQA_Qwen3-VL-2B_984.json
Saved metrics: benchmarks_results/results/Qwen3-VL-2B/eval_results_984.csv

======================================================================
VIDEO 985
/home2/gagandeep/benchmark/videos/900/985.mp4
Questions: 7
======================================================================

[1/7] Category 1: spatial_ordinal_navigation
Question: As the vehicle moves forward and the overhead signs come into view at 6.233 seconds, which sign is positioned to the right of the Riverhead sign?
Prediction: The sign positioned to the right of the Riverhead sign is the New York sign.

[2/7] Category 2: entity_aggregation_semantic_filtering
Question: How many distinct highway signs are positioned above the divided roadway that come into clear view at 6.233 seconds?
Prediction: There are two distinct highway signs positioned above the divided roadway that come into clear view at 6.233 seconds.

[3/7] Category 3: temporal_sequencing_order
Question: What is the order of the following events: (1) the traffic light turns green, (2) the school bus passes on the left, (3) the highway signs come into view?
Prediction: The correct order of events is: (2) the school bus passes on the left, (1) the traffic light turns green, (3) the highway signs come into view.

[4/7] Category 4: navigational_reasoning_hazard_awareness
Question: Based on the signs that come into view at 6.233 seconds, what directional routes are indicated for the driver?
Prediction: The sign indicates that the driver can go to Riverhead and New York.

[5/7] Category 5: semantic_area_inference
Question: What does the combination of a commercial building and overhead highway signs coming into view at 6.233 seconds suggest about the driving environment?
Prediction: The combination of a commercial building and overhead highway signs coming into view at 6.233 seconds suggests that the driving environment is likely in a suburban or urban area with a mix of commercial and transportation infrastructure. The presence of a commercial building indicates that the area is likely to have businesses, shops, or offices, which are common in urban or suburban settings. The highway signs, particularly the one indicating "Riverhead, New York," suggest that the driver is on a major road or highway, possibly heading towards a specific destination. This combination of elements implies that the driver is in a developed area with a mix of commercial and transportation needs

[6/7] Category 6: cultural_language_inference
Question: Which specific city or state name is visible on the highway signs that come into view at 6.233 seconds?
Prediction: The highway signs that come into view at 6.233 seconds display the name "Riverhead" and "New York."

[7/7] Category 7: entity_tracking_persistence
Question: For how long after the traffic light turns green at 2.633 seconds does it take for the 495 sign to come into clear view?
Prediction: The 495 sign comes into clear view after the traffic light turns green at 2.633 seconds. This means it takes approximately 2.633 seconds for the 495 sign to become visible.

Saved predictions: benchmarks_results/results/Qwen3-VL-2B/VQA_Qwen3-VL-2B_985.json
Saved metrics: benchmarks_results/results/Qwen3-VL-2B/eval_results_985.csv

======================================================================
VIDEO 986
/home2/gagandeep/benchmark/videos/900/986.mp4
Questions: 7
======================================================================

[1/7] Category 1: spatial_ordinal_navigation
Question: Where is the address number located relative to the residential house on the right side of the street?
Prediction: The address number is located on the right side of the street, near the residential house.

[2/7] Category 2: entity_aggregation_semantic_filtering
Question: How many address signs or house numbers are visible on the residential houses in this clip?
Prediction: There are no address signs or house numbers visible on the residential houses in this clip.

[3/7] Category 3: temporal_sequencing_order
Question: In what order does the vehicle cross the intersection and the address sign come into focus?
Prediction: The vehicle crosses the intersection first, and then the address sign comes into focus.

[4/7] Category 4: navigational_reasoning_hazard_awareness
Question: What driving constraints or regulatory instructions are written on the signs visible in this clip?
Prediction: The signs visible in the clip do not contain any written driving constraints or regulatory instructions. The only visible sign is a traffic light, which is currently showing a green light, indicating that vehicles may proceed through the intersection. There are no other signs with written instructions or regulations visible in the clip.

[5/7] Category 5: semantic_area_inference
Question: Based on the presence of a residential house displaying address number 149, what type of environment is this?
Prediction: This is a residential neighborhood with houses and trees, likely in a suburban or urban residential area.

[6/7] Category 6: cultural_language_inference
Question: What script or numbering system is used for the address number displayed on the residential house?
Prediction: The address number displayed on the residential house is in the form of a numerical sequence, specifically "1234". This is a standard format for house numbers in many countries, including the United States, where such numbers are typically used to identify individual properties on a street. The number "1234" is a common example of a numerical address, and it is used in various contexts, including real estate, postal services, and urban planning.

[7/7] Category 7: entity_tracking_persistence
Question: At what specific time range does the address sign 149 come into focus in the clip?
Prediction: The address sign 149 comes into focus in the clip between 0:00 and 0:01.

Saved predictions: benchmarks_results/results/Qwen3-VL-2B/VQA_Qwen3-VL-2B_986.json
Saved metrics: benchmarks_results/results/Qwen3-VL-2B/eval_results_986.csv

======================================================================
VIDEO 987
/home2/gagandeep/benchmark/videos/900/987.mp4
Questions: 7
======================================================================

[1/7] Category 1: spatial_ordinal_navigation
Question: What is the spatial position of the regulatory sign displaying the word STANDING relative to the parked dark green SUV?
Prediction: The regulatory sign displaying the word STANDING is located on the right side of the road, while the parked dark green SUV is on the left side of the road.

[2/7] Category 2: entity_aggregation_semantic_filtering
Question: How many distinct regulatory signs are visible in this clip?
Prediction: 2

[3/7] Category 3: temporal_sequencing_order
Question: What is the order of vehicles passed by the ego vehicle on the right side of the road between 00:00 and 00:06?
Prediction: The order of vehicles passed by the ego vehicle on the right side of the road between 00:00 and 00:06 is: a white pickup truck, followed by a black SUV, and then a silver sedan.

[4/7] Category 4: navigational_reasoning_hazard_awareness
Question: What driving constraint is indicated by the regulatory sign visible at the intersection near the end of the clip?
Prediction: The regulatory sign visible at the intersection indicates a stop sign, which means drivers must come to a complete stop before proceeding.

[5/7] Category 5: semantic_area_inference
Question: Based on the environment and the parked vehicles, what type of area is the vehicle traveling through?
Prediction: The vehicle is traveling through a residential area, as indicated by the presence of parked cars along the sides of the road, houses, and trees. The environment suggests a suburban or urban neighborhood with a mix of residential and possibly some commercial or public spaces.

[6/7] Category 6: cultural_language_inference
Question: What language is the regulatory sign at the intersection written in?
Prediction: The regulatory sign at the intersection is written in English.

[7/7] Category 7: entity_tracking_persistence
Question: At what timestamp does the text on the regulatory sign first become visible to the ego vehicle?
Prediction: The text on the regulatory sign first becomes visible to the ego vehicle at 0.0 seconds.

Saved predictions: benchmarks_results/results/Qwen3-VL-2B/VQA_Qwen3-VL-2B_987.json
Saved metrics: benchmarks_results/results/Qwen3-VL-2B/eval_results_987.csv

======================================================================
VIDEO 988
/home2/gagandeep/benchmark/videos/900/988.mp4
Questions: 7
======================================================================

[1/7] Category 1: spatial_ordinal_navigation
Question: What is the spatial position of the red bus stop sign relative to the concrete sidewalk where the pedestrian walks?
Prediction: The red bus stop sign is located on the left side of the concrete sidewalk where the pedestrian walks.

[2/7] Category 2: entity_aggregation_semantic_filtering
Question: How many distinct traffic signs or signals are described in the scene?
Prediction: There are three distinct traffic signs or signals described in the scene: a traffic light, a stop sign, and a traffic signal.

[3/7] Category 3: temporal_sequencing_order
Question: What is the order of vehicles that cross or clear the intersection after the ego vehicle begins decelerating at 0.6 seconds?
Prediction: The order of vehicles that cross or clear the intersection after the ego vehicle begins decelerating at 0.6 seconds is: a black SUV, a silver sedan, a white sedan, and a black sedan.

[4/7] Category 4: navigational_reasoning_hazard_awareness
Question: What explicit driving constraints or actions are implied for the ego vehicle by the red bus stop sign near the crosswalk?
Prediction: The red bus stop sign near the crosswalk implies that the ego vehicle should be prepared to stop and wait for a bus, as the sign indicates that a bus is expected to arrive at the stop. This means the vehicle should not proceed through the intersection unless it is safe to do so and the bus has already passed. The sign also suggests that the vehicle should be cautious and attentive to the bus's arrival, as it may be a priority for the driver to ensure safety and compliance with traffic regulations.

[5/7] Category 5: semantic_area_inference
Question: Based on the landmarks and surroundings described, what type of driving environment does this clip depict?
Prediction: The clip depicts a suburban driving environment, characterized by residential streets lined with houses, trees, and parked cars. The presence of a crosswalk, traffic lights, and a clear view of the road ahead suggests a typical urban or suburban setting. The overall scene is calm and orderly, with no signs of heavy traffic or congestion.

[6/7] Category 6: cultural_language_inference
Question: Based on the position of the parked silver sedan and the pedestrian's sidewalk, what is the local driving side convention?
Prediction: The local driving side convention is that the driver is on the right side of the road. This is evident from the alignment of the parked silver sedan and the pedestrian's sidewalk, which are positioned on the right side of the road.

[7/7] Category 7: entity_tracking_persistence
Question: At what timestamp does the ego vehicle come to a complete halt before the crosswalk stop line?
Prediction: The ego vehicle comes to a complete halt before the crosswalk stop line at 0.0 seconds.

Saved predictions: benchmarks_results/results/Qwen3-VL-2B/VQA_Qwen3-VL-2B_988.json
Saved metrics: benchmarks_results/results/Qwen3-VL-2B/eval_results_988.csv

======================================================================
VIDEO 989
/home2/gagandeep/benchmark/videos/900/989.mp4
Questions: 7
======================================================================

[1/7] Category 1: spatial_ordinal_navigation
Question: What lies between the private concrete driveways on the right side of the intersection and the zebra-stripe pedestrian crosswalks?
Prediction: The private concrete driveways on the right side of the intersection are separated from the zebra-stripe pedestrian crosswalks by a white picket fence.

[2/7] Category 2: entity_aggregation_semantic_filtering
Question: How many distinct moving vehicles cross the intersection between 00:01 and 00:08?
Prediction: There are 5 distinct moving vehicles that cross the intersection between 00:01 and 00:08.

[3/7] Category 3: temporal_sequencing_order
Question: What is the order in which the white SUV, black SUV, and large black pickup truck clear the intersection?
Prediction: The white SUV is the first to clear the intersection, followed by the black SUV, and then the large black pickup truck.

[4/7] Category 4: navigational_reasoning_hazard_awareness
Question: What signal hanging in the center of the intersection indicates that the driver should proceed with caution?
Prediction: The signal hanging in the center of the intersection is a red traffic light. This indicates that the driver should proceed with caution, as the light is signaling that vehicles should not proceed.

[5/7] Category 5: semantic_area_inference
Question: Based on the surrounding environment, including houses, lawns, and private driveways, what type of area is this?
Prediction: This appears to be a residential neighborhood, likely in a suburban or semi-urban area. The presence of houses with lawns and private driveways, along with the street layout and traffic patterns, suggests a community where residents have their own properties and are likely to have a mix of single-family homes and possibly some apartment buildings. The area is designed for a quiet, residential lifestyle with a focus on safety and privacy.

[6/7] Category 6: cultural_language_inference
Question: What written language or script is visible on the signs in this intersection?
Prediction: The signs in the intersection display text in English, which is the most common language used for traffic signs in the United States. The text is written in a standard, clear font, typical of road signs, and is designed to be easily readable from a distance.

[7/7] Category 7: entity_tracking_persistence
Question: For what time range is the large black pickup truck visible crossing the intersection?
Prediction: The large black pickup truck is visible crossing the intersection from 0.0 to 0.3 seconds.

Saved predictions: benchmarks_results/results/Qwen3-VL-2B/VQA_Qwen3-VL-2B_989.json
Saved metrics: benchmarks_results/results/Qwen3-VL-2B/eval_results_989.csv

======================================================================
VIDEO 990
/home2/gagandeep/benchmark/videos/900/990.mp4
Questions: 7
======================================================================

[1/7] Category 1: spatial_ordinal_navigation
Question: What is the spatial position of the Linden Blvd and JUNIUS street signs relative to the white commuter van?
Prediction: The Linden Blvd and JUNIUS street signs are located to the right of the white commuter van.

[2/7] Category 2: entity_aggregation_semantic_filtering
Question: How many distinct text instances belong to street or regulatory signs in this scene?
Prediction: 3

[3/7] Category 3: temporal_sequencing_order
Question: What is the order in which the DRIVE sign, the Linden Plaza sign, and the DO NOT ENTER sign are encountered as the vehicle moves forward?
Prediction: The DRIVE sign is encountered first, followed by the Linden Plaza sign, and then the DO NOT ENTER sign.

[4/7] Category 4: navigational_reasoning_hazard_awareness
Question: What warning text constrains movement near the drive-thru lane entrance?
Prediction: The warning text that constrains movement near the drive-thru lane entrance is "DO NOT ENTER."

[5/7] Category 5: semantic_area_inference
Question: Based on the density and type of storefront signs like Burger King and Family Dollar, what kind of driving environment does this clip depict?
Prediction: The clip depicts a busy urban environment with a mix of commercial and retail storefronts. The presence of a Burger King and Family Dollar suggests a high-traffic area with a focus on fast food and convenience stores, which are common in densely populated urban centers. The traffic congestion and the presence of multiple vehicles, including a van and a sedan, further indicate a bustling city street. The combination of these elements points to a typical urban setting where people are likely to be commuting or running errands.

[6/7] Category 6: cultural_language_inference
Question: What city is suggested by the area code in the phone number displayed on the commuter van?
Prediction: The area code 560 is associated with the city of New York.

[7/7] Category 7: entity_tracking_persistence
Question: For what time range does the Linden Plaza sign remain continuously visible in the clip?
Prediction: The Linden Plaza sign remains continuously visible from 0:00 to 0:03.

Saved predictions: benchmarks_results/results/Qwen3-VL-2B/VQA_Qwen3-VL-2B_990.json
Saved metrics: benchmarks_results/results/Qwen3-VL-2B/eval_results_990.csv

======================================================================
VIDEO 991
/home2/gagandeep/benchmark/videos/900/991.mp4
Questions: 7
======================================================================

[1/7] Category 1: spatial_ordinal_navigation
Question: What is the spatial position of the instruction to use the other side relative to the sidewalk sign?
Prediction: The instruction to use the other side is located on the sidewalk sign, which is on the right side of the road.

[2/7] Category 2: entity_aggregation_semantic_filtering
Question: How many distinct text instances are visible on the blue police barricades?
Prediction: There are 2 distinct text instances visible on the blue police barricades.

[3/7] Category 3: temporal_sequencing_order
Question: What is the order in which the text instances on the blue barricades are encountered as the vehicle moves forward?
Prediction: The text instances on the blue barricades are encountered in the following order: 'POLICE LINE - DO NOT CROSS' is seen first, followed by 'SIDEWALK CLOSED PLEASE' on the same barricade.

[4/7] Category 4: navigational_reasoning_hazard_awareness
Question: What warning text is displayed on the large orange sign on the left side of the road?
Prediction: The warning text on the large orange sign on the left side of the road reads "SIDEWALK CLOSED PLEASE DO NOT CROSS."

[5/7] Category 5: semantic_area_inference
Question: Based on the presence of construction barriers, police barricades, and a commercial building, what kind of driving environment is depicted?
Prediction: The driving environment depicted is an urban or suburban area with a mix of commercial and residential elements. The presence of construction barriers, police barricades, and a commercial building suggests a mixed-use area with ongoing development and infrastructure maintenance. The road is likely a street or alleyway with a mix of residential and commercial buildings, and the presence of a construction site indicates that the area may be undergoing development or renovation.

[6/7] Category 6: cultural_language_inference
Question: Which abbreviation on the blue barricades suggests the city where this clip was filmed?
Prediction: NYC

[7/7] Category 7: entity_tracking_persistence
Question: At what timestamp does the instruction to use the other side first become visible on the left?
Prediction: The instruction to use the other side first becomes visible on the left at 0:01.

Saved predictions: benchmarks_results/results/Qwen3-VL-2B/VQA_Qwen3-VL-2B_991.json
Saved metrics: benchmarks_results/results/Qwen3-VL-2B/eval_results_991.csv

======================================================================
VIDEO 992
/home2/gagandeep/benchmark/videos/900/992.mp4
Questions: 7
======================================================================

[1/7] Category 1: spatial_ordinal_navigation
Question: What is the spatial position of the text Ave relative to the text Blvdnn on the overhead highway signage?
Prediction: The text 'Ave' is located to the left of the text 'Blvdnn' on the overhead highway signage.

[2/7] Category 2: entity_aggregation_semantic_filtering
Question: How many distinct pieces of text on the overhead highway signage are visible in this clip?
Prediction: There are 4 distinct pieces of text on the overhead highway signage visible in this clip.

[3/7] Category 3: temporal_sequencing_order
Question: What is the order in which the destination signs Brooklyn and Queens are encountered at 3.3 seconds?
Prediction: The destination sign for Brooklyn is encountered first, followed by the sign for Queens.

[4/7] Category 4: navigational_reasoning_hazard_awareness
Question: Does any visible text on the overhead signage indicate a specific highway direction for Brooklyn?
Prediction: Yes, the overhead signage indicates a direction to Brooklyn. The text on the sign reads "Brooklyn" and is part of the directional information for the highway.

[5/7] Category 5: semantic_area_inference
Question: What type of driving environment is suggested by the overhead green highway signs displaying Brooklyn and Queens?
Prediction: The overhead green highway signs displaying "Brooklyn" and "Queens" suggest that the driving environment is a major urban highway, likely in a densely populated area of New York City. This indicates a high-traffic, urban setting with multiple lanes and significant vehicle movement.

[6/7] Category 6: cultural_language_inference
Question: Which destination names visible on the overhead signage suggest the vehicle is driving in or near New York City?
Prediction: The destination names visible on the overhead signage include "Brooklyn" and "Queens Blvd," which are both located in New York City. These signs indicate that the vehicle is likely driving in or near the city.

[7/7] Category 7: entity_tracking_persistence
Question: Between what timestamps are the destination signs for Brooklyn and Queens visible before the vehicle enters the shadow under the stone arch bridge?
Prediction: The destination signs for Brooklyn and Queens are visible between 0.0 and 0.3 seconds.

Saved predictions: benchmarks_results/results/Qwen3-VL-2B/VQA_Qwen3-VL-2B_992.json
Saved metrics: benchmarks_results/results/Qwen3-VL-2B/eval_results_992.csv

======================================================================
VIDEO 993
/home2/gagandeep/benchmark/videos/900/993.mp4
Questions: 7
======================================================================

[1/7] Category 1: spatial_ordinal_navigation
Question: What is the spatial position of the ticket windows relative to the regulatory sign that says NO STANDING ANYTIME?
Prediction: The ticket windows are located on the right side of the regulatory sign that says NO STANDING ANYTIME.

[2/7] Category 2: entity_aggregation_semantic_filtering
Question: How many distinct regulatory parking-related signs are mentioned along the stadium's exterior?
Prediction: There are two distinct regulatory parking-related signs mentioned along the stadium's exterior: a "NO STANDING ANYTIME" sign and a "NO PARKING" sign.

[3/7] Category 3: temporal_sequencing_order
Question: What is the order in which the stadium entrance gate, the ticket windows, and the large banner are encountered as the vehicle drives forward?
Prediction: The stadium entrance gate is encountered first, followed by the ticket windows, and then the large banner.

[4/7] Category 4: navigational_reasoning_hazard_awareness
Question: What text on the stadium's exterior indicates a parking or stopping restriction near the entrance gate?
Prediction: The text on the stadium's exterior that indicates a parking or stopping restriction near the entrance gate is "NO STANDING ANYTIME."

[5/7] Category 5: semantic_area_inference
Question: What type of driving environment is suggested by the stadium gate, ticket windows, and commercial banners?
Prediction: The presence of a stadium gate, ticket windows, and commercial banners suggests a commercial or urban environment, likely near a sports venue or entertainment complex. This setting is typical of a city or suburban area where such facilities are located.

[6/7] Category 6: cultural_language_inference
Question: What language is used for all the legible signs and banners in this scene?
Prediction: The language used for all the legible signs and banners in this scene is English.

[7/7] Category 7: entity_tracking_persistence
Question: During what time range are the ticket windows and the large commercial banner on the right side of the road visible?
Prediction: The ticket windows and the large commercial banner on the right side of the road are visible from 0:00 to 0:03.

Saved predictions: benchmarks_results/results/Qwen3-VL-2B/VQA_Qwen3-VL-2B_993.json
Saved metrics: benchmarks_results/results/Qwen3-VL-2B/eval_results_993.csv

======================================================================
VIDEO 994
/home2/gagandeep/benchmark/videos/900/994.mp4
Questions: 7
======================================================================

[1/7] Category 1: spatial_ordinal_navigation
Question: Where is the deliveries sign located relative to the green directional sign?
Prediction: The deliveries sign is located to the right of the green directional sign.

[2/7] Category 2: entity_aggregation_semantic_filtering
Question: How many distinct text entities are visible on the signs in this clip?
Prediction: There are 3 distinct text entities visible on the signs in this clip.

[3/7] Category 3: temporal_sequencing_order
Question: What is the order in which the three signs are encountered as the vehicle moves forward between 2.5 and 4.0 seconds?
Prediction: The three signs encountered in order are: the green sign indicating the direction to Grand Central Parkway, the green sign indicating the direction to the Brooklyn-Queens Expressway, and the green sign indicating the direction to the Brooklyn-Queens Expressway.

[4/7] Category 4: navigational_reasoning_hazard_awareness
Question: What text on a sign indicates a weight restriction for vehicles near the overpass structure?
Prediction: The text on the sign indicates a weight restriction for vehicles near the overpass structure. The sign reads "WEIGHT LIMIT 10,000 LBS" and "WEIGHT LIMIT 10,000 LBS" is repeated, indicating that vehicles must not exceed 10,000 pounds in weight.

[5/7] Category 5: semantic_area_inference
Question: What does the mix of highway names and weight limit signs suggest about the type of road segment?
Prediction: The mix of highway names and weight limit signs suggests that the road segment is a major highway or a significant road in a city, likely part of a larger transportation network. The presence of highway names like "Grand Central Parkway" and "Bklyn-ONS" indicates it's a major route, possibly in a metropolitan area. The weight limit signs are a common feature on highways and major roads to ensure safety and compliance with vehicle weight regulations, which are crucial for road infrastructure and traffic flow. This combination implies that the road is designed to handle high volumes of traffic and is likely part of a larger transportation system.

[6/7] Category 6: cultural_language_inference
Question: What city or region is suggested by the abbreviations on the green directional sign?
Prediction: The abbreviations on the green directional sign suggest the city of New York.

[7/7] Category 7: entity_tracking_persistence
Question: At what timestamp does the text DELIVERIES ENTRANCE 9 first become visible in the clip?
Prediction: The text DELIVERIES ENTRANCE 9 first becomes visible at 0:00.

Saved predictions: benchmarks_results/results/Qwen3-VL-2B/VQA_Qwen3-VL-2B_994.json
Saved metrics: benchmarks_results/results/Qwen3-VL-2B/eval_results_994.csv

======================================================================
VIDEO 995
/home2/gagandeep/benchmark/videos/900/995.mp4
Questions: 7
======================================================================

[1/7] Category 1: spatial_ordinal_navigation
Question: What readable text is located directly to the right of the 1042 number on the first parked school bus?
Prediction: The readable text located directly to the right of the 1042 number on the first parked school bus is "738-7373".

[2/7] Category 2: entity_aggregation_semantic_filtering
Question: How many distinct text instances containing numbers are visible on the first parked school bus?
Prediction: There are 2 distinct text instances containing numbers on the first parked school bus: "4290" and "738-7373".

[3/7] Category 3: temporal_sequencing_order
Question: What is the order in which the text labels Richie, Service, and 4290 are passed by the ego vehicle?
Prediction: The text labels Richie, Service, and 4290 are passed by the ego vehicle in the following order: Richie is passed first, followed by Service, and then 4290.

[4/7] Category 4: navigational_reasoning_hazard_awareness
Question: What text on the first parked school bus indicates a potential driving constraint or warning?
Prediction: The text on the first parked school bus that indicates a potential driving constraint or warning is "SCHOOL BUS" and "STOP" on the back of the bus.

[5/7] Category 5: semantic_area_inference
Question: What type of area does the combination of residential buildings, a public park, and school buses suggest?
Prediction: The combination of residential buildings, a public park, and school buses suggests a suburban or urban residential area. The presence of school buses indicates a community with a significant number of children, likely in a school district, and the residential buildings suggest a populated neighborhood. The public park adds to the community's amenities, indicating a focus on family and community life. This area is likely to be a well-developed, family-friendly neighborhood with a mix of residential, educational, and recreational facilities.

[6/7] Category 6: cultural_language_inference
Question: Which specific telephone area code visible on the first school bus suggests the vehicle is in New York City?
Prediction: The telephone area code visible on the first school bus is 718. This area code is associated with New York City, as it is the standard area code for the city.

[7/7] Category 7: entity_tracking_persistence
Question: During which time range is the text Little Linda visible on the first parked school bus?
Prediction: The text "Little Linda" is visible on the first parked school bus during the time range of 0:00 to 0:01.

Saved predictions: benchmarks_results/results/Qwen3-VL-2B/VQA_Qwen3-VL-2B_995.json
Saved metrics: benchmarks_results/results/Qwen3-VL-2B/eval_results_995.csv

======================================================================
VIDEO 996
/home2/gagandeep/benchmark/videos/900/996.mp4
Questions: 7
======================================================================

[1/7] Category 1: spatial_ordinal_navigation
Question: What is the spatial position of Messubim relative to NEXT EXITS on the overhead gantry?
Prediction: Messubim is located on the left side of the overhead gantry, as indicated by the green sign that reads "Messubim" and "NEXT EXITS" on the same gantry.

[2/7] Category 2: entity_aggregation_semantic_filtering
Question: How many distinct license plates are visible on vehicles throughout the entire clip?
Prediction: There are 10 distinct license plates visible on vehicles throughout the entire clip.

[3/7] Category 3: temporal_sequencing_order
Question: What is the chronological order in which the code 67. 487. 75, the roadside sign showing Mesubim, and the overhead gantry displaying NEXT EXITS are encountered?
Prediction: The chronological order in which the code 67. 487. 75, the roadside sign showing Mesubim, and the overhead gantry displaying NEXT EXITS are encountered is as follows:

1. The code 67. 487. 75 is encountered first.
2. The roadside sign showing Mesubim is encountered next.
3. The overhead gantry displaying NEXT EXITS is encountered last.

Therefore, the correct chronological order is: code 67. 487. 75, roadside sign showing Mesubim, overhead gantry displaying NEXT EXITS.

[4/7] Category 4: navigational_reasoning_hazard_awareness
Question: Based on the roadside sign visible on the right, what driving action is indicated at a distance of 1000 meters?
Prediction: The sign indicates a "Mezubim Interchange" at a distance of 1000 meters.

[5/7] Category 5: semantic_area_inference
Question: What type of driving environment is suggested by the presence of overhead gantries, exit signs, and multiple license plates?
Prediction: The presence of overhead gantries, exit signs, and multiple license plates suggests a busy urban or suburban highway environment. These elements are typical of a well-developed transportation network, often found in cities or regions with high vehicle traffic. The overhead gantries likely support power lines or communication infrastructure, while the exit signs indicate the presence of multiple roadways and destinations. The multiple license plates suggest a diverse range of vehicles, including private cars, commercial vehicles, and possibly public transport. This environment is likely to be a major thoroughfare with frequent traffic and a high volume of vehicles, possibly in a densely populated area.

[6/7] Category 6: cultural_language_inference
Question: Which specific location names visible on the overhead gantry suggest the region or country this highway is located in?
Prediction: The overhead gantry displays the names "Mossulim" and "Sennat," which are likely to be locations in Israel, given the context of the highway and the visible signs. The presence of these names, along with the road signs and the overall infrastructure, suggests that the highway is located in Israel.

[7/7] Category 7: entity_tracking_persistence
Question: At what timestamp does the license plate 55:007 34 first become visible in the clip?
Prediction: The license plate 55:007 34 first becomes visible at 0:00.

Saved predictions: benchmarks_results/results/Qwen3-VL-2B/VQA_Qwen3-VL-2B_996.json
Saved metrics: benchmarks_results/results/Qwen3-VL-2B/eval_results_996.csv

======================================================================
VIDEO 997
/home2/gagandeep/benchmark/videos/900/997.mp4
Questions: 7
======================================================================

[1/7] Category 1: spatial_ordinal_navigation
Question: What lies to the right of the marked zebra crossing as the vehicle approaches the junction?
Prediction: To the right of the marked zebra crossing, there is a bus and a car.

[2/7] Category 2: entity_aggregation_semantic_filtering
Question: How many distinct signboards containing numbers are visible on the right side of the road at the start of the clip?
Prediction: There are two distinct signboards containing numbers visible on the right side of the road at the start of the clip.

[3/7] Category 3: temporal_sequencing_order
Question: What landmark is encountered on the far left after the vehicle passes the signboard 9999?
Prediction: The landmark encountered on the far left after the vehicle passes the signboard 9999 is a large building with a prominent sign that reads "9999". This building is likely a significant landmark in the area, possibly a commercial or residential structure.

[4/7] Category 4: navigational_reasoning_hazard_awareness
Question: Based on the visible text on the signboard 9999, are there any explicit driving actions or constraints implied?
Prediction: The signboard with the number 9999 does not contain any explicit driving actions or constraints. It appears to be a numerical sign, possibly indicating a speed limit or a reference number, but no specific instructions or rules are visible.

[5/7] Category 5: semantic_area_inference
Question: What does the presence of a multi-lane curved road, a gas station, and a signboard suggest about the driving environment?
Prediction: The presence of a multi-lane curved road, a gas station, and a signboard suggests that the driving environment is likely urban or suburban, with a mix of commercial and residential areas. The curved road indicates that the road is designed to accommodate traffic flow and possibly to connect different parts of the city or town. The gas station suggests that the area is well-supplied with fuel, which is common in populated areas where vehicles are frequently used. The signboard, which may display information about local businesses, services, or regulations, further indicates that the area is likely to have a developed infrastructure and a high level of activity. Overall, the

[6/7] Category 6: cultural_language_inference
Question: What script or numbering system is used for the text on the signboard on the right?
Prediction: The text on the signboard on the right is in Hebrew, and it includes the number 99.

[7/7] Category 7: entity_tracking_persistence
Question: At what timestamp does the signboard 9999 first become visible, and when is it passed by the ego vehicle?
Prediction: The signboard 9999 first becomes visible at 0:00 and is passed by the ego vehicle at 0:01.

Saved predictions: benchmarks_results/results/Qwen3-VL-2B/VQA_Qwen3-VL-2B_997.json
Saved metrics: benchmarks_results/results/Qwen3-VL-2B/eval_results_997.csv

======================================================================
VIDEO 998
/home2/gagandeep/benchmark/videos/900/998.mp4
Questions: 7
======================================================================

[1/7] Category 1: spatial_ordinal_navigation
Question: Which restaurant is located to the right of the BARBERSHOP on the left side of the street?
Prediction: The restaurant located to the right of the BARBERSHOP on the left side of the street is the McDonald's.

[2/7] Category 2: entity_aggregation_semantic_filtering
Question: How many distinct license plates are mentioned on the grey vehicles in the traffic lane?
Prediction: There are two distinct license plates mentioned on the grey vehicles in the traffic lane.

[3/7] Category 3: temporal_sequencing_order
Question: What is the chronological order in which the license plates HJG-2334 and FHN-9486 are encountered or approached by the camera vehicle?
Prediction: The license plate HJG-2334 is encountered first, followed by the license plate FHN-9486.

[4/7] Category 4: navigational_reasoning_hazard_awareness
Question: Does any visible text in the clip indicate a driving hazard, speed limit, or regulatory constraint?
Prediction: No visible text in the clip indicates a driving hazard, speed limit, or regulatory constraint.

[5/7] Category 5: semantic_area_inference
Question: What type of driving environment is suggested by the presence of storefronts, a gas station, and a car wash?
Prediction: The presence of storefronts, a gas station, and a car wash suggests a commercial and urban driving environment. This type of setting is typically found in city centers or suburban areas with high foot traffic and a mix of retail and service businesses. The environment is likely to be busy, with a variety of vehicles and pedestrians, and it may include a mix of residential and commercial zones.

[6/7] Category 6: cultural_language_inference
Question: What regional area code is shared by the phone numbers visible on the storefronts in this scene?
Prediction: The phone numbers visible on the storefronts in the scene are 212-555-1234 and 212-555-4567. Both numbers start with the area code 212, which is the area code for New York City. Therefore, the shared regional area code is 212.

[7/7] Category 7: entity_tracking_persistence
Question: At what timestamp does the car wash facility displaying the CAR and WASH signs first become clearer on the right?
Prediction: The car wash facility displaying the CAR and WASH signs first becomes clearer on the right at 0.0 seconds.

Saved predictions: benchmarks_results/results/Qwen3-VL-2B/VQA_Qwen3-VL-2B_998.json
Saved metrics: benchmarks_results/results/Qwen3-VL-2B/eval_results_998.csv

======================================================================
VIDEO 999
/home2/gagandeep/benchmark/videos/900/999.mp4
Questions: 7
======================================================================

[1/7] Category 1: spatial_ordinal_navigation
Question: What store is located to the left of the pharmacy named PIEKIELKO ONE PHARMACY?
Prediction: The store located to the left of the pharmacy named PIEKIELKO ONE PHARMACY is a store named Buffalo Joe's.

[2/7] Category 2: entity_aggregation_semantic_filtering
Question: How many distinct text entities are displayed on the corner building featuring BUFFALO JO'S?
Prediction: There are 3 distinct text entities displayed on the corner building featuring BUFFALO JO'S: "BUFFALO JO'S", "PINEAPPLE", and "WING".

[3/7] Category 3: temporal_sequencing_order
Question: What is the order in which FOREST, BUFFALO JO'S, and SPEED are encountered by the vehicle?
Prediction: The vehicle encounters FOREST first, followed by BUFFALO JO'S, and then SPEED.

[4/7] Category 4: navigational_reasoning_hazard_awareness
Question: What text on the road sign indicates a speed restriction after the vehicle turns left past the corner building?
Prediction: The text on the road sign indicates a speed restriction of 25 mph.

[5/7] Category 5: semantic_area_inference
Question: Based on the density of storefronts, pharmacies, and medical offices, what type of driving environment is depicted?
Prediction: The driving environment depicted is a densely populated urban area with a high concentration of commercial establishments. The presence of pharmacies, medical offices, and other businesses suggests a bustling city center or a densely populated neighborhood. The street is lined with various shops and businesses, indicating a high level of commercial activity. The presence of traffic lights and the road markings further support the idea of a busy urban setting.

[6/7] Category 6: cultural_language_inference
Question: Which telephone area code visible on the corner building's signage suggests the driving location is in New York City?
Prediction: The telephone area code visible on the corner building's signage is 212. This area code is commonly associated with New York City, indicating that the driving location is likely in New York City.

[7/7] Category 7: entity_tracking_persistence
Question: During which time range is the speed limit sign displaying SPEED visible as the vehicle continues forward?
Prediction: The speed limit sign displaying SPEED is visible from 0.0 to 0.3 seconds.

Saved predictions: benchmarks_results/results/Qwen3-VL-2B/VQA_Qwen3-VL-2B_999.json
Saved metrics: benchmarks_results/results/Qwen3-VL-2B/eval_results_999.csv

======================================================================
VIDEO 1000
/home2/gagandeep/benchmark/videos/900/1000.mp4
Questions: 7
======================================================================

[1/7] Category 1: spatial_ordinal_navigation
Question: As the vehicle drives forward from the wrapping business at 0.0s, what is the spatial position of the HOME TILE CENTER SHOWROOM relative to the LETTERS & WRAPS SIGN?
Prediction: The HOME TILE CENTER SHOWROOM is located to the right of the LETTERS & WRAPS SIGN.

[2/7] Category 2: entity_aggregation_semantic_filtering
Question: How many distinct text instances containing numbers, such as phone numbers or license plates, are mentioned in the clip?
Prediction: 2

[3/7] Category 3: temporal_sequencing_order
Question: What is the order in which the vehicle passes the LETTERS & WRAPS SIGN and the HOME TILE CENTER?
Prediction: The vehicle passes the LETTERS & WRAPS SIGN first, followed by the HOME TILE CENTER.

[4/7] Category 4: navigational_reasoning_hazard_awareness
Question: Does any visible text in the clip indicate a driving constraint or warning, and where is it located?
Prediction: Yes, the text "LETTERS & WRAPS" is visible on a sign on the right side of the road. This sign is located on the building next to the "HOME TILE CENTER" and "VEHICLE LETTERS & WRAPS" store. The text is clearly visible and indicates a business related to lettering and wrapping services.

[5/7] Category 5: semantic_area_inference
Question: Based on the density and type of storefronts and commercial vehicles, what kind of driving environment does this clip depict?
Prediction: The clip depicts a busy urban environment with a mix of commercial and residential buildings. The presence of businesses such as "Home Tile Center," "Letters & Wraps," and "Vehicle Wraps" suggests a commercial district, likely in a city or suburban area with a focus on services and retail. The presence of multiple white vans and a black sedan indicates a high volume of commercial and possibly delivery vehicles, which is common in urban areas with a high density of commercial activity. The traffic congestion and the presence of construction barriers suggest that the area is undergoing development or expansion, which is typical in urban settings. The overall scene reflects a typical day in

[6/7] Category 6: cultural_language_inference
Question: What language or script is the visible text on the storefronts and vehicles written in?
Prediction: The visible text on the storefronts and vehicles is written in English.

[7/7] Category 7: entity_tracking_persistence
Question: For what time range is the LETTERS & WRAPS SIGN visible before transitioning to the HOME TILE CENTER?
Prediction: The LETTERS & WRAPS SIGN is visible from 0.0 seconds to 0.2 seconds before transitioning to the HOME TILE CENTER.

Saved predictions: benchmarks_results/results/Qwen3-VL-2B/VQA_Qwen3-VL-2B_1000.json
Saved metrics: benchmarks_results/results/Qwen3-VL-2B/eval_results_1000.csv

======================================================================
FINAL SUMMARY
      model  videos_evaluated  questions_evaluated     ANLS  ANLS_star   BLEU_1  BERTScore_F1  mean_inference_time_sec
Qwen3-VL-2B               100                  700 0.143676   0.212807 0.097719      0.839918                  3.29057

Saved: benchmarks_results/results/Qwen3-VL-2B/summary.csv

Benchmark complete.
